listing_id,district,latitude,longitude,area_m2,bedrooms,bathrooms,floor,has_parking,has_elevator,is_furnished,building_age_years,dist_to_station_km,posted_date,price_pen
LIM-00001,San Miguel,-12.0925271282256,-77.09351278297187,69.5,1,2,4,False,True,False,38,7.665,2026-07-10,2050.0
LIM-00002,Magdalena del Mar,-12.09079568066728,-77.09688497566091,67.2,3,1,10,True,True,False,17,7.859,2026-03-19,2700.0
LIM-00003,Chorrillos,-12.173327810682153,-77.02883672226754,81.9,2,2,5,False,False,False,8,1.337,2026-03-01,2650.0
LIM-00004,Pueblo Libre,-12.069074410188268,-77.07457760799365,115.4,4,3,3,True,False,False,8,4.567,2026-06-21,4600.0
LIM-00005,Miraflores,-12.11544098230585,-77.03319833342168,87.2,2,2,12,True,False,True,14,2.124,2026-07-11,7050.0
LIM-00006,Ate,-12.057604049413015,-76.91096582853864,91.0,3,2,4,False,False,False,25,10.897,2026-02-13,1450.0
LIM-00007,San Miguel,-12.089106338148177,-77.0706129259531,102.5,2,2,2,False,False,False,3,5.537,2026-06-11,4800.0
LIM-00008,Surquillo,-12.106120874390795,-77.03467374953902,65.6,2,2,7,False,False,False,12,2.609,2026-08-01,2800.0
LIM-00009,Miraflores,-12.128652135326773,-77.03521732876304,85.3,2,1,8,False,True,False,11,2.201,2026-03-05,5550.0
LIM-00010,Magdalena del Mar,-12.128501781904061,-77.08645177023493,81.9,2,1,3,False,False,True,15,7.715,2026-08-07,3000.0
LIM-00011,Surco (Santiago de Surco),-12.127214936425393,-77.01021575353788,114.7,4,3,9,False,False,False,21,0.526,2026-02-25,5250.0
LIM-00012,San Martín de Porres,-12.011335135456825,-77.07945462776068,78.1,2,1,5,False,False,False,27,2.687,2026-07-07,1900.0
LIM-00013,Lince,-12.079494369465138,-77.03328224010575,47.2,1,1,8,True,False,False,8,2.147,2026-03-30,2450.0
LIM-00014,Surquillo,-12.097986137808196,-77.039265628165,86.9,2,1,6,True,True,True,15,3.115,2026-06-06,3600.0
LIM-00015,Magdalena del Mar,-12.095298850512856,-77.07548219366466,126.3,3,2,5,False,False,False,3,6.403,2026-08-02,6450.0
LIM-00016,Barranco,-12.137450810020038,-77.03586475191493,49.4,1,1,6,False,True,False,23,2.227,2026-03-06,2250.0
LIM-00017,San Borja,-12.106454427833565,-76.99845806737038,95.3,3,1,5,False,True,False,11,1.369,2026-04-06,5350.0
LIM-00018,San Isidro,-12.078150848062307,-77.02146604208153,73.6,2,1,20,False,True,False,17,0.856,2026-03-12,4450.0
LIM-00019,Surquillo,-12.127445285305084,-77.01194318446709,86.2,3,2,4,False,False,False,3,0.366,2026-02-23,3900.0
LIM-00020,Jesús María,-12.073698579764999,-77.04686979486712,86.6,2,1,2,False,False,False,14,2.637,2026-05-05,3350.0
LIM-00021,San Miguel,-12.069322060739504,-77.09914518908884,226.2,5,4,3,False,False,False,7,7.099,2026-06-24,
LIM-00022,Surco (Santiago de Surco),-12.13728494108412,-76.99419758818986,86.3,2,1,5,False,True,False,13,2.368,2026-05-26,4150.0
LIM-00023,Ate,-12.032573372040169,-76.90924094933303,150.5,4,2,6,False,False,False,9,10.361,2026-02-25,2900.0
LIM-00024,Los Olivos,-11.974084474474129,-77.0659300038863,148.5,4,3,10,False,True,True,11,0.397,2026-07-28,5750.0
LIM-00025,San Miguel,-12.052567546180454,-77.09399062516576,92.5,2,1,9,True,False,False,1,6.284,2026-08-06,4700.0
LIM-00026,Miraflores,-12.095633629948733,-77.02679148411274,75.9,2,1,12,True,True,False,45,1.75,2026-06-25,5200.0
LIM-00027,Magdalena del Mar,-12.092115136045273,-77.0914987418405,80.4,2,1,13,False,True,False,13,7.46,2026-04-17,4200.0
LIM-00028,San Isidro,-12.090568785835746,-77.04551204129733,85.3,2,1,15,True,True,False,24,3.745,2026-05-09,6100.0
LIM-00029,Miraflores ,-12.106799942772504,-77.02090928296944,107.8,3,2,16,True,True,True,16,1.166,2026-03-30,9850.0
LIM-00030,Lince,-12.099346368787609,-77.0231956045835,51.4,1,1,4,True,False,False,1,1.415,2026-07-10,
LIM-00031,San Miguel,-12.093144000174934,-77.09167681690992,74.1,3,2,3,False,False,False,14,7.544,2026-06-02,3050.0
LIM-00032,Ate,-12.031322973033708,-76.89825241118761,84.1,2,2,2,False,False,True,2,11.431,2026-04-17,2750.0
LIM-00033,Surco (Santiago de Surco),-12.131712138325524,-76.98890376700247,54.7,1,1,6,False,True,True,7,2.894,2026-08-09,2550.0
LIM-00034,surco (santiago de surco),-12.137718062951757,-76.99779753021436,125.1,3,2,16,False,False,False,12,1.992,2026-03-18,5500.0
LIM-00035,Magdalena del Mar,-12.095366520365426,-77.09033703303649,109.6,3,2,5,True,True,True,9,7.581,2026-03-19,7000.0
LIM-00036,Miraflores,-12.149732497668369,-77.01213520099965,61.2,1,1,6,False,False,False,4,0.502,2026-07-18,
LIM-00037,Miraflores,-12.123386747773484,-77.02015619051414,104.3,4,2,20,True,True,True,4,0.637,2026-05-05,9850.0
LIM-00038,Magdalena del Mar,-12.104536560870319,-77.05412026292483,47.0,2,1,8,False,False,False,22,4.622,2026-04-30,2800.0
LIM-00039,Barranco,-12.13838314039662,-76.99539783053395,70.5,2,1,7,False,False,True,25,2.243,2026-03-04,4400.0
LIM-00040,Lince,-12.073159630659392,-77.04874328368139,65.3,2,2,3,True,True,True,18,2.681,2026-05-24,3550.0
LIM-00041,Magdalena del Mar,-12.08857983719044,-77.09111200492953,80.2,3,2,3,False,False,False,26,7.2,2026-07-17,2750.0
LIM-00042,Surquillo,-12.10995449621441,-77.05185839895083,66.7,2,1,9,False,False,False,45,4.226,2026-05-15,2450.0
LIM-00043,Pueblo Libre,-12.091568160984645,-77.05207965435565,73.2,2,2,2,False,False,False,14,4.451,2026-07-03,2900.0
LIM-00044,Surco (Santiago de Surco),-12.127912283040038,-76.98712220775015,83.9,2,1,7,False,False,False,22,3.019,2026-07-28,3750.0
LIM-00045,Surquillo,-12.107147224653719,-77.01632665199848,62.8,2,1,11,True,True,False,11,0.684,2026-03-27,3600.0
LIM-00046,Surquillo,-12.099757688154774,-77.03221359877251,100.5,3,3,4,False,False,False,5,2.38,2026-04-12,4050.0
LIM-00047,La Molina,-12.061381482250837,-76.9462684042695,91.4,3,3,8,False,True,True,2,7.175,2026-04-15,7200.0
LIM-00048,Surco (Santiago de Surco),-12.15531072808286,-76.99278353405991,195.5,5,4,5,False,True,False,33,2.618,2026-04-14,11300.0
LIM-00049,Lince,-12.089761721907418,-77.02390729199745,55.5,1,1,16,False,False,False,6,1.585,2026-04-05,2300.0
LIM-00050,Miraflores,-12.130007199645892,-77.02612415702642,81.0,2,1,11,False,False,False,0,1.213,2026-06-15,4900.0
LIM-00051,Miraflores,-12.119029913739379,-77.02143438446011,90.0,3,2,17,False,True,False,7,0.843,2026-03-07,6350.0
LIM-00052,San Isidro,-12.097039177701385,-77.03818957043896,77.4,2,1,10,True,False,True,11,2.992,2026-05-25,8300.0
LIM-00053,Surquillo,-12.117508984876961,-77.0033222172729,101.2,3,3,6,True,False,False,45,1.139,2026-07-09,3800.0
LIM-00054,Lince,-12.072768747663186,-77.02571923907068,81.0,2,2,8,False,False,False,14,1.436,2026-03-09,2950.0
LIM-00055,Pueblo Libre,-12.086816970534171,-77.07734319684842,70.2,2,2,5,False,False,False,9,5.887,2026-04-15,2950.0
LIM-00056,San Miguel,-12.089893457608712,-77.07612935558812,121.0,3,2,9,True,False,False,23,6.019,2026-05-26,4150.0
LIM-00057,Magdalena del Mar,-12.107790703253176,-77.06099314172742,56.4,1,1,6,False,False,False,12,5.248,2026-05-27,2150.0
LIM-00058,Jesús María,-12.077923931049112,-77.04341430315537,66.8,2,1,9,False,False,False,10,2.945,2026-02-16,2550.0
LIM-00059,Miraflores,-12.135843082590942,-77.02603138754014,89.8,3,2,17,False,True,False,18,1.144,2026-07-22,7250.0
LIM-00060,Miraflores,-12.121682857865592,-77.00949666117346,96.9,4,3,10,True,False,True,9,0.644,2026-02-24,11350.0
LIM-00061,Lince,-12.087085882335572,-77.05289975439526,75.4,2,1,4,False,False,False,34,4.263,2026-08-01,2250.0
LIM-00062,Magdalena del Mar,-12.104938181367988,-77.06080530571128,74.9,2,1,12,False,True,False,33,5.304,2026-02-19,3150.0
LIM-00063,Jesús María,-12.063114804951326,-77.0547144803829,73.8,2,2,8,True,True,False,24,2.339,2026-05-20,3800.0
LIM-00064,San Miguel,-12.078114006339442,-77.07965787064308,112.0,3,2,5,True,False,True,6,5.523,2026-08-09,5050.0
LIM-00065,Jesús María,-12.060848231631619,-77.04755548983398,86.4,3,2,4,False,False,True,10,1.552,2026-03-08,4000.0
LIM-00066,San Borja,-12.110640598214452,-77.0135151122809,68.1,2,2,2,True,False,False,20,0.334,2026-03-06,5300.0
LIM-00067,Jesús María,-12.073890338658776,-77.05495823772044,59.4,2,2,7,False,True,False,10,3.142,2026-06-24,2400.0
LIM-00068,Surco (Santiago de Surco),-12.14175338885618,-76.98273925112201,154.2,4,3,7,False,False,False,9,3.583,2026-04-29,8850.0
LIM-00069,San Isidro,-12.097284558486427,-77.03922249457584,67.5,3,2,7,True,True,False,15,3.106,2026-06-29,6150.0
LIM-00070,Magdalena del Mar,-12.086953224326415,-77.08315782497661,85.1,2,1,4,False,False,False,6,6.39,2026-07-31,5350.0
LIM-00071,Barranco,-12.154336010787244,-77.02893806469353,107.9,3,2,6,False,False,True,11,1.396,2026-08-10,9050.0
LIM-00072,La Molina,-12.080579056449585,-76.9374930309332,130.8,4,3,7,False,False,True,8,7.497,2026-04-27,6550.0
LIM-00073,Chorrillos,-12.184452963532548,-76.99709237963832,64.3,2,1,9,True,True,False,4,2.331,2026-07-02,2100.0
LIM-00074,Barranco,-12.140291393213733,-77.04709060044763,50.6,1,1,8,False,True,False,16,3.418,2026-03-23,2750.0
LIM-00075,San Isidro,-12.104158869927744,-77.00309178663187,154.6,5,3,8,False,False,True,5,1.023,2026-06-07,15500.0
LIM-00076,Surco (Santiago de Surco),-12.124779841521251,-76.99255504525229,68.1,1,1,4,True,False,False,3,2.421,2026-05-21,2850.0
LIM-00077,Surco (Santiago de Surco),-12.134268281490796,-76.98803731037641,79.6,2,1,2,False,False,False,2,3.008,2026-05-22,4050.0
LIM-00078,Lince,-12.066848555199307,-77.03853514096576,76.6,3,2,3,False,True,False,17,1.627,2026-03-23,3450.0
LIM-00079,San Borja,-12.12214881271505,-76.99864218149828,83.9,2,1,6,False,False,False,5,1.721,2026-04-28,4500.0
LIM-00080,San Miguel,-12.095114121279742,-77.09048984385443,93.7,2,2,4,False,True,False,6,7.577,2026-03-11,4600.0
LIM-00081,Lince,-12.092494606951707,-77.04588915190804,42.5,1,1,7,False,True,False,23,3.844,2026-05-23,1850.0
LIM-00082,La Molina,-12.103415331376413,-76.95486817725909,102.8,3,2,7,True,True,False,2,5.775,2026-05-21,7550.0
LIM-00083,Surquillo,-12.131292818733138,-77.0032851895093,80.7,3,2,3,False,False,True,9,1.38,2026-06-18,5100.0
LIM-00084,Miraflores,-12.113641390874482,-77.0480281621443,93.3,3,2,10,True,False,True,6,3.748,2026-05-03,7400.0
LIM-00085,San Isidro,-12.097250145520952,-77.03140753076023,70.8,2,1,7,True,False,False,21,2.257,2026-02-21,5800.0
LIM-00086,Miraflores,-12.126856171720451,-77.03384620291243,54.1,2,1,9,True,True,False,8,2.075,2026-03-30,3900.0
LIM-00087,Pueblo Libre,-12.078243551167667,-77.07462848579371,80.3,2,1,3,False,False,False,6,5.071,2026-02-17,3550.0
LIM-00088,Magdalena del Mar,-12.102666851971916,-77.05203681777637,51.3,2,1,7,False,False,False,10,4.481,2026-08-10,2150.0
LIM-00089,Miraflores,-12.101295569986172,-77.04085403073513,113.1,4,3,7,True,False,True,12,3.335,2026-05-26,9700.0
LIM-00090,San Borja,-12.117126068491716,-77.01216122399681,94.6,3,2,14,True,True,False,3,0.189,2026-03-17,
LIM-00091,Miraflores,-12.136965606777,-77.03164367244224,60.0,2,2,7,False,False,False,6,1.766,2026-04-11,4750.0
LIM-00092,Pueblo Libre,-12.064047392590165,-77.07232270360923,53.5,1,1,3,True,False,False,22,4.136,2026-07-23,2650.0
LIM-00093,Magdalena del Mar,-12.098089067480174,-77.07562343211606,63.7,2,2,4,False,False,False,9,6.647,2026-04-26,2550.0
LIM-00094,La Molina,-12.062334715734185,-76.94333520844019,66.7,2,1,4,False,False,False,24,7.421,2026-04-09,2250.0
LIM-00095,Surco (Santiago de Surco),-12.141314467665529,-76.99218410321238,111.3,3,2,2,True,False,False,32,2.557,2026-08-04,5650.0
LIM-00096,Jesús María,-12.06344818984292,-77.05048669016693,61.9,2,1,13,False,True,True,25,1.981,2026-06-19,3500.0
LIM-00097,Surco (Santiago de Surco),-12.122013632032807,-77.00342594043711,108.0,3,3,9,True,True,False,26,1.226,2026-02-15,8550.0
LIM-00098,San Isidro,-12.103456029986425,-77.02897916348785,101.0,2,2,11,False,False,False,12,2.115,2026-02-20,7750.0
LIM-00099,Miraflores,-12.130015049214908,-77.03074031319805,102.2,4,3,8,False,False,True,5,1.691,2026-03-23,
LIM-00100,Ate,-12.03750360162883,-76.92194740774465,99.7,3,2,2,True,False,False,23,9.344,2026-02-15,2650.0
LIM-00101,San Martín de Porres,-11.992001296985034,-77.06284007561084,129.0,4,2,1,False,False,False,28,0.728,2026-06-24,2650.0
LIM-00102,Pueblo Libre,-12.090527321208532,-77.0645557435247,116.9,3,2,5,True,False,False,16,5.242,2026-07-13,
LIM-00103,Surco (Santiago de Surco),-12.148541227635656,-76.98189616078204,103.2,2,2,7,True,False,False,8,3.746,2026-03-10,6450.0
LIM-00104,Ate,-12.076837160059377,-76.90127793863468,101.9,3,2,3,False,False,False,8,11.456,2026-04-27,2100.0
LIM-00105,San Miguel,-12.070255357752256,-77.07734792597489,65.3,2,2,15,False,True,True,27,4.895,2026-03-02,2350.0
LIM-00106,Pueblo Libre,-12.076741926317629,-77.05480610630268,54.7,2,2,2,False,False,True,4,3.379,2026-08-07,2100.0
LIM-00107,Magdalena del Mar,-12.097445805051702,-77.0757076019625,117.6,3,2,6,False,True,True,1,6.599,2026-06-16,6150.0
LIM-00108,Surco (Santiago de Surco),-12.155297329172422,-76.99576850028782,115.3,2,1,2,False,False,False,17,2.299,2026-02-20,4850.0
LIM-00109,Miraflores,-12.134277228237073,-77.0323294414218,93.4,3,2,8,True,True,True,11,1.808,2026-02-27,8250.0
LIM-00110,San Martín de Porres,-12.004635506950812,-77.10660274804016,74.5,2,1,3,False,False,False,22,5.216,2026-02-17,1600.0
LIM-00111,Magdalena del Mar,-12.103567907201773,-77.06707431833102,131.2,4,2,3,False,False,False,13,6.001,2026-08-06,6550.0
LIM-00112,Miraflores,-12.119685967093789,-77.02646641320338,69.7,2,1,6,False,False,False,17,1.395,2026-05-21,4450.0
LIM-00113,Surco (Santiago de Surco),-12.127998382480419,-76.98509370880551,73.5,2,2,6,False,True,False,22,3.24,2026-04-20,3150.0
LIM-00114,Jesús María,-12.046364649168579,-77.05040401861767,66.6,2,1,5,False,False,True,20,1.684,2026-06-12,2600.0
LIM-00115,Miraflores,-12.121340204360372,-77.02142209805655,124.0,4,3,7,False,True,False,14,0.868,2026-03-10,9250.0
LIM-00116,Chorrillos,-12.161315168042837,-77.03463008475434,57.5,2,1,9,False,True,False,34,1.918,2026-04-19,2250.0
LIM-00117,San Miguel,-12.087359673323759,-77.10683118731113,61.3,2,2,9,False,False,False,29,8.608,2026-07-27,2200.0
LIM-00118,Pueblo Libre,-12.093699355779705,-77.09281453919667,189.6,5,3,3,True,False,False,25,7.68,2026-03-24,10100.0
LIM-00119,Magdalena del Mar,-12.099727619760522,-77.07731219034997,105.4,3,2,3,True,False,False,10,6.905,2026-04-08,3950.0
LIM-00120,Jesús María,-12.092772660614491,-77.05827030705335,63.3,2,1,4,False,False,False,9,5.09,2026-02-24,2400.0
LIM-00121,Jesús María,-12.073423921993971,-77.05984058250205,56.6,2,2,7,False,False,False,4,3.475,2026-02-25,2100.0
LIM-00122,Lince,-12.094465449494104,-77.02928417146441,39.8,1,1,5,False,False,False,17,2.026,2026-05-27,1550.0
LIM-00123,San Isidro,-12.120651256641056,-77.04180608633037,87.7,3,2,10,False,False,True,11,2.989,2026-08-04,8250.0
LIM-00124,La Molina,-12.065967698249677,-76.96239709208164,138.9,4,3,11,False,True,False,35,5.379,2026-05-30,7850.0
LIM-00125,San Isidro,-12.103650740557265,-77.00616279872698,138.2,4,3,6,True,True,False,31,0.828,2026-05-21,12950.0
LIM-00126,San Borja,-12.12795143163533,-76.99904412744586,49.1,2,2,3,False,False,False,5,1.731,2026-05-11,3300.0
LIM-00127,Surco (Santiago de Surco),-12.124221938513912,-77.00799795663524,62.2,2,1,8,False,True,False,3,0.758,2026-04-28,3300.0
LIM-00128,Miraflores,-12.129843372350471,-77.03743802553119,72.2,1,1,6,True,False,False,6,2.406,2026-07-05,5050.0
LIM-00129,Miraflores,-12.108018007595712,-77.0314777156281,183.0,5,4,10,True,True,False,37,2.203,2026-03-07,12500.0
LIM-00130,Jesús María,-12.082400732016138,-77.0511029515471,106.2,3,2,7,True,False,False,45,3.709,2026-08-08,5750.0
LIM-00131,Miraflores,-12.127590772283154,-77.01377402872345,84.5,3,2,14,False,True,False,20,0.238,2026-04-07,7150.0
LIM-00132,San Martín de Porres,-11.994762019486275,-77.08155315949159,60.8,3,2,4,False,True,True,22,2.45,2026-03-07,1600.0
LIM-00133,Jesús María,-12.066481367431551,-77.02673750193759,40.6,2,1,6,False,False,True,4,0.899,2026-08-04,2200.0
LIM-00134,Surco (Santiago de Surco),-12.125778195151913,-77.00018907532815,96.2,3,2,6,True,False,False,13,1.588,2026-05-23,6000.0
LIM-00135,Jesús María,-12.074676893664753,-77.04388276751689,77.5,2,1,16,False,True,False,37,2.614,2026-06-18,2750.0
LIM-00136,San Isidro,-12.090856599341345,-77.02443623766806,78.0,2,1,20,False,True,False,7,1.591,2026-04-08,6150.0
LIM-00137,Callao,-12.047652456716918,-77.10375817234346,75.3,2,1,4,False,False,False,19,7.366,2026-03-25,1750.0
LIM-00138,Magdalena del Mar,-12.093093170337196,-77.05995753339086,61.4,3,2,5,False,False,True,22,5.21,2026-03-24,3550.0
LIM-00139,San Miguel,-12.079111897359173,-77.09606414089056,57.0,2,1,4,False,False,False,6,7.155,2026-06-12,2100.0
LIM-00140,San Isidro,-12.114543539378774,-77.0367658711233,132.6,4,3,12,True,False,False,18,2.521,2026-06-01,12450.0
LIM-00141,Magdalena del Mar,-12.088309910118639,-77.10545307079876,58.7,2,1,13,False,True,False,2,8.524,2026-02-12,2500.0
LIM-00142,San Borja,-12.107793915610307,-77.0009521204632,82.4,2,1,10,True,True,True,9,1.07,2026-06-02,5150.0
LIM-00143,Callao,-12.061563390228208,-77.10500494986483,83.9,2,1,9,False,True,False,10,7.551,2026-03-22,1900.0
LIM-00144,Jesús María,-12.0582668036369,-77.03823796224174,100.3,2,1,9,True,False,False,10,0.689,2026-02-15,5800.0
LIM-00145,Magdalena del Mar,-12.112634003594959,-77.07673784545212,59.4,2,1,3,True,False,False,10,6.866,2026-07-14,3100.0
LIM-00146,Surco (Santiago de Surco),-12.115271564215622,-76.97461032668484,129.9,4,3,18,False,True,False,28,3.962,2026-03-16,7300.0
LIM-00147,Surco (Santiago de Surco),-12.135267279343614,-76.99960806341214,78.9,3,2,7,True,True,False,8,1.756,2026-07-14,5000.0
LIM-00148,San Borja,-12.104489781857964,-77.00719367788824,85.5,2,2,16,True,True,True,45,0.688,2026-03-28,
LIM-00149,Magdalena del Mar,-12.100240529374362,-77.08131794082271,132.0,4,2,12,False,True,False,9,7.236,2026-06-02,6250.0
LIM-00150,San Isidro,-12.11720487495028,-77.05016958029803,62.3,2,2,5,False,False,False,4,3.954,2026-07-16,5800.0
LIM-00151,SURQUILLO,-12.11637531878159,-77.01003125961955,81.9,2,1,5,False,False,False,7,0.435,2026-03-26,3600.0
LIM-00152,Los Olivos,-11.964883061117286,-77.0680382182607,121.4,4,3,3,True,True,False,24,0.978,2026-06-29,3500.0
LIM-00153,Miraflores,-12.112985294643169,-77.02208024664351,82.8,2,2,6,False,False,True,13,1.042,2026-03-05,6200.0
LIM-00154,San Borja,-12.110676398381267,-77.00357245382317,86.7,3,2,9,True,False,False,15,0.772,2026-02-20,5650.0
LIM-00155,Miraflores,-12.147410478094454,-77.03009687575206,148.1,5,4,2,True,False,False,9,1.537,2026-03-01,12500.0
LIM-00156,Lince,-12.103599936134993,-77.05944102468091,67.7,2,1,9,False,True,False,3,5.204,2026-05-22,3450.0
LIM-00157,Surco (Santiago de Surco),-12.11037576451484,-76.99048529338427,101.4,3,2,3,True,True,True,1,2.188,2026-05-15,7450.0
LIM-00158,Lince,-12.098210431805265,-77.03211390253928,61.1,2,2,3,False,True,False,6,2.344,2026-08-03,2500.0
LIM-00159,Pueblo Libre,-12.05647540650113,-77.07630633193793,78.7,3,3,6,False,False,False,10,4.385,2026-04-26,2950.0
LIM-00160,San Miguel,-12.088609040849011,-77.09405589038504,106.2,2,1,8,True,False,False,9,7.469,2026-03-13,3500.0
LIM-00161,Miraflores,-12.123289470916735,-77.03249419162483,68.7,1,1,14,True,True,True,8,1.942,2026-06-18,6050.0
LIM-00162,San Martín de Porres,-11.991397500884801,-77.05942825677991,45.8,1,1,10,True,False,False,11,0.679,2026-08-04,1700.0
LIM-00163,Barranco,-12.15924233335897,-77.03413352361753,82.5,2,1,16,False,False,True,23,1.887,2026-07-10,4950.0
LIM-00164,San Isidro,-12.078093418370893,-77.0327228858536,60.2,2,1,12,False,True,False,8,2.079,2026-06-05,4750.0
LIM-00165,San Borja,-12.10739125970318,-77.01168922023214,114.1,3,2,10,True,False,False,18,0.283,2026-03-31,7750.0
LIM-00166,Surco (Santiago de Surco),-12.129469789844403,-77.00169448132885,95.0,3,2,10,True,True,False,11,1.485,2026-06-05,5500.0
LIM-00167,Surquillo,-12.117911284096229,-77.01417817255569,87.9,2,1,2,False,False,True,40,0.047,2026-03-26,2950.0
LIM-00168,Surquillo,-12.106795356555795,-77.02003635589035,48.0,2,1,5,False,False,False,16,1.076,2026-06-15,1600.0
LIM-00169,Surco (Santiago de Surco),-12.1160544871218,-76.99507189027457,80.0,3,2,12,True,False,False,4,1.83,2026-07-22,4450.0
LIM-00170,Callao,-12.058175431251478,-77.11410733470122,76.2,2,2,2,False,False,False,9,8.496,2026-03-26,2500.0
LIM-00171,Surco (Santiago de Surco),-12.11424344651101,-77.00092427485438,59.1,2,2,3,True,False,False,13,1.167,2026-04-26,3750.0
LIM-00172,San Borja,-12.115639149700549,-76.98799024158221,128.4,4,3,5,True,True,False,18,2.545,2026-07-15,7050.0
LIM-00173,Barranco,-12.14023084752778,-77.02506575691885,41.6,1,1,6,True,False,True,13,1.037,2026-04-14,3750.0
LIM-00174,Callao,-12.050730627965082,-77.11927066553864,120.8,5,4,4,False,False,False,4,8.816,2026-07-14,4650.0
LIM-00175,Miraflores,-12.13392298487219,-77.02506426470494,85.9,2,1,12,True,False,True,8,1.018,2026-04-16,8000.0
LIM-00176,San Isidro,-12.094634283544353,-77.03397599758601,79.8,2,1,15,True,False,False,13,2.534,2026-05-21,5800.0
LIM-00177,Magdalena del Mar,-12.095411608745795,-77.06796926490549,87.1,2,1,8,False,True,False,21,5.9,2026-05-15,3800.0
LIM-00178,Comas,-11.953238306115322,-77.05819642718218,105.2,3,2,8,False,False,False,36,2.159,2026-02-19,2650.0
LIM-00179,Los Olivos,-11.96460397078967,-77.06587163206133,77.4,2,2,3,False,False,False,19,0.894,2026-04-05,1850.0
LIM-00180,San Miguel,-12.075644525446698,-77.09670447016998,85.8,2,2,4,False,False,False,23,7.069,2026-08-01,2900.0
LIM-00181,Los Olivos,-11.969771043367686,-77.08432525317703,111.2,4,2,2,True,False,True,6,2.345,2026-05-13,4250.0
LIM-00182,Los Olivos,-11.969722929628704,-77.08863166683304,65.0,2,1,4,False,False,False,23,2.811,2026-03-18,1550.0
LIM-00183,San Borja,-12.109380123107083,-77.01864852177171,100.5,3,1,3,True,True,False,20,0.876,2026-06-02,4700.0
LIM-00184,Surco (Santiago de Surco),-12.139412395454956,-76.97384727938726,41.0,2,1,4,False,False,False,14,4.559,2026-02-18,1600.0
LIM-00185,San Miguel,-12.07572199085982,-77.11935328093072,42.1,1,1,9,False,True,True,28,9.407,2026-07-11,1350.0
LIM-00186,Lince,-12.092826970548366,-77.01897531801227,81.5,3,3,3,False,False,False,14,0.959,2026-08-09,3500.0
LIM-00187,La Molina,-12.05491828610236,-76.95505042813556,96.2,2,2,13,False,True,False,13,6.551,2026-03-08,6550.0
LIM-00188,Miraflores,-12.138011998945585,-77.01516270833456,57.1,2,2,6,True,False,False,12,0.447,2026-07-01,5700.0
LIM-00189,San Miguel,-12.084416832926815,-77.11923048033498,76.7,2,1,10,True,False,False,22,9.705,2026-02-13,2950.0
LIM-00190,Barranco,-12.155468905254923,-77.0242211268226,61.7,2,1,6,True,False,False,7,0.964,2026-07-31,4650.0
LIM-00191,Callao,-12.032114079028105,-77.10065170716369,61.9,1,1,6,False,False,False,15,5.928,2026-03-30,1600.0
LIM-00192,Barranco,-12.16524161579973,-77.0128414852383,41.4,2,2,8,False,True,True,26,0.578,2026-05-04,2850.0
LIM-00193,Miraflores,-12.115988932424166,-77.03344718552829,40.0,1,1,12,False,True,True,4,2.144,2026-02-16,3350.0
LIM-00194,Surquillo,-12.11171927121944,-77.04081572761834,82.3,3,2,2,True,True,False,10,3.011,2026-02-20,3350.0
LIM-00195,Miraflores,-12.117096772343906,-77.04526986226581,65.5,1,1,8,True,False,False,7,3.422,2026-03-27,4100.0
LIM-00196,Miraflores,-12.106263882048669,-77.01273023484129,102.3,3,2,15,True,False,True,9,0.447,2026-03-13,9650.0
LIM-00197,Jesús María,-12.059010047683035,-77.05317889441505,69.7,3,2,6,False,True,False,5,1.987,2026-04-26,3100.0
LIM-00198,Los Olivos,-11.97431148191824,-77.07236188924097,98.6,4,3,3,True,True,False,5,1.058,2026-04-22,3300.0
LIM-00199,Miraflores,-12.118771790606072,-77.02599757874357,72.0,1,1,5,False,False,False,7,1.331,2026-04-25,5350.0
LIM-00200,Surco (Santiago de Surco),-12.157369224385825,-77.01063406695705,96.4,2,1,4,False,False,False,3,0.863,2026-02-22,
LIM-00201,San Miguel,-12.076210883897737,-77.08791251784191,80.4,2,2,11,False,False,False,8,6.215,2026-08-03,2750.0
LIM-00202,Ate,-12.055927873133983,-76.92103538576802,79.8,3,2,5,True,False,False,32,9.934,2026-05-19,1900.0
LIM-00203,San Borja,-12.110536589111526,-76.99507556657309,60.7,2,1,2,False,False,True,2,1.69,2026-08-04,3300.0
LIM-00204,Miraflores,-12.141324462377801,-77.03633661104644,95.8,3,2,13,True,False,False,15,2.245,2026-02-14,6600.0
LIM-00205,San Isidro,-12.092341532559372,-77.05557739272074,141.5,4,2,9,False,False,False,5,4.838,2026-06-22,12900.0
LIM-00206,Barranco,-12.169758824346907,-77.02652847038175,119.0,3,2,7,True,True,False,8,1.343,2026-07-05,8400.0
LIM-00207,Miraflores,-12.119320584718501,-77.0217106685947,62.8,1,1,13,True,True,False,5,0.879,2026-02-20,4650.0
LIM-00208,Lince,-12.09981806711627,-77.02857127893107,53.8,1,1,10,False,False,True,4,1.994,2026-03-20,3000.0
LIM-00209,Miraflores,-12.13129569242163,-77.02902882959198,62.8,3,2,7,False,False,False,10,1.478,2026-07-11,3550.0
LIM-00210,San Borja,-12.094443214769457,-76.98782241776387,85.1,3,2,10,False,False,False,6,2.057,2026-07-29,4150.0
LIM-00211,Pueblo Libre,-12.066544984649036,-77.06554312815054,73.8,3,2,7,False,True,False,20,3.557,2026-03-02,2450.0
LIM-00212,Jesús María,-12.059809562347954,-77.04832468423183,58.1,1,1,3,False,False,False,7,1.555,2026-08-10,2350.0
LIM-00213,Miraflores,-12.102383274409984,-77.03515720255632,46.7,1,1,10,False,False,True,45,2.758,2026-04-28,2500.0
LIM-00214,Surquillo,-12.123974064485676,-77.00602058427896,66.0,2,1,5,False,False,False,9,0.974,2026-05-13,3250.0
LIM-00215,Pueblo Libre,-12.055612340050711,-77.05960165742735,25.0,1,1,3,True,False,False,16,2.57,2026-04-23,700.0
LIM-00216,San Miguel,-12.094986067874148,-77.09948349732208,75.5,2,1,8,False,False,False,23,8.353,2026-03-21,2750.0
LIM-00217,Miraflores,-12.112146795985462,-77.04726835695833,55.4,1,1,5,True,False,False,10,3.691,2026-03-02,3800.0
LIM-00218,Miraflores,-12.1270200525752,-77.01614046470121,96.3,3,2,7,True,False,False,19,0.207,2026-08-02,7800.0
LIM-00219,San Martín de Porres,-12.010063601711673,-77.08952878061422,125.8,4,2,19,True,True,False,7,3.582,2026-04-24,3350.0
LIM-00220,La Molina,-12.079426361592347,-76.94433522777013,155.0,5,4,5,True,False,False,8,6.778,2026-03-21,9350.0
LIM-00221,Surco (Santiago de Surco),-12.123660581697969,-76.96676880380227,85.0,3,2,6,True,False,False,16,5.012,2026-02-14,3850.0
LIM-00222,Magdalena del Mar,-12.084516779360241,-77.0660818854992,54.2,1,1,3,False,False,False,11,4.828,2026-02-24,2750.0
LIM-00223,Lince,-12.082521681333263,-77.01396620493408,52.4,2,1,2,False,False,False,25,0.515,2026-08-10,1700.0
LIM-00224,Callao,-12.055016512384048,-77.12455749775049,93.2,2,1,13,True,True,False,11,9.562,2026-08-03,2650.0
LIM-00225,Surco (Santiago de Surco),-12.128677600971601,-76.98214828323816,56.1,2,2,14,False,True,True,41,3.565,2026-07-02,4000.0
LIM-00226,San Martín de Porres,-11.995254831093794,-77.08027997208458,140.6,3,2,1,False,False,False,18,2.306,2026-07-27,3750.0
LIM-00227,San Isidro,-12.09070372992497,-77.03230779695078,76.5,2,1,20,False,True,True,34,2.417,2026-08-06,
LIM-00228,San Borja,-12.105852006466671,-76.97434989944352,105.6,4,3,17,False,True,False,5,3.909,2026-03-16,7950.0
LIM-00229,Jesús María,-12.063486594105925,-77.0523437498898,45.2,2,1,7,False,False,False,8,2.145,2026-05-21,2100.0
LIM-00230,Miraflores,-12.140626493678605,-77.02916894655587,55.8,2,1,6,True,True,False,9,1.472,2026-07-13,4100.0
LIM-00231,Miraflores,-12.122675281701037,-77.0402385758181,40.8,1,1,16,False,True,True,10,2.786,2026-03-25,3550.0
LIM-00232,La Molina,-12.103406157926146,-76.9345383773291,152.5,4,3,10,False,True,False,12,7.923,2026-07-13,10300.0
LIM-00233,Ate,-12.043079575788742,-76.92272752277944,87.4,2,1,13,False,True,False,45,9.582,2026-04-30,1700.0
LIM-00234,Jesús María,-12.053896837889756,-77.03672747501018,96.0,3,1,17,False,True,True,23,0.176,2026-05-08,4600.0
LIM-00235,Callao,-12.062289017383364,-77.13789895890093,86.7,3,2,4,False,False,True,4,11.113,2026-04-17,2550.0
LIM-00236,Surquillo,-12.113172975636433,-77.01091634313799,75.5,3,2,6,False,True,False,33,0.388,2026-04-23,3100.0
LIM-00237,Magdalena del Mar,-12.08642215942094,-77.08342431967276,70.0,2,1,4,False,False,True,8,6.378,2026-05-10,4000.0
LIM-00238,Surquillo,-12.139512675181198,-77.00873378832803,60.9,2,2,3,False,True,False,11,0.806,2026-06-19,2700.0
LIM-00239,San Isidro,-12.10346532578573,-77.03686271007425,82.5,3,2,9,True,True,False,8,2.938,2026-03-22,6500.0
LIM-00240,Miraflores,-12.116725812088726,-77.03582406697842,85.4,2,1,12,False,True,True,17,2.397,2026-05-06,8500.0
LIM-00241,Surquillo,-12.149463936707887,-77.0221387154025,74.6,1,1,16,False,True,False,4,0.643,2026-04-22,2750.0
LIM-00242,Surquillo,-12.126421701916898,-77.0277046596007,159.8,5,3,3,False,False,False,45,1.405,2026-07-10,5850.0
LIM-00243,Barranco,-12.136189704319424,-77.01134654693615,119.9,3,1,8,False,True,False,7,0.537,2026-05-11,7900.0
LIM-00244,San Borja,-12.096264037194592,-77.0111836481931,50.9,1,1,12,True,False,False,11,0.074,2026-08-06,2950.0
LIM-00245,Jesús María,-12.06910818127156,-77.0522049436648,76.4,1,1,7,False,False,True,7,2.546,2026-07-10,4000.0
LIM-00246,Chorrillos,-12.164113628320681,-77.01395712504358,72.0,3,3,7,False,True,True,3,0.406,2026-07-29,3500.0
LIM-00247,Jesús María,-12.071018749186944,-77.02963806569463,120.5,3,2,6,True,False,False,2,1.479,2026-03-27,7100.0
LIM-00248,La Molina,-12.080135261110692,-76.9453115832107,99.4,3,1,4,True,False,False,22,6.661,2026-05-29,4850.0
LIM-00249,La Molina,-12.090587844506087,-76.94811012703846,127.6,4,3,13,False,True,True,16,6.286,2026-04-25,
LIM-00250,La Molina,-12.085410247804935,-76.94191638161861,52.1,1,1,9,True,False,False,8,6.968,2026-07-09,3700.0
LIM-00251,Lince,-12.092688444636991,-77.05818157058809,41.9,1,1,4,True,False,True,15,5.078,2026-07-27,2000.0
LIM-00252,Chorrillos,-12.159538199869813,-77.0324837484083,160.2,5,4,4,True,False,False,6,1.705,2026-04-18,5350.0
LIM-00253,Magdalena del Mar,-12.077241287085974,-77.08020439798653,79.3,3,2,4,True,False,False,8,5.525,2026-06-07,4600.0
LIM-00254,Barranco,-12.132841046391635,-77.0299556298088,50.9,1,1,11,True,False,False,5,1.554,2026-05-04,3950.0
LIM-00255,Barranco,-12.154297305140135,-77.04060999947092,75.7,2,2,3,False,True,False,4,2.643,2026-04-03,4100.0
LIM-00256,San Miguel,-12.088845288472381,-77.08250665618598,55.7,2,1,4,False,True,False,5,6.463,2026-04-24,1850.0
LIM-00257,Surquillo,-12.099376316070996,-77.0143829192453,59.4,2,2,4,False,True,False,5,0.564,2026-03-22,2400.0
LIM-00258,Miraflores,-12.114573113568904,-77.02771681703261,47.1,1,1,8,False,True,True,15,1.552,2026-07-22,3250.0
LIM-00259,San Isidro,-12.093256987901718,-77.04502789381385,66.0,2,1,6,True,True,False,11,3.743,2026-05-25,5250.0
LIM-00260,Jesús María,-12.081203585019342,-77.04804728442404,70.0,2,1,6,False,False,False,9,3.452,2026-02-27,2950.0
LIM-00261,Miraflores,-12.11599203424836,-77.0232266064867,107.4,3,3,4,False,False,False,13,1.042,2026-07-06,7850.0
LIM-00262,Surquillo,-12.127723336715942,-77.02067875264684,75.4,3,2,8,False,True,False,6,0.678,2026-03-08,3950.0
LIM-00263,Surco (Santiago de Surco),-12.127391251727051,-76.98966513312912,116.5,4,3,15,True,True,True,4,2.739,2026-05-11,10800.0
LIM-00264,Miraflores,-12.104553359604726,-77.0389527257819,74.4,3,2,11,False,True,False,6,3.101,2026-06-06,4750.0
LIM-00265,San Martín de Porres,-11.979327453473106,-77.07943017624413,1104.1,3,2,2,False,False,False,13,1.969,2026-05-25,3000.0
LIM-00266,Miraflores,-12.112597711350682,-77.01569002060488,56.7,2,1,12,False,True,True,6,0.603,2026-05-24,5750.0
LIM-00267,Surco (Santiago de Surco),-12.151584258595454,-76.9802157635571,75.1,2,1,6,False,False,False,11,3.944,2026-02-25,4200.0
LIM-00268,Miraflores,-12.118732038428648,-77.0134689343406,85.4,3,2,11,True,False,True,10,0.12,2026-05-22,6850.0
LIM-00269,Miraflores,-12.095423819071307,-77.0259731790148,68.6,2,2,10,False,True,False,8,1.661,2026-07-17,5250.0
LIM-00270,San Isidro,-12.107623339085308,-77.0363206325417,84.6,2,2,15,True,True,True,3,2.693,2026-05-25,10000.0
LIM-00271,San Isidro,-12.097910178874923,-77.04208546699391,80.7,2,1,12,True,False,True,7,3.42,2026-03-19,6750.0
LIM-00272,Miraflores,-12.104137707778388,-77.0510898170782,112.0,3,2,8,False,True,False,14,4.326,2026-05-28,7400.0
LIM-00273,San Isidro,-12.089794392935119,-77.0528387963568,129.1,4,2,7,False,True,True,21,4.467,2026-07-03,12550.0
LIM-00274,Jesús María,-12.043838124106179,-77.05101665966359,65.5,1,1,5,False,False,False,20,1.871,2026-05-13,2500.0
LIM-00275,Lince,-12.093894432598743,-77.03459946138953,38.7,1,1,10,False,False,False,19,2.607,2026-02-13,1650.0
LIM-00276,La Molina,-12.09867706942889,-76.92825332365432,87.6,2,1,6,False,True,False,4,8.511,2026-04-21,5950.0
LIM-00277,Surco (Santiago de Surco),-12.120310494769978,-76.97922241044749,71.3,2,1,9,False,True,False,26,3.61,2026-04-25,3300.0
LIM-00278,San Borja,-12.122650543539258,-77.00683783369783,117.4,3,1,10,True,False,False,5,0.93,2026-05-21,7200.0
LIM-00279,Los Olivos,-11.97126121586581,-77.06168009141894,118.1,2,2,4,True,True,False,8,0.162,2026-02-25,4750.0
LIM-00280,Chorrillos,-12.175487758538315,-77.02382482637489,59.0,2,2,4,False,False,False,12,0.742,2026-06-27,2200.0
LIM-00281,San Isidro,-12.08476812631937,-77.02850860388395,66.8,1,1,10,False,True,False,24,1.792,2026-02-22,4500.0
LIM-00282,Miraflores,-12.113728784383698,-77.01972778726271,46.7,1,1,4,True,False,False,5,0.781,2026-04-24,3700.0
LIM-00283,Barranco,-12.143915221029877,-77.00649488625423,73.1,2,2,10,True,False,True,45,1.023,2026-05-13,5700.0
LIM-00284,Barranco,-12.154229170534819,-77.02731172025739,69.0,3,2,6,False,False,False,10,1.223,2026-06-14,4600.0
LIM-00285,Jesús María,-12.059019951771017,-77.03682835575384,103.0,2,1,7,True,False,False,10,0.739,2026-07-26,4550.0
LIM-00286,La Molina,-12.038490111487272,-76.96767376843346,129.0,3,1,5,False,False,False,12,5.594,2026-07-25,7000.0
LIM-00287,San Isidro,-12.088904614812925,-77.02114541182154,103.3,3,2,18,False,True,False,21,1.37,2026-07-11,7550.0
LIM-00288,La Molina,-12.085603933509438,-76.94550020067382,67.2,2,1,14,False,False,False,19,6.578,2026-05-30,3000.0
LIM-00289,San Borja,-12.123874355651905,-76.99864473597583,73.7,3,2,10,False,True,False,4,1.768,2026-06-16,3700.0
LIM-00290,Miraflores,-12.128749777391807,-77.05384923806828,101.6,4,3,3,False,False,False,16,4.187,2026-04-26,8550.0
LIM-00291,Chorrillos,-12.177264522807368,-77.02276399064698,69.0,2,2,4,False,False,False,16,0.578,2026-07-25,2600.0
LIM-00292,San Isidro,-12.103615202883207,-77.02043424720463,50.5,2,1,15,True,True,True,27,1.265,2026-06-25,4150.0
LIM-00293,San Martín de Porres,-11.999092934014323,-77.08572042270043,116.6,3,2,15,True,True,False,2,2.89,2026-07-02,3950.0
LIM-00294,Miraflores,-12.099763807078313,-77.0208384468683,62.3,1,1,5,False,True,False,30,1.187,2026-02-14,
LIM-00295,Chorrillos,-12.15973399699157,-77.01768533846743,115.2,3,2,1,False,False,False,25,0.263,2026-03-30,4300.0
LIM-00296,San Martín de Porres,-12.00080599259762,-77.0678479703248,89.5,2,2,3,False,False,False,23,1.01,2026-03-03,2050.0
LIM-00297,Ate,-12.060899359335991,-76.91370198841754,84.2,2,1,2,True,False,False,34,10.501,2026-03-19,1600.0
LIM-00298,Surquillo,-12.09865158828517,-77.02868173837318,100.5,2,2,7,False,True,False,26,1.981,2026-06-26,3400.0
LIM-00299,San Miguel,-12.077988651281537,-77.09212259184181,51.4,2,1,3,False,True,False,17,6.714,2026-05-21,2000.0
LIM-00300,Lince,-12.10581800510723,-77.01408539715558,107.6,3,2,4,False,False,True,10,0.574,2026-03-01,4650.0
LIM-00301,San Miguel,-12.068850838578085,-77.08682825906357,63.6,1,1,4,False,True,False,4,5.801,2026-02-28,3300.0
LIM-00302,Miraflores,-12.108791759789199,-77.03079735568753,79.0,3,2,10,False,True,False,5,2.097,2026-07-01,6400.0
LIM-00303,San Borja,-12.137410900859216,-76.9715310741704,95.1,2,2,10,True,True,False,31,4.817,2026-02-24,6300.0
LIM-00304,San Borja,-12.118194655705596,-76.98468941156926,78.5,2,1,5,False,False,False,9,2.971,2026-03-14,3800.0
LIM-00305,Chorrillos,-12.176025448135691,-77.00829919301522,64.3,1,1,6,False,False,False,10,1.024,2026-06-24,2250.0
LIM-00306,Magdalena del Mar,-12.086685869064295,-77.07189189041706,69.3,3,2,2,True,False,False,15,5.44,2026-07-04,3050.0
LIM-00307,La Molina,-12.092988959015491,-76.93643671398299,79.5,2,1,14,True,True,False,9,7.566,2026-07-28,3500.0
LIM-00308,Lince,-12.095085702823688,-77.0241472151218,127.4,3,3,4,True,True,False,15,1.464,2026-06-09,7000.0
LIM-00309,surco (santiago de surco),-12.126273969003837,-77.02119378414663,81.4,1,1,12,False,True,False,10,0.698,2026-02-23,5100.0
LIM-00310,Miraflores,-12.12671986847977,-77.02466076544604,108.7,4,2,7,True,True,True,13,1.078,2026-03-21,14000.0
LIM-00311,Magdalena del Mar,-12.088995344193416,-77.07762967031202,108.4,4,3,9,False,False,False,15,6.071,2026-05-29,5400.0
LIM-00312,La Molina,-12.100138187859695,-76.95119731527764,123.5,4,3,6,True,False,False,7,6.075,2026-05-08,7050.0
LIM-00313,Barranco,-12.165627996230837,-77.02374524736054,67.0,2,1,12,False,True,False,15,0.837,2026-06-29,4800.0
LIM-00314,Surco (Santiago de Surco),-12.125936770109154,-77.01367018424187,101.1,3,2,11,False,True,False,9,0.126,2026-07-12,5400.0
LIM-00315,Surco (Santiago de Surco),-12.131969761076194,-77.01665532120045,114.1,3,2,13,False,True,False,36,0.238,2026-05-23,5250.0
LIM-00316,Surco (Santiago de Surco),-12.123930531201164,-76.98004197099063,98.1,2,1,8,True,False,False,2,3.68,2026-02-27,5300.0
LIM-00317,La Molina,-12.093191116011058,-76.93965410616349,66.6,1,1,3,True,True,True,26,7.218,2026-05-25,3250.0
LIM-00318,Lince,-12.094641263629757,-77.06225614552655,38.0,2,1,3,True,True,False,9,5.485,2026-05-14,1550.0
LIM-00319,Surco (Santiago de Surco),-12.118671373349509,-77.00191661449682,154.0,4,3,14,True,True,False,20,1.296,2026-03-29,10850.0
LIM-00320,Callao,-12.074875505167933,-77.10753337919924,36.6,1,1,4,True,False,False,10,8.149,2026-04-30,900.0
LIM-00321,San Martín de Porres,-11.983882471489833,-77.08396017248465,95.8,3,3,3,False,False,True,17,2.639,2026-08-08,3000.0
LIM-00322,Magdalena del Mar,-12.07965394351021,-77.06075994055442,72.4,2,2,9,False,False,False,15,4.039,2026-03-12,2950.0
LIM-00323,Surco (Santiago de Surco),-12.124678925828807,-76.98240297840869,100.0,2,1,9,True,True,False,10,3.489,2026-04-15,5300.0
LIM-00324,San Borja,-12.116553690204125,-77.01488053451172,62.5,1,1,19,False,True,False,6,0.173,2026-06-01,4100.0
LIM-00325,Chorrillos,-12.184498286040704,-77.0198198891862,91.7,2,1,5,False,False,True,2,0.765,2026-08-10,3800.0
LIM-00326,Lince,-12.08762066927598,-77.0386770730977,72.6,2,2,5,True,True,False,16,2.933,2026-06-19,3050.0
LIM-00327,Surquillo,-12.130240476121976,-77.03417085953222,157.3,5,4,9,True,False,False,21,2.049,2026-07-10,7750.0
LIM-00328,San Borja,-12.119840327985044,-77.01605129189826,93.8,3,2,11,True,True,False,3,0.341,2026-02-19,7100.0
LIM-00329,Jesús María,-12.065863188501892,-77.0586722585549,123.2,3,2,3,False,False,True,11,2.866,2026-07-26,4900.0
LIM-00330,Surco (Santiago de Surco),-12.12720781062931,-77.00269110491416,58.8,1,1,6,True,False,False,4,1.327,2026-07-28,3700.0
LIM-00331,Pueblo Libre,-12.08619489791842,-77.05970124267309,104.0,4,2,17,False,True,False,19,4.544,2026-04-23,4200.0
LIM-00332,Miraflores,-12.112986536776399,-77.01686943832142,80.6,3,2,6,False,True,False,2,0.621,2026-05-02,
LIM-00333,Pueblo Libre,-12.068148360331124,-77.05693626053026,81.8,2,1,5,False,False,False,6,2.855,2026-02-19,3450.0
LIM-00334,Chorrillos,-12.156581364945074,-77.00909553311664,89.8,3,1,13,True,True,True,9,1.003,2026-05-31,3100.0
LIM-00335,Miraflores,-12.11427036269759,-77.03259941385764,129.5,3,3,19,False,True,True,13,2.079,2026-07-11,9550.0
LIM-00336,Jesús María,-12.060897027355189,-77.04176399764066,86.8,2,1,12,True,False,False,11,1.122,2026-06-23,4350.0
LIM-00337,Miraflores,-12.115375068908838,-77.03118049977908,58.4,3,2,8,False,False,True,26,1.907,2026-05-30,3700.0
LIM-00338,Pueblo Libre,-12.061840850683634,-77.06839766859903,61.6,1,1,4,False,True,True,30,3.655,2026-07-27,2700.0
LIM-00339,San Isidro,-12.112645405878814,-77.01393478861326,110.4,3,2,15,False,False,False,21,0.489,2026-05-25,7150.0
LIM-00340,Callao,-12.058060933485331,-77.14606571147857,98.1,2,2,10,False,False,False,9,11.601,2026-03-08,2650.0
LIM-00341,Miraflores,-12.12156779321873,-77.05187965156769,46.0,2,1,9,False,False,False,12,4.057,2026-06-17,3750.0
LIM-00342,Callao,-12.059524999363223,-77.11350760295039,100.2,2,2,5,True,False,False,8,8.444,2026-04-02,2650.0
LIM-00343,Surquillo,-12.109373360436198,-77.02067978818239,46.0,2,2,3,False,False,True,10,1.096,2026-07-14,2050.0
LIM-00344,Jesús María,-12.065987444146051,-77.066243812202,92.0,4,3,3,False,False,False,29,3.599,2026-05-14,3350.0
LIM-00345,San Miguel,-12.072692915075146,-77.10545533141396,60.3,2,1,2,False,False,False,35,7.862,2026-05-06,1550.0
LIM-00346,Surquillo,-12.116823326574655,-77.02859286956235,59.4,2,1,5,False,False,False,23,1.611,2026-03-15,2200.0
LIM-00347,Callao,-12.065428760958142,-77.10739196155443,71.4,2,2,2,False,False,True,15,7.876,2026-04-14,2050.0
LIM-00348,Barranco,-12.136233767110125,-77.00685107482722,113.8,3,2,10,False,True,True,12,0.996,2026-05-19,8700.0
LIM-00349,jesús maría,-12.069403206200635,-77.02932524921724,91.0,3,2,4,False,False,False,14,1.301,2026-07-21,4300.0
LIM-00350,Miraflores,-12.133323366300793,-77.0484681346665,112.3,3,2,16,False,False,True,13,3.563,2026-02-17,7750.0
LIM-00351,Jesús María,-12.075924250499796,-77.06540548239015,202.0,5,3,5,False,False,False,24,4.114,2026-07-01,7400.0
LIM-00352,Miraflores,-12.142019596132489,-77.046627517694,76.1,2,2,8,True,False,False,16,3.362,2026-07-15,5800.0
LIM-00353,Jesús María,-12.07317555262783,-77.03353371593077,129.4,4,3,13,True,True,False,11,1.886,2026-03-22,8700.0
LIM-00354,Jesús María,-12.075980559311184,-77.04399330654697,64.0,2,2,7,False,True,False,20,2.756,2026-02-19,3000.0
LIM-00355,Magdalena del Mar,-12.102393603404263,-77.07473760940236,116.5,3,2,8,True,False,False,12,6.84,2026-06-02,4850.0
LIM-00356,San Borja,-12.089284797722357,-76.99584445567383,69.5,2,2,7,False,False,True,7,1.094,2026-02-25,7150.0
LIM-00357,San Miguel,-12.091273849434506,-77.09348133932566,77.5,2,1,6,False,False,False,6,7.582,2026-07-23,2500.0
LIM-00358,Surquillo,-12.10622328457981,-77.03095370456887,77.2,1,1,3,False,False,False,3,2.246,2026-02-24,2250.0
LIM-00359,San Borja,-12.082059502068818,-76.99244192652257,112.4,3,2,12,True,False,False,45,1.654,2026-04-28,8000.0
LIM-00360,Jesús María,-12.0606727851554,-77.05123366206784,53.2,1,1,4,False,True,False,17,1.876,2026-07-24,2050.0
LIM-00361,san martín de porres,-11.999278465385174,-77.09500385816176,68.2,2,1,2,False,False,True,14,3.899,2026-06-03,1700.0
LIM-00362,Miraflores,-12.13470882367308,-77.0225085746557,91.2,2,2,14,False,True,True,4,0.746,2026-06-11,9750.0
LIM-00363,Miraflores,-12.137444746119014,-77.03450945163527,66.7,2,1,11,True,False,True,5,2.082,2026-06-12,7350.0
LIM-00364,San Isidro,-12.102138620339492,-77.0339701981579,54.4,1,1,13,False,False,True,14,2.626,2026-03-25,4350.0
LIM-00365,Lince,-12.093344008806968,-77.03479974993557,66.5,2,2,6,True,True,False,10,2.634,2026-06-14,3650.0
LIM-00366,La Molina,-12.095434562907498,-76.9345034547333,105.9,4,3,15,True,False,False,4,7.796,2026-05-10,8350.0
LIM-00367,San Miguel,-12.081315761465655,-77.09015804430925,82.5,3,2,4,True,False,False,5,6.691,2026-02-18,3050.0
LIM-00368,Lince,-12.08632696511463,-77.04390440209828,80.5,2,2,6,True,True,True,8,3.426,2026-03-19,4750.0
LIM-00369,Surco (Santiago de Surco),-12.129177456628256,-76.99113596131754,110.3,4,3,2,False,True,True,14,2.601,2026-05-25,6100.0
LIM-00370,Los Olivos,-11.983753554633548,-77.06724373530632,68.8,2,1,1,False,False,False,7,1.379,2026-05-09,1600.0
LIM-00371,San Miguel,-12.085586925553597,-77.08666400431153,68.4,1,1,6,False,False,False,9,6.613,2026-05-14,2950.0
LIM-00372,Surco (Santiago de Surco),-12.13691606499387,-76.98256950894323,127.8,3,2,9,False,False,False,2,3.617,2026-07-09,8000.0
LIM-00373,Surco (Santiago de Surco),-12.137345822321079,-77.00239179342213,79.8,1,1,7,False,True,False,14,1.497,2026-04-27,4300.0
LIM-00374,Surco (Santiago de Surco),-12.112962915511039,-76.98698477199383,83.7,3,2,9,False,False,False,7,2.593,2026-06-30,4650.0
LIM-00375,Miraflores,-12.118313040887314,-77.05009780685408,46.3,1,1,14,False,True,True,29,3.924,2026-03-02,3100.0
LIM-00376,Miraflores,-12.140463077743513,-77.03083981778346,74.3,2,1,9,True,False,False,27,1.655,2026-03-02,5200.0
LIM-00377,Callao,-12.051581823660959,-77.1213959186177,94.9,4,4,3,False,False,False,15,9.051,2026-08-07,2900.0
LIM-00378,Magdalena del Mar,-12.088952035327072,-77.05832585735783,41.5,2,2,4,False,True,False,19,4.723,2026-06-04,2600.0
LIM-00379,La Molina,-12.088301536338937,-76.94707602514772,78.1,2,1,8,False,False,True,31,6.396,2026-07-01,3050.0
LIM-00380,Pueblo Libre,-12.088160760092912,-77.05580413466194,47.6,1,1,10,False,False,True,20,4.512,2026-05-20,1850.0
LIM-00381,San Borja,-12.087203343656238,-77.01974134347446,115.8,4,3,11,False,True,False,13,1.231,2026-02-20,7150.0
LIM-00382,Callao,-12.069438606962974,-77.12232109557627,46.1,1,1,13,True,True,True,6,9.555,2026-03-18,1650.0
LIM-00383,San Miguel,-12.06947073352301,-77.1029563184092,76.1,3,2,6,False,True,False,16,7.503,2026-04-23,3700.0
LIM-00384,Magdalena del Mar,-12.093099393651233,-77.04599386652045,98.1,4,3,5,False,False,False,6,3.849,2026-03-10,5650.0
LIM-00385,La Molina,-12.079590273411643,-76.95320156108545,116.8,4,2,6,False,True,False,31,5.825,2026-05-08,5250.0
LIM-00386,Comas,-11.92251770490999,-77.06112065112806,82.5,3,2,6,False,True,False,5,5.517,2026-06-11,2200.0
LIM-00387,Pueblo Libre,-12.066860333534308,-77.0615810903727,83.8,3,3,8,False,False,False,10,3.194,2026-04-29,3600.0
LIM-00388,Callao,-12.063303970724522,-77.13717373949123,118.4,3,2,3,True,True,False,4,11.047,2026-07-17,3800.0
LIM-00389,Miraflores,-12.107828092698465,-77.03571242492652,72.5,2,1,10,False,False,True,2,2.623,2026-04-27,6800.0
LIM-00390,Chorrillos,-12.18227319340053,-77.01324280184821,40.1,1,1,3,False,False,False,29,0.663,2026-07-22,800.0
LIM-00391,Jesús María,-12.071637303863257,-77.04797133269712,115.5,4,3,8,False,False,False,10,2.493,2026-04-28,5400.0
LIM-00392,Miraflores,-12.13661700329619,-77.0570049316641,85.2,2,1,4,False,True,False,37,4.5,2026-03-03,4500.0
LIM-00393,Jesús María,-12.085999374728042,-77.05580389733406,79.2,3,2,3,False,True,False,19,4.301,2026-08-06,3050.0
LIM-00394,Lince,-12.084483359954767,-77.02105014006264,36.1,2,2,3,False,False,False,5,1.092,2026-05-04,1500.0
LIM-00395,San Isidro,-12.09278295949703,-77.02964132487224,77.3,2,2,6,False,False,False,45,2.087,2026-04-22,4100.0
LIM-00396,Magdalena del Mar,-12.115928687472293,-77.0610835997781,58.9,1,1,8,False,False,False,11,5.144,2026-06-03,3150.0
LIM-00397,Surquillo,-12.10873255158399,-77.02932776804907,44.0,1,1,8,False,True,False,29,1.961,2026-04-10,2150.0
LIM-00398,Surco (Santiago de Surco),-12.14483314771918,-76.97962884557666,90.9,2,1,7,False,False,False,12,3.934,2026-05-30,4400.0
LIM-00399,Magdalena del Mar,-12.080143743811945,-77.07623287257947,65.7,2,1,3,False,False,True,6,5.335,2026-02-26,4150.0
LIM-00400,Magdalena del Mar,-12.099723573145894,-77.05659332998873,67.1,1,1,11,False,True,True,15,5.009,2026-04-04,3100.0
LIM-00401,Surco (Santiago de Surco),-12.1484834672346,-76.994960346791,120.4,3,3,6,False,False,False,29,2.361,2026-05-14,6700.0
LIM-00402,San Martín de Porres,-11.99799034530449,-77.10516970591257,97.7,3,2,8,False,True,False,14,5.0,2026-06-24,2400.0
LIM-00403,San Miguel,-12.088394820012946,-77.08260894514432,66.6,2,1,6,False,False,False,11,6.441,2026-04-07,2300.0
LIM-00404,Miraflores,-12.105872658302802,-77.03472216413569,61.5,2,2,4,True,False,False,16,2.627,2026-04-13,4600.0
LIM-00405,Comas,-11.942993637509602,-77.06651475533641,82.1,2,2,2,False,False,False,24,3.26,2026-02-20,2150.0
LIM-00406,Los Olivos,-11.97072011947712,-77.08893715717284,81.3,3,3,1,True,False,False,23,2.836,2026-05-25,2800.0
LIM-00407,Surco (Santiago de Surco),-12.127898387772827,-76.97553360601194,114.5,3,3,2,False,False,False,16,4.276,2026-03-29,6850.0
LIM-00408,Chorrillos,-12.186759369270403,-77.02435321408564,58.7,3,1,4,False,False,False,16,1.226,2026-06-05,1550.0
LIM-00409,Miraflores,-12.136569843863942,-77.01049957070104,119.6,3,2,10,True,False,True,9,0.639,2026-04-23,9600.0
LIM-00410,Comas,-11.9380997810467,-77.06717491793911,114.5,3,2,5,False,False,False,11,3.809,2026-05-04,2400.0
LIM-00411,Lince,-12.098296048496106,-77.04443294242579,28.3,1,1,9,False,True,False,10,3.678,2026-07-28,1500.0
LIM-00412,Lince,-12.098300121844995,-77.01746564991164,69.9,2,2,4,True,True,False,19,0.786,2026-04-09,3750.0
LIM-00413,Miraflores,-12.111058927625349,-77.030280016988,104.6,5,4,5,True,False,True,23,1.938,2026-02-20,7150.0
LIM-00414,Los Olivos,-11.962599230680192,-77.07226286408826,99.7,3,1,4,True,False,False,9,1.467,2026-05-12,2950.0
LIM-00415,San Isidro,-12.112245954509437,-77.0520795112834,74.5,3,2,8,False,False,False,16,4.206,2026-02-20,5100.0
LIM-00416,Barranco,-12.156829632515295,-77.02689148025635,68.6,2,2,12,False,True,False,4,1.219,2026-04-01,4700.0
LIM-00417,Miraflores,-12.131944778671356,-77.02425565011643,79.4,3,2,7,True,False,False,15,0.955,2026-05-29,8500.0
LIM-00418,San Miguel,-12.056084168423514,-77.10839015992511,1133.7,2,2,7,False,False,True,1,7.861,2026-06-10,4600.0
LIM-00419,Miraflores,-12.110227874869153,-77.03586905233006,47.7,2,1,19,False,True,False,5,2.539,2026-03-15,3150.0
LIM-00420,san martín de porres,-12.003950138152064,-77.0856453572489,74.2,2,2,6,True,False,False,4,2.964,2026-06-26,1850.0
LIM-00421,Lince,-12.07818566372788,-77.03250271034342,114.9,3,2,12,False,True,False,1,2.056,2026-05-10,6300.0
LIM-00422,San Isidro,-12.113474234231171,-77.01894528425234,85.9,3,2,5,True,False,False,8,0.731,2026-05-07,7600.0
LIM-00423,San Isidro,-12.105271753814275,-77.04029943759579,138.6,4,2,5,False,False,True,24,3.195,2026-05-16,9800.0
LIM-00424,San Isidro,-12.095941640808698,-77.04498600794895,221.0,5,4,11,True,True,False,2,3.728,2026-06-07,24800.0
LIM-00425,Jesús María,-12.068173231010249,-77.01604355241571,68.3,1,1,9,True,True,False,16,0.306,2026-03-23,3400.0
LIM-00426,Surquillo,-12.11586950950616,-77.02269822424228,44.3,2,2,7,True,True,False,26,0.989,2026-02-28,1750.0
LIM-00427,Barranco,-12.14642383787143,-77.02368789793402,1319.9,2,1,5,False,True,False,29,0.945,2026-03-24,3150.0
LIM-00428,Chorrillos,-12.173759962480561,-77.0223941564303,116.6,3,2,7,True,False,False,8,0.711,2026-04-19,3550.0
LIM-00429,San Isidro,-12.099162928824269,-77.04002122921331,126.4,3,2,11,False,False,False,8,3.21,2026-05-24,11250.0
LIM-00430,Surquillo,-12.118253747106289,-77.0165669416438,134.5,5,4,4,False,False,False,6,0.307,2026-05-23,6650.0
LIM-00431,San Martín de Porres,-12.004015178472134,-77.06955044226889,88.9,2,2,9,False,True,True,25,1.339,2026-03-21,2650.0
LIM-00432,San Miguel,-12.074616749896459,-77.08795214732072,91.2,3,2,8,False,True,True,12,6.146,2026-03-11,4100.0
LIM-00433,Pueblo Libre,-12.068670212929607,-77.05017485323961,59.7,2,1,10,False,True,False,6,2.363,2026-07-13,2350.0
LIM-00434,Chorrillos,-12.172319689992174,-77.00557165590472,36.8,1,1,5,False,False,False,5,1.442,2026-02-21,1300.0
LIM-00435,San Isidro,-12.111343164600013,-77.0341973747326,83.9,3,2,13,True,True,False,15,2.328,2026-04-18,7950.0
LIM-00436,Miraflores,-12.133087134213719,-77.02488425635923,51.8,2,1,11,False,False,True,6,1.003,2026-05-22,4450.0
LIM-00437,Miraflores,-12.116313418328623,-77.01609515988477,92.1,2,2,4,True,True,False,15,0.293,2026-06-21,7000.0
LIM-00438,San Borja,-12.090639920391949,-77.01193451913602,49.3,1,1,8,False,False,False,11,0.589,2026-04-17,3250.0
LIM-00439,San Miguel,-12.075571014461296,-77.06282146557314,61.6,2,1,7,False,False,False,43,3.875,2026-04-24,2050.0
LIM-00440,Jesús María,-12.078540020949724,-77.05515102156633,87.2,3,2,10,False,False,True,7,3.563,2026-06-09,4650.0
LIM-00441,Chorrillos,-12.172007914534687,-77.02231157905884,92.4,4,3,3,False,False,False,13,0.847,2026-05-24,3100.0
LIM-00442,Miraflores,-12.13474185707016,-77.04394281169608,73.9,2,1,9,True,False,True,14,3.072,2026-05-16,5650.0
LIM-00443,Pueblo Libre,-12.057892682121564,-77.07728580969545,136.3,4,3,11,False,False,False,14,4.509,2026-06-17,6000.0
LIM-00444,Miraflores,-12.118860870265904,-77.01771159117332,123.9,3,2,8,False,True,True,6,0.444,2026-05-04,9500.0
LIM-00445,Surco (Santiago de Surco),-12.143033486558526,-76.9677576806683,76.3,2,1,3,True,False,False,4,5.213,2026-03-07,3800.0
LIM-00446,Pueblo Libre,-12.075601545593114,-77.0699068813297,125.5,3,2,8,False,False,False,12,4.482,2026-06-21,4800.0
LIM-00447,Ate,-12.052724434784764,-76.91183220166246,161.7,5,3,4,False,False,False,23,10.995,2026-07-16,3700.0
LIM-00448,Jesús María,-12.057859960278199,-77.04635800085146,76.9,2,2,2,False,False,False,13,1.26,2026-03-18,3600.0
LIM-00449,San Isidro,-12.099626881073366,-77.02469706525099,86.2,2,1,9,False,False,False,7,1.58,2026-02-14,5500.0
LIM-00450,Jesús María,-12.071735611046615,-77.0223754264258,78.7,2,1,6,False,True,False,32,1.088,2026-07-10,4050.0
LIM-00451,San Isidro,-12.090315282520185,-77.01844831898421,69.1,2,1,9,True,False,True,8,1.04,2026-03-07,6650.0
LIM-00452,Los Olivos,-11.977789199245175,-77.07436391137178,73.9,2,1,4,False,False,False,17,1.398,2026-03-12,2150.0
LIM-00453,Pueblo Libre,-12.071275486406378,-77.05675478837149,114.4,3,2,6,False,True,False,6,3.066,2026-03-01,5800.0
LIM-00454,Miraflores,-12.11780677316727,-77.0218633058871,86.3,3,2,10,False,True,True,19,0.877,2026-07-17,9200.0
LIM-00455,Miraflores,-12.139748945852247,-77.029641087574,62.8,2,1,9,False,False,False,7,1.536,2026-02-17,4550.0
LIM-00456,Miraflores,-12.118067642134669,-77.04255123360196,55.8,2,1,13,False,False,True,5,3.126,2026-03-12,3900.0
LIM-00457,Ate,-12.046949144779317,-76.92558531462275,72.2,3,3,6,True,True,False,17,9.561,2026-06-11,1700.0
LIM-00458,Magdalena del Mar,-12.093940404494608,-77.06192216818884,74.0,2,2,5,False,False,True,7,5.4,2026-03-05,4200.0
LIM-00459,San Miguel,-12.076972443438114,-77.07778430405013,104.5,3,3,12,False,True,False,11,5.283,2026-04-23,4250.0
LIM-00460,Jesús María,-12.0704899615246,-77.05149080837808,60.8,1,1,4,False,True,False,7,2.61,2026-06-13,3500.0
LIM-00461,Jesús María,-12.057551881291888,-77.04586733527128,106.8,4,3,7,False,False,False,5,1.197,2026-07-11,4950.0
LIM-00462,Miraflores,-12.135254088945022,-77.01503283414404,79.9,2,2,11,False,True,False,10,0.167,2026-03-14,5700.0
LIM-00463,Callao,-12.060705828026004,-77.1385512264644,89.0,3,2,2,False,False,False,10,11.13,2026-07-31,2000.0
LIM-00464,Surco (Santiago de Surco),-12.127000576452446,-77.00035622917007,131.9,3,2,3,False,False,False,14,1.577,2026-07-02,8900.0
LIM-00465,Jesús María,-12.067828889587267,-77.02478554342221,104.8,4,3,5,False,True,False,12,1.016,2026-05-20,6650.0
LIM-00466,Pueblo Libre,-12.068087133359896,-77.05950830740557,47.8,1,1,8,False,False,False,16,3.077,2026-05-22,1600.0
LIM-00467,Lince,-12.052057073411921,-77.04685059301644,48.1,2,1,2,False,False,False,3,1.159,2026-06-26,2000.0
LIM-00468,Callao,-12.0492303737106,-77.11669261247711,79.0,2,2,3,True,False,True,7,8.496,2026-04-26,2500.0
LIM-00469,Miraflores,-12.10752874644494,-77.01714277289278,84.0,1,1,5,True,False,True,16,0.751,2026-02-23,5500.0
LIM-00470,San Borja,-12.11198486470623,-77.02915839524793,139.3,5,3,12,False,False,False,23,1.787,2026-02-13,7700.0
LIM-00471,La Molina,-12.098714948486768,-76.9430845701937,112.3,3,2,6,True,False,False,27,6.915,2026-06-13,6200.0
LIM-00472,Magdalena del Mar,-12.099271809150803,-77.08016897465511,134.5,3,2,8,False,True,False,22,7.073,2026-06-01,6150.0
LIM-00473,Miraflores,-12.11255647794388,-77.04910397751723,59.8,1,1,9,False,False,False,6,3.881,2026-05-13,4000.0
LIM-00474,Miraflores,-12.11621806574205,-77.02841687293844,63.1,2,1,13,False,False,False,13,1.598,2026-07-10,4000.0
LIM-00475,Surco (Santiago de Surco),-12.130160983552813,-76.99663776278113,86.1,3,3,5,False,False,True,6,2.036,2026-04-11,4950.0
LIM-00476,Surco (Santiago de Surco),-12.137572132641566,-76.99528908302638,73.1,2,1,5,False,False,True,14,2.256,2026-02-23,3950.0
LIM-00477,La Molina,-12.091285631425755,-76.94937912744294,159.4,3,2,4,False,True,False,14,6.151,2026-02-20,10150.0
LIM-00478,Jesús María,-12.07575828693152,-77.06125605062346,33.0,2,1,7,False,False,False,22,3.764,2026-06-12,1250.0
LIM-00479,Jesús María,-12.064906294598018,-77.06645763400319,68.1,2,2,9,True,True,False,13,3.572,2026-06-13,3150.0
LIM-00480,La Molina,-12.076711270861955,-76.95348827928329,158.8,3,2,4,False,True,True,6,5.86,2026-03-19,8650.0
LIM-00481,La Molina,-12.098874899796055,-76.9348889746311,99.5,3,2,6,False,False,False,2,7.799,2026-06-12,7050.0
LIM-00482,Barranco,-12.140251889286823,-77.01860315647528,98.7,3,2,16,True,False,True,42,0.371,2026-02-18,9200.0
LIM-00483,Jesús María,-12.081408654769076,-77.04983007995337,161.6,4,3,5,False,False,False,14,3.55,2026-04-24,7450.0
LIM-00484,Surco (Santiago de Surco),-12.129372940177907,-77.00747721778886,97.5,2,1,4,False,False,False,13,0.895,2026-03-09,4750.0
LIM-00485,San Isidro,-12.09950358890955,-77.04118697919425,123.6,3,2,8,False,False,True,15,3.34,2026-08-01,10250.0
LIM-00486,La Molina,-12.068010537409132,-76.93635410929971,238.6,5,3,5,True,False,True,12,7.914,2026-06-30,13400.0
LIM-00487,Magdalena del Mar,-12.100516895547774,-77.06964259485017,88.7,3,2,9,False,True,False,4,6.365,2026-04-24,4500.0
LIM-00488,barranco,-12.147256657909262,-77.02712638643727,68.9,2,2,9,False,False,False,10,1.236,2026-08-06,3650.0
LIM-00489,Jesús María,-12.066320882109288,-77.08033682581762,106.8,2,1,2,False,True,False,7,5.043,2026-04-30,4250.0
LIM-00490,Jesús María,-12.084087506201476,-77.05709817156195,116.9,3,2,10,True,True,False,23,4.193,2026-02-27,5200.0
LIM-00491,Pueblo Libre,-12.074474284665124,-77.06889233421133,74.1,2,1,4,False,False,False,18,4.32,2026-05-27,3200.0
LIM-00492,Lince,-12.088299018615478,-77.04418527125243,58.2,2,2,3,True,False,False,19,3.521,2026-02-25,2600.0
LIM-00493,Lince,-12.091265761800873,-77.03825810939767,117.8,3,2,6,True,True,False,2,3.038,2026-03-02,5350.0
LIM-00494,Surco (Santiago de Surco),-12.140276676017798,-76.98520139846167,87.1,3,2,5,False,False,False,28,3.321,2026-06-25,4450.0
LIM-00495,Surquillo,-12.101355824822358,-77.01794755743548,95.2,3,3,8,False,True,False,4,1.001,2026-03-05,4250.0
LIM-00496,San Borja,-12.115482608817123,-76.98672364742514,97.9,3,2,8,False,False,False,7,2.674,2026-04-16,5000.0
LIM-00497,Magdalena del Mar,-12.08870310540794,-77.09380046502774,140.0,4,2,5,False,False,True,14,7.451,2026-06-23,7800.0
LIM-00498,Jesús María,-12.069824859975627,-77.05266076869546,61.0,2,2,4,False,False,True,8,2.638,2026-07-30,3250.0
LIM-00499,Surco (Santiago de Surco),-12.151763761389303,-77.01826826533015,72.4,3,2,14,False,True,False,0,0.202,2026-07-14,3250.0
LIM-00500,San Borja,-12.102069966738883,-77.00371893035803,118.3,3,3,13,True,False,False,4,1.031,2026-04-28,8550.0
LIM-00501,San Miguel,-12.094362158517093,-77.10534788946357,54.3,1,1,5,False,True,False,24,8.849,2026-05-05,1750.0
LIM-00502,Los Olivos,-11.961362898062017,-77.05612496599886,91.3,3,2,1,True,False,False,11,1.403,2026-04-03,2500.0
LIM-00503,San Martín de Porres,-12.00498629971757,-77.07568345592988,147.7,4,2,3,False,False,False,19,1.977,2026-07-21,3450.0
LIM-00504,San Borja,-12.108199592960922,-76.98642204605288,1387.2,1,1,11,False,True,False,1,2.634,2026-06-22,2400.0
LIM-00505,San Borja,-12.123831359395515,-77.00375217390327,102.4,3,2,5,True,False,True,5,1.219,2026-02-13,7350.0
LIM-00506,Surquillo,-12.113231412116741,-77.0297366171654,95.8,3,3,12,False,False,False,16,1.802,2026-07-07,3950.0
LIM-00507,Surco (Santiago de Surco),-12.123876594984353,-77.00761875593446,94.2,3,2,14,False,False,False,6,0.807,2026-03-14,4500.0
LIM-00508,Chorrillos,-12.18438358513627,-77.01491472863076,60.9,1,1,3,False,False,False,37,0.763,2026-06-03,1700.0
LIM-00509,San Borja,-12.115586005033729,-76.97687806206967,82.7,2,2,5,True,True,False,45,3.724,2026-03-31,4650.0
LIM-00510,Miraflores,-12.11564454771719,-77.02445141249575,57.3,2,2,13,False,False,True,10,1.18,2026-02-18,5050.0
LIM-00511,San Isidro,-12.091444580116237,-77.04119721275144,86.9,2,1,12,False,False,False,11,3.351,2026-03-19,7050.0
LIM-00512,Chorrillos,-12.203910151580901,-77.02036525026152,75.1,2,2,4,True,False,True,8,2.898,2026-07-28,2900.0
LIM-00513,San Isidro,-12.073015123634608,-77.03707560398102,72.1,2,1,15,False,False,True,19,2.098,2026-07-30,
LIM-00514,Surco (Santiago de Surco),-12.12865735819742,-76.97068028927787,110.3,3,2,3,True,False,False,12,4.808,2026-06-23,4650.0
LIM-00515,Surco (Santiago de Surco),-12.126636976050564,-76.98019669720999,157.5,4,3,6,False,False,False,39,3.763,2026-04-30,6550.0
LIM-00516,Miraflores,-12.122822485359944,-77.02628049195019,83.3,2,1,16,False,True,True,6,1.288,2026-08-09,8250.0
LIM-00517,Surco (Santiago de Surco),-12.157264242102627,-76.99368321638633,146.0,4,3,9,False,True,False,15,2.57,2026-05-15,6750.0
LIM-00518,San Miguel,-12.069303335264998,-77.08920775931556,129.3,3,1,9,True,False,True,22,6.063,2026-05-13,6550.0
LIM-00519,San Isidro,-12.103982256338771,-77.0307686919686,70.5,2,1,20,True,True,False,17,2.283,2026-03-05,4650.0
LIM-00520,Surquillo,-12.108172819669798,-77.0224583754357,71.0,1,1,6,False,True,False,39,1.3,2026-02-20,2650.0
LIM-00521,Chorrillos,-12.177325612843152,-77.02822894736852,71.6,2,1,6,False,False,False,19,1.169,2026-06-16,2350.0
LIM-00522,Surco (Santiago de Surco),-12.132143527450603,-76.98261335687334,59.1,2,1,3,True,False,False,7,3.572,2026-02-27,3850.0
LIM-00523,Miraflores,-12.13039995657691,-77.02913620723314,84.0,2,1,8,False,True,False,36,1.512,2026-06-10,3750.0
LIM-00524,Jesús María,-12.063227332687854,-77.03761526477022,57.1,2,1,8,False,True,False,10,1.214,2026-04-19,2400.0
LIM-00525,Miraflores,-12.135360548473493,-77.00964609501467,87.6,2,1,11,True,True,False,5,0.678,2026-06-03,9300.0
LIM-00526,Surco (Santiago de Surco),-12.10805316689593,-76.9887526231908,57.7,2,1,11,False,True,False,25,2.382,2026-08-09,2650.0
LIM-00527,Callao,-12.029744616380155,-77.11379741824516,89.8,3,2,4,True,False,True,4,6.937,2026-03-02,3300.0
LIM-00528,Comas,-11.923407604974402,-77.0235970842338,57.5,2,1,4,False,True,False,9,6.899,2026-07-29,1150.0
LIM-00529,San Miguel,-12.062094252170708,-77.09031575846063,96.8,2,1,5,False,False,False,16,5.983,2026-08-02,
LIM-00530,Surco (Santiago de Surco),-12.136014580298804,-77.00808656169416,83.8,2,1,3,False,False,False,2,0.86,2026-06-17,5100.0
LIM-00531,Pueblo Libre,-12.059601439531034,-77.06647470278607,64.1,2,1,3,False,False,True,7,3.388,2026-04-21,2850.0
LIM-00532,Pueblo Libre,-12.074754117979314,-77.04447978345905,107.6,3,2,5,True,True,False,3,2.644,2026-03-21,8300.0
LIM-00533,La Molina,-12.105442210506943,-76.96073000820336,99.2,3,2,12,False,True,False,12,5.24,2026-07-16,5450.0
LIM-00534,Lince,-12.067061583031633,-77.04232951524983,70.5,1,1,6,False,True,False,10,1.761,2026-05-15,3450.0
LIM-00535,San Isidro,-12.08365410644493,-77.02342287832838,79.8,2,1,9,True,True,True,20,1.245,2026-02-21,8550.0
LIM-00536,Barranco,-12.149776069291866,-77.02465944771015,82.3,2,1,8,False,False,False,36,0.901,2026-04-17,4800.0
LIM-00537,San Borja,-12.123002211087973,-76.99992294944371,125.7,3,3,7,True,True,True,9,1.62,2026-07-03,11100.0
LIM-00538,Miraflores,-12.128134408118948,-77.01651952615843,98.0,2,2,8,False,False,False,21,0.329,2026-03-10,8500.0
LIM-00539,Miraflores,-12.14295374701865,-77.03800185410785,64.6,1,1,6,False,False,False,4,2.427,2026-02-20,4500.0
LIM-00540,Chorrillos,-12.163359029768584,-77.03572322941827,120.7,4,3,5,True,False,False,26,2.041,2026-07-30,3950.0
LIM-00541,Comas,-11.96223970760237,-77.07866663165035,70.9,2,2,7,False,False,True,38,2.036,2026-06-02,1850.0
LIM-00542,San Borja,-12.10485802955824,-76.99161863467909,71.0,2,2,8,True,False,False,10,2.133,2026-06-02,5650.0
LIM-00543,Chorrillos,-12.184824320173355,-77.01499041487403,78.7,2,1,6,True,False,False,7,0.806,2026-02-16,2700.0
LIM-00544,Comas,-11.960120441339994,-77.07031079815935,132.8,3,2,4,True,True,True,8,1.557,2026-05-09,5000.0
LIM-00545,Miraflores,-12.118239738880657,-77.04330549944969,51.6,2,1,11,False,True,False,5,3.208,2026-06-03,3200.0
LIM-00546,Magdalena del Mar,-12.099505592623744,-77.07894687750178,103.7,3,2,6,False,False,False,18,7.003,2026-03-03,4650.0
LIM-00547,La Molina,-12.076741730734895,-76.931801792565,108.1,2,2,3,False,False,True,15,8.171,2026-07-13,4850.0
LIM-00548,San Isidro,-12.112411263224745,-77.04672981544594,74.0,2,1,7,True,False,True,5,3.628,2026-04-14,5400.0
LIM-00549,San Miguel,-12.086487775745686,-77.10075220826343,110.8,3,2,5,True,False,False,12,7.977,2026-04-12,4550.0
LIM-00550,Magdalena del Mar,-12.12415170650189,-77.08998625880815,60.3,2,2,15,False,True,False,11,8.148,2026-02-17,3100.0
LIM-00551,Magdalena del Mar,-12.121712160187935,-77.08010895466923,162.1,5,3,4,True,False,False,7,7.114,2026-08-04,8550.0
LIM-00552,Miraflores,-12.099521691080257,-77.0253430521114,70.9,2,1,7,False,False,False,24,1.645,2026-06-03,5750.0
LIM-00553,Miraflores,-12.096096821070804,-77.00401797011548,78.7,2,1,7,False,False,False,13,0.727,2026-02-13,4650.0
LIM-00554,San Martín de Porres,-11.997787285537314,-77.07798662184616,147.5,4,3,1,True,False,False,16,2.044,2026-06-12,4100.0
LIM-00555,San Isidro,-12.107085945190878,-77.03734413726283,89.9,3,2,10,True,False,False,18,2.819,2026-07-31,6600.0
LIM-00556,Barranco,-12.152981387105882,-77.01104476072818,102.4,2,1,3,True,False,True,22,0.625,2026-07-18,6800.0
LIM-00557,Surco (Santiago de Surco),-12.124517109570164,-76.98664541337804,50.8,1,2,7,True,False,False,39,3.048,2026-06-05,2200.0
LIM-00558,San Borja,-12.114472668237864,-77.0055319297724,78.1,2,1,10,False,True,False,16,0.765,2026-06-05,4250.0
LIM-00559,Jesús María,-12.070748393595501,-77.02137527911884,90.8,2,2,2,False,False,False,13,0.936,2026-03-06,4050.0
LIM-00560,San Borja,-12.108453072605775,-76.99889260022752,127.2,3,2,20,False,True,True,28,1.28,2026-06-09,6200.0
LIM-00561,San Isidro,-12.104025752040995,-77.03386349615573,108.7,3,3,5,False,False,False,12,2.607,2026-05-05,10100.0
LIM-00562,Barranco,-12.155714312951902,-77.01478381695257,86.9,3,2,5,True,False,True,32,0.536,2026-05-22,7350.0
LIM-00563,Chorrillos,-12.171180149539774,-77.01394953158865,115.2,3,3,14,True,True,True,6,0.851,2026-07-15,5800.0
LIM-00564,Lince,-12.09682265763665,-77.0149952279735,79.2,2,1,2,False,False,False,23,0.481,2026-04-10,3050.0
LIM-00565,Lince,-12.079679247852518,-77.04037890486956,34.3,1,1,6,False,False,False,7,2.902,2026-05-24,1400.0
LIM-00566,Lince,-12.090758947515791,-77.02389941301377,107.9,3,3,7,True,False,False,5,1.541,2026-08-04,6500.0
LIM-00567,San Miguel,-12.075871592344223,-77.09082517865538,59.7,2,2,4,False,False,True,6,6.488,2026-07-04,2350.0
LIM-00568,San Isidro,-12.080592449205978,-77.02490732165869,94.0,3,2,9,True,True,False,3,1.265,2026-02-19,9700.0
LIM-00569,Surco (Santiago de Surco),-12.137018304542723,-76.99757982539963,100.7,2,2,8,False,True,False,2,2.0,2026-03-05,5300.0
LIM-00570,San Borja,-12.097262347917695,-77.00280498427384,91.4,3,2,13,True,False,False,3,0.874,2026-07-13,5850.0
LIM-00571,Surco (Santiago de Surco),-12.156504394270605,-76.9862151181509,66.7,2,1,7,True,False,True,6,3.344,2026-07-08,3950.0
LIM-00572,Chorrillos,-12.180344356163687,-77.01380408091492,44.1,1,1,13,False,True,False,14,0.479,2026-02-12,1600.0
LIM-00573,Magdalena del Mar,-12.095167736547086,-77.0855435316279,56.6,2,1,3,False,False,False,6,7.17,2026-03-12,2050.0
LIM-00574,San Miguel,-12.054320031849523,-77.07665265256303,101.6,3,2,13,False,False,True,40,4.404,2026-06-18,
LIM-00575,Chorrillos,-12.198219424999118,-77.0093098874987,51.6,1,1,4,False,False,False,2,2.418,2026-02-22,1600.0
LIM-00576,San Borja,-12.109454518342714,-76.99949045028595,67.9,2,1,17,True,True,False,25,1.208,2026-07-05,3950.0
LIM-00577,San Martín de Porres,-11.981419733789005,-77.08621877334078,102.9,4,2,6,False,True,False,17,2.74,2026-08-05,2050.0
LIM-00578,Jesús María,-12.083020244863203,-77.04463042923753,57.6,1,1,4,False,False,False,7,3.422,2026-04-02,2850.0
LIM-00579,Chorrillos,-12.177254065725108,-77.01017417731168,68.9,2,2,6,False,False,False,10,0.801,2026-03-07,3050.0
LIM-00580,Surco (Santiago de Surco),-12.131019132179333,-77.01412890088766,932.2,4,3,2,False,False,False,34,0.363,2026-07-04,4200.0
LIM-00581,San Borja,-12.106085897355326,-76.99409182892973,98.5,2,1,5,False,False,False,11,1.839,2026-04-21,5350.0
LIM-00582,San Borja,-12.089510754294547,-76.99076934357103,64.4,2,1,6,True,False,False,5,1.646,2026-04-26,4600.0
LIM-00583,Miraflores,-12.115718314279121,-77.05762938319961,78.5,3,3,9,False,False,False,6,4.77,2026-02-23,5900.0
LIM-00584,La Molina,-12.070866725253829,-76.94284572409505,125.0,4,3,12,True,True,False,9,7.146,2026-03-17,7500.0
LIM-00585,San Martín de Porres,-12.00322010028772,-77.07226469038726,59.9,2,1,3,False,False,False,41,1.557,2026-05-12,1450.0
LIM-00586,Jesús María,-12.082486304935005,-77.04202946022883,85.7,2,2,4,False,False,True,6,3.133,2026-04-02,5350.0
LIM-00587,Miraflores,-12.123808678316236,-77.01977061974263,59.6,2,1,6,False,False,True,27,0.58,2026-07-23,4000.0
LIM-00588,Surco (Santiago de Surco),-12.14890923712041,-76.99893079910423,98.8,3,2,7,False,False,True,8,1.927,2026-03-08,5250.0
LIM-00589,Miraflores,-12.115297859645478,-77.0418788772161,94.5,4,3,13,False,False,False,6,3.064,2026-07-26,7700.0
LIM-00590,San Isidro,-12.101830537353063,-77.05829693198118,80.3,3,3,7,False,True,False,10,5.15,2026-06-24,6250.0
LIM-00591,San Martín de Porres,-12.00696146679973,-77.06749332111319,120.6,3,2,4,False,False,False,2,1.386,2026-08-01,2900.0
LIM-00592,Magdalena del Mar,-12.089516099084548,-77.06726321407447,100.5,3,2,1,False,False,False,17,5.333,2026-04-21,3950.0
LIM-00593,Surco (Santiago de Surco),-12.148724589335691,-76.98097813283006,127.0,4,3,5,True,False,False,11,3.848,2026-07-19,6200.0
LIM-00594,Jesús María,-12.06435397343373,-77.05770169630614,91.0,3,2,2,False,False,True,14,2.69,2026-05-29,3700.0
LIM-00595,San Isidro,-12.102940048661898,-77.02705396292849,120.9,3,2,19,False,True,False,30,1.94,2026-04-04,10400.0
LIM-00596,Surco (Santiago de Surco),-12.121090842670869,-77.01303217142349,107.5,4,3,15,True,False,False,9,0.386,2026-06-06,5550.0
LIM-00597,Pueblo Libre,-12.078312850938756,-77.07353392270453,44.0,1,1,6,True,True,False,10,4.978,2026-05-11,2000.0
LIM-00598,Jesús María,-12.066017084001306,-77.04748827340191,62.1,2,1,3,False,True,False,20,1.949,2026-03-14,2000.0
LIM-00599,Comas,-11.940845251514725,-77.05404150844208,88.8,2,1,1,False,False,True,4,3.607,2026-06-23,2700.0
LIM-00600,Jesús María,-12.064673177515427,-77.02885185062524,77.8,2,2,6,False,False,False,2,0.816,2026-05-27,3950.0
LIM-00601,Magdalena del Mar,-12.094180637294228,-77.07858076878478,87.5,3,2,6,False,False,False,4,6.544,2026-02-28,5250.0
LIM-00602,San Miguel,-12.09736076894812,-77.10318899666147,60.2,1,1,2,False,True,False,5,8.835,2026-07-08,2100.0
LIM-00603,San Martín de Porres,-11.986794477529095,-77.09160578653398,171.2,5,3,3,True,False,False,26,3.524,2026-06-23,6250.0
LIM-00604,Pueblo Libre,-12.074652195069495,-77.0713541513403,72.6,1,1,5,False,False,False,11,4.554,2026-02-18,2400.0
LIM-00605,Ate,-12.036925807071743,-76.88934767844229,91.8,2,2,8,False,False,False,13,12.553,2026-07-11,2450.0
LIM-00606,San Miguel,-12.069117042277574,-77.08371751702639,62.9,1,1,7,False,False,False,14,5.491,2026-06-05,1650.0
LIM-00607,Chorrillos,-12.183979557772135,-77.00474961779565,59.5,2,1,4,False,False,False,27,1.537,2026-02-26,1650.0
LIM-00608,Miraflores,-12.132077544862105,-77.03226782704616,72.0,2,2,16,False,False,True,12,1.812,2026-03-01,5600.0
LIM-00609,Pueblo Libre,-12.065735738782612,-77.06311978418879,75.7,3,2,13,False,True,False,4,3.281,2026-04-22,3400.0
LIM-00610,Magdalena del Mar,-12.099138988352925,-77.06730882592849,75.9,3,2,9,True,True,False,12,6.166,2026-05-22,3750.0
LIM-00611,San Borja,-12.097062848646402,-77.00466958506937,152.9,4,3,3,True,False,False,40,0.671,2026-03-27,9550.0
LIM-00612,Lince,-12.087238411314356,-77.03679569463856,65.3,2,2,5,True,True,False,8,2.728,2026-05-17,3050.0
LIM-00613,Ate,-12.034119082670621,-76.92409645179517,89.5,3,1,3,False,False,False,30,8.962,2026-06-18,
LIM-00614,Comas,-11.93792034618949,-77.06736991239708,123.3,3,2,2,True,False,False,15,3.832,2026-03-03,3100.0
LIM-00615,Surco (Santiago de Surco),-12.13154430007543,-76.99441225664997,89.9,3,2,13,False,True,True,31,2.31,2026-05-08,3850.0
LIM-00616,pueblo libre,-12.078088134384885,-77.07296052151398,89.1,3,2,12,False,True,False,7,4.913,2026-03-15,4150.0
LIM-00617,San Miguel,-12.074610868631263,-77.08936825225044,51.8,1,1,4,False,False,False,6,6.287,2026-05-29,1950.0
LIM-00618,Surco (Santiago de Surco),-12.120685767420568,-76.99158501905339,63.3,2,1,6,False,False,False,1,2.401,2026-07-09,2300.0
LIM-00619,Miraflores,-12.12175058550396,-77.03155098371427,78.0,2,2,5,True,False,False,9,1.873,2026-03-21,7500.0
LIM-00620,San Isidro,-12.090825906675795,-77.04662951826676,78.9,2,1,17,False,True,False,5,3.868,2026-06-13,5350.0
LIM-00621,San Miguel,-12.076843679085004,-77.09154044341257,60.2,1,1,9,True,False,False,7,6.603,2026-02-28,2550.0
LIM-00622,Magdalena del Mar,-12.094004751487054,-77.08175885475542,81.1,3,2,4,True,False,False,16,6.778,2026-05-30,4150.0
LIM-00623,Comas,-11.92231907091674,-77.06144086999473,101.6,3,3,2,True,False,False,1,5.538,2026-06-09,2750.0
LIM-00624,Magdalena del Mar,-12.081079239627526,-77.06252247039116,62.1,3,2,8,False,False,False,17,4.285,2026-04-08,3100.0
LIM-00625,Ate,-12.045447154217651,-76.93103528140524,77.9,2,1,5,False,False,False,7,8.982,2026-02-21,2100.0
LIM-00626,La Molina,-12.084226550944768,-76.91911816395728,117.9,3,2,7,True,True,False,25,9.451,2026-04-27,6450.0
LIM-00627,Surquillo,-12.123122446042611,-77.01837028310145,46.9,1,1,9,True,False,False,25,0.482,2026-06-20,1600.0
LIM-00628,San Isidro,-12.09927565855518,-77.03175792871312,70.1,2,1,12,True,False,False,9,2.322,2026-05-01,5850.0
LIM-00629,San Borja,-12.104587226549416,-77.0076330010829,106.8,3,2,8,True,False,False,7,0.654,2026-07-05,8500.0
LIM-00630,Surquillo,-12.104492636925169,-77.0037934614055,64.5,2,2,4,False,False,False,12,0.94,2026-04-10,2450.0
LIM-00631,San Martín de Porres,-11.98990934923707,-77.08210751763342,77.3,2,1,5,False,True,True,24,2.631,2026-04-16,1650.0
LIM-00632,Surquillo,-12.128011108670853,-77.02222941971759,48.7,2,1,6,False,False,True,20,0.848,2026-07-17,2300.0
LIM-00633,San Isidro,-12.085476207231856,-77.04360618025531,61.5,2,1,8,False,False,True,42,3.37,2026-04-05,4250.0
LIM-00634,La Molina,-12.087865284152532,-76.94842190430947,105.5,3,2,6,True,True,False,6,6.251,2026-04-21,7200.0
LIM-00635,San Isidro,-12.109043896268131,-77.03167983212457,162.5,4,2,7,True,False,True,7,2.169,2026-03-26,14900.0
LIM-00636,Miraflores,-12.105063383150817,-77.02732627171243,89.9,2,1,10,False,True,False,26,1.89,2026-05-25,6200.0
LIM-00637,Lince,-12.067540652039145,-77.03377831679732,44.4,2,2,9,False,False,False,9,1.409,2026-05-06,1950.0
LIM-00638,Pueblo Libre,-12.070435036211913,-77.07163705701541,94.0,2,1,3,True,False,False,5,4.344,2026-02-15,3750.0
LIM-00639,San Miguel,-12.068894476777137,-77.10203008168709,61.2,2,1,4,False,True,False,7,7.39,2026-07-07,2600.0
LIM-00640,Chorrillos,-12.165490609495066,-77.02363049139096,81.9,3,2,8,False,False,False,13,0.819,2026-04-15,2600.0
LIM-00641,San Miguel,-12.060650734166254,-77.08727669145406,64.6,2,1,5,False,True,True,38,5.629,2026-02-17,1950.0
LIM-00642,Surquillo,-12.105963177694818,-77.00955288149075,124.2,4,3,5,False,False,True,35,0.431,2026-06-22,5850.0
LIM-00643,San Isidro,-12.113132259329264,-77.02713546963722,59.1,2,2,6,True,True,False,24,1.536,2026-08-04,4450.0
LIM-00644,Barranco,-12.125282307012347,-77.02141760272247,77.4,3,1,5,False,False,False,8,0.721,2026-02-19,5100.0
LIM-00645,Jesús María,-12.06081211732624,-77.04439725670899,64.2,2,2,5,False,False,False,8,1.292,2026-07-01,3150.0
LIM-00646,Chorrillos,-12.180814290463273,-77.02012140845859,103.9,3,2,4,False,False,False,37,0.423,2026-08-01,3650.0
LIM-00647,San Isidro,-12.10955550086829,-77.05760757589114,93.4,3,2,11,False,False,False,7,4.848,2026-03-24,8450.0
LIM-00648,San Borja,-12.102242238835151,-77.00119112147446,134.5,4,4,14,True,False,False,26,1.258,2026-05-01,9050.0
LIM-00649,Lince,-12.08843912046041,-77.03780391950428,85.6,2,1,3,True,False,False,16,2.881,2026-05-12,4000.0
LIM-00650,San Isidro,-12.093240055752013,-77.04916854245315,68.1,2,2,5,False,False,False,7,4.192,2026-03-30,6100.0
LIM-00651,La Molina,-12.077879117904661,-76.95200873010903,279.7,5,4,3,True,True,False,18,5.989,2026-03-12,15550.0
LIM-00652,Los Olivos,-11.975697302655961,-77.06987890302851,105.1,3,2,4,True,False,False,16,0.858,2026-04-24,3050.0
LIM-00653,Lince,-12.098493295912213,-77.04689896142821,57.0,2,1,7,True,False,False,2,3.947,2026-06-21,2950.0
LIM-00654,Barranco,-12.144770178385537,-77.02992942565699,74.8,2,1,6,False,True,False,10,1.577,2026-03-07,3700.0
LIM-00655,Chorrillos,-12.181100654263323,-76.99952517581337,100.3,4,3,5,True,False,True,13,1.984,2026-07-17,3650.0
LIM-00656,Surco (Santiago de Surco),-12.133246850571211,-77.01423247591057,114.8,3,2,10,False,False,False,15,0.175,2026-05-31,4900.0
LIM-00657,Chorrillos,-12.190819917243546,-77.0202981859153,96.1,3,2,4,False,False,False,6,1.458,2026-08-10,4000.0
LIM-00658,Surco (Santiago de Surco),-12.138026192693696,-77.00899571238918,129.4,3,2,5,False,False,False,10,0.852,2026-03-12,7800.0
LIM-00659,Jesús María,-12.065020577307521,-77.05801964157392,105.6,4,3,3,False,False,False,8,2.757,2026-06-12,5650.0
LIM-00660,La Molina,-12.079528809908238,-76.94757284675542,83.9,3,3,8,True,False,False,9,6.429,2026-06-07,5050.0
LIM-00661,Surco (Santiago de Surco),-12.144460295650479,-77.00685091347155,186.5,5,4,4,True,False,False,34,1.0,2026-07-08,9350.0
LIM-00662,Los Olivos,-11.982919172431817,-77.06461283261561,165.2,5,4,6,False,True,True,32,1.217,2026-03-23,5350.0
LIM-00663,Miraflores,-12.12091083572298,-77.01318619256273,96.9,2,1,8,True,True,True,4,0.363,2026-03-14,10000.0
LIM-00664,San Isidro,-12.090467606435768,-77.02659986236677,86.1,3,1,9,False,True,True,11,1.828,2026-05-05,8400.0
LIM-00665,Surco (Santiago de Surco),-12.13013789831769,-76.98270464258735,96.7,3,2,2,False,False,False,21,3.524,2026-03-04,3750.0
LIM-00666,Pueblo Libre,-12.079745918132337,-77.07965682814834,67.6,3,2,9,False,False,False,6,5.619,2026-08-03,3200.0
LIM-00667,Surquillo,-12.11112610669016,-77.02041685226183,61.1,2,1,8,False,True,False,11,1.026,2026-05-24,2800.0
LIM-00668,Comas,-11.924971734344687,-77.05639094719176,47.2,2,2,2,False,False,False,4,5.288,2026-04-16,1200.0
LIM-00669,Surco (Santiago de Surco),-12.132538263752291,-76.98454570903063,155.0,5,3,9,False,False,False,4,3.376,2026-06-27,6900.0
LIM-00670,La Molina,-12.106397775229823,-76.92415976408869,160.3,4,3,4,True,False,False,12,9.095,2026-04-30,10250.0
LIM-00671,Miraflores,-12.118661595942793,-77.01657152490044,43.9,1,1,12,False,True,True,4,0.32,2026-02-19,3900.0
LIM-00672,Jesús María,-12.049072516345449,-77.03824213651592,106.4,2,2,7,True,True,False,14,0.432,2026-06-22,7250.0
LIM-00673,Comas,-11.958448689757386,-77.03039685303352,94.8,3,3,8,False,False,False,13,3.848,2026-05-03,2200.0
LIM-00674,Pueblo Libre,-12.073243304058053,-77.06194429102072,70.4,3,3,7,False,True,False,16,3.634,2026-04-13,3600.0
LIM-00675,Jesús María,-12.076316025196386,-77.0524687012589,93.7,3,2,4,False,False,False,3,3.194,2026-06-02,5450.0
LIM-00676,La Molina,-12.085649404488699,-76.94307170515607,63.0,1,1,7,False,False,False,2,6.841,2026-03-29,3700.0
LIM-00677,San Martín de Porres,-11.996568974162155,-77.09158063306825,89.7,3,2,3,False,False,True,45,3.523,2026-04-28,2100.0
LIM-00678,San Borja,-12.094620336167244,-76.99778839457078,92.3,3,2,13,True,True,False,10,1.081,2026-07-06,6650.0
LIM-00679,Miraflores,-12.12008260056319,-77.05012222632533,77.0,3,2,4,True,False,True,18,3.891,2026-04-24,5600.0
LIM-00680,Surco (Santiago de Surco),-12.119672885313456,-77.00135422843881,61.3,2,2,7,False,True,True,12,1.371,2026-03-30,3350.0
LIM-00681,San Isidro,-12.098611867905438,-77.03808400658478,98.1,3,2,6,False,False,True,10,2.994,2026-04-24,10200.0
LIM-00682,Miraflores,-12.125301641287695,-77.01800437650977,105.3,2,1,17,False,True,False,12,0.351,2026-03-03,
LIM-00683,San Isidro,-12.105230195796464,-77.02336691346736,96.8,3,2,10,True,False,False,6,1.474,2026-05-05,8500.0
LIM-00684,Magdalena del Mar,-12.117305044349441,-77.087263404777,72.5,1,1,8,True,False,False,11,7.933,2026-03-02,4450.0
LIM-00685,Jesús María,-12.070290623056891,-77.02408759879245,189.1,5,3,5,False,True,True,23,1.172,2026-06-15,12150.0
LIM-00686,Surco (Santiago de Surco),-12.110351996538338,-76.99321951825873,70.7,2,1,9,False,False,False,10,1.891,2026-07-28,2950.0
LIM-00687,La Molina,-12.08130117427257,-76.94231946040763,140.9,4,2,4,False,False,False,36,6.966,2026-05-28,6400.0
LIM-00688,Callao,-12.04835903175006,-77.13751232181986,91.9,3,2,2,True,True,False,16,10.224,2026-02-18,2500.0
LIM-00689,San Miguel,-12.082356375900174,-77.10024068868144,148.5,5,4,10,False,True,True,5,7.719,2026-03-20,7600.0
LIM-00690,San Borja,-12.111232000695283,-76.98600211426161,101.9,3,2,20,False,True,False,18,2.68,2026-06-25,6350.0
LIM-00691,Surco (Santiago de Surco),-12.12318430214,-76.99296265844745,115.2,3,2,3,False,False,False,25,2.346,2026-03-20,5650.0
LIM-00692,Los Olivos,-11.944795676316522,-77.07020622328497,103.5,3,2,3,True,False,False,8,3.138,2026-03-31,2600.0
LIM-00693,Barranco,-12.131544624770438,-77.0186739339531,49.9,2,1,12,True,True,False,14,0.416,2026-07-23,4150.0
LIM-00694,Surco (Santiago de Surco),-12.125337064443263,-77.01231845166103,71.9,2,1,8,False,False,False,3,0.273,2026-05-26,3700.0
LIM-00695,San Martín de Porres,-11.998478193047315,-77.08175930264082,82.4,2,1,2,False,False,True,13,2.456,2026-07-26,2350.0
LIM-00696,San Borja,-12.105783373028792,-76.98170003573642,122.3,3,2,6,True,True,True,8,3.172,2026-03-05,10000.0
LIM-00697,San Miguel,-12.08644208783314,-77.0797595085352,84.0,3,2,4,True,True,False,4,6.063,2026-03-21,4300.0
LIM-00698,Jesús María,-12.090978010255633,-77.0505023933054,74.9,3,2,8,False,False,False,8,4.268,2026-06-10,3200.0
LIM-00699,Lince,-12.09862158029312,-77.01453597590766,105.5,3,2,4,False,False,True,14,0.522,2026-04-21,5700.0
LIM-00700,Surco (Santiago de Surco),-12.134402399585737,-77.01010918208122,50.4,3,3,5,True,False,False,41,0.61,2026-02-22,3000.0
LIM-00701,Barranco,-12.15290390713712,-77.03306037197828,46.2,1,1,11,True,True,True,22,1.81,2026-08-04,3250.0
LIM-00702,Surco (Santiago de Surco),-12.152633300456635,-76.97263653147412,42.7,1,1,7,False,False,False,30,4.771,2026-05-08,1650.0
LIM-00703,Miraflores,-12.121547880548597,-77.02246432258029,110.4,3,2,14,True,True,True,25,0.953,2026-03-07,8150.0
LIM-00704,Los Olivos,-11.97272116389359,-77.07496664810523,85.3,3,2,2,True,False,False,19,1.314,2026-05-07,3250.0
LIM-00705,Surco (Santiago de Surco),-12.149074186263409,-76.99566382279242,129.4,3,2,5,True,False,False,9,2.277,2026-08-06,6000.0
LIM-00706,Jesús María,-12.078042148127441,-77.05867957335754,77.3,2,1,4,True,True,False,15,3.756,2026-04-27,3200.0
LIM-00707,Surquillo,-12.118551436008595,-77.01418088877831,90.2,2,1,4,False,False,True,5,0.103,2026-05-19,4400.0
LIM-00708,San Miguel,-12.084799645679094,-77.09043133864427,74.9,3,3,2,False,False,True,15,6.91,2026-06-11,2850.0
LIM-00709,Magdalena del Mar,-12.084379958022689,-77.07546138348165,88.9,3,2,2,True,False,False,15,5.556,2026-07-31,5500.0
LIM-00710,Magdalena del Mar,-12.118334818745119,-77.08961707458253,84.9,2,1,3,True,True,False,10,8.175,2026-03-06,3550.0
LIM-00711,Comas,-11.966829587888531,-77.05882292666718,105.8,3,3,5,True,False,False,10,0.735,2026-04-03,2950.0
LIM-00712,Lince,-12.085060570586611,-77.03965413718906,116.6,4,3,3,False,False,False,10,2.943,2026-07-13,5950.0
LIM-00713,Surquillo,-12.113546473727292,-77.02933172712586,38.7,1,1,6,False,False,False,17,1.751,2026-03-17,1150.0
LIM-00714,San Martín de Porres,-11.994049418367773,-77.06539909010155,88.1,3,2,3,False,True,True,15,0.776,2026-04-26,2400.0
LIM-00715,Surquillo,-12.121167682099347,-76.99146334370597,69.3,2,1,4,False,False,False,28,2.44,2026-07-22,2250.0
LIM-00716,Miraflores,-12.132115085661107,-77.00608855845417,76.2,1,1,5,True,False,False,32,1.064,2026-05-07,4600.0
LIM-00717,Jesús María,-12.07368779359234,-77.04119852683486,70.4,3,2,4,True,False,False,13,2.429,2026-04-06,
LIM-00718,Miraflores,-12.126398937624176,-77.03258702094895,63.2,1,1,10,False,False,False,9,1.935,2026-05-16,4250.0
LIM-00719,Lince,-12.066487143144132,-77.03414426699125,111.0,3,3,3,False,True,False,9,1.36,2026-08-02,
LIM-00720,Callao,-12.060490726999102,-77.11323277283846,83.1,3,2,2,True,False,False,5,8.425,2026-04-26,2700.0
LIM-00721,San Borja,-12.108938221820605,-77.00364297302953,196.4,5,4,7,True,False,False,7,0.761,2026-03-25,12750.0
LIM-00722,Magdalena del Mar,-12.065794982324825,-77.05987427927853,92.4,3,2,7,False,False,True,21,2.974,2026-05-31,4550.0
LIM-00723,San Isidro,-12.099537122720768,-77.06112872993194,77.5,3,2,9,True,False,False,18,5.499,2026-07-07,6100.0
LIM-00724,Callao,-12.049926117617611,-77.12164870664785,101.4,3,3,10,False,True,False,10,8.95,2026-05-28,2650.0
LIM-00725,Miraflores,-12.113344286799364,-77.01978714209518,77.7,3,1,9,True,False,False,27,0.811,2026-02-23,6000.0
LIM-00726,San Isidro,-12.088423180275383,-77.04684191576736,130.6,5,3,13,True,False,False,12,3.799,2026-03-02,9150.0
LIM-00727,Barranco,-12.145926152815065,-77.02428178669413,48.2,1,1,9,True,True,False,17,1.029,2026-05-17,2700.0
LIM-00728,San Isidro,-12.094873910467074,-77.02957627900508,47.8,1,1,8,True,False,False,6,2.055,2026-04-23,4450.0
LIM-00729,Magdalena del Mar,-12.094295988521955,-77.05748077071554,87.6,2,1,2,False,False,False,19,5.089,2026-04-24,2950.0
LIM-00730,San Borja,-12.115211926826806,-77.01412725938599,117.6,3,2,10,False,False,False,2,0.279,2026-04-04,9950.0
LIM-00731,Surco (Santiago de Surco),-12.131093774365928,-77.01141689385307,104.1,3,2,9,True,False,True,11,0.561,2026-06-11,5550.0
LIM-00732,San Isidro,-12.072856249950906,-77.04805236225407,105.4,3,2,18,True,True,False,10,2.614,2026-06-17,11250.0
LIM-00733,Miraflores,-12.106571817092437,-77.0478504302061,88.7,3,2,7,False,False,False,14,3.903,2026-07-28,6950.0
LIM-00734,La Molina,-12.083152983733305,-76.96279654146494,68.5,1,1,17,False,True,False,41,4.732,2026-03-20,2400.0
LIM-00735,san isidro,-12.086930042422729,-77.04837193437233,93.0,3,2,13,False,True,True,7,3.912,2026-08-07,8750.0
LIM-00736,Pueblo Libre,-12.084030110904768,-77.04829807742105,114.3,3,2,10,True,False,False,17,3.755,2026-02-23,
LIM-00737,Barranco,-12.152526145850397,-77.02514492181683,74.0,2,2,4,False,True,False,19,0.951,2026-05-14,4150.0
LIM-00738,Surco (Santiago de Surco),-12.12362580186979,-76.99462349872613,62.5,2,1,7,False,False,False,19,2.186,2026-06-27,2650.0
LIM-00739,La Molina,-12.068953993678502,-76.95666557108105,98.9,3,3,13,True,True,False,10,5.799,2026-02-12,4600.0
LIM-00740,La Molina,-12.096050394065145,-76.93759755509923,131.5,5,3,3,False,False,False,4,7.468,2026-07-06,6600.0
LIM-00741,San Isidro,-12.103003059713078,-77.014190831666,151.0,4,2,2,True,False,True,14,0.841,2026-05-16,13900.0
LIM-00742,Miraflores,-12.094923490473457,-77.04005155860847,40.1,1,1,7,True,True,True,9,3.193,2026-07-13,3400.0
LIM-00743,Chorrillos,-12.173544865002771,-76.99740301954711,92.0,3,2,11,False,False,False,15,2.24,2026-06-15,2550.0
LIM-00744,San Isidro,-12.075319656327597,-77.03232690740198,63.1,2,1,16,True,False,False,7,2.035,2026-04-28,4850.0
LIM-00745,San Borja,-12.10581771219269,-76.99839763800853,105.9,2,2,7,False,False,True,17,1.395,2026-08-02,6850.0
LIM-00746,Magdalena del Mar,-12.092545836612095,-77.0708985140121,94.1,2,1,4,True,False,False,30,5.845,2026-06-30,4350.0
LIM-00747,Surco (Santiago de Surco),-12.138665890651918,-76.9903136820124,88.2,3,2,8,True,False,True,6,2.784,2026-07-07,7950.0
LIM-00748,La Molina,-12.075489338301878,-76.92291474697124,134.6,3,2,12,True,False,False,16,9.147,2026-06-07,8600.0
LIM-00749,San Miguel,-12.061106669396352,-77.08655735121813,112.3,3,3,7,False,True,False,11,5.561,2026-08-05,4200.0
LIM-00750,Chorrillos,-12.18712002676169,-77.0116067139463,77.8,2,1,10,False,True,False,19,1.199,2026-03-10,2400.0
LIM-00751,Barranco,-12.153629406626646,-77.02645799783956,45.6,1,1,15,False,False,False,6,1.116,2026-07-06,3000.0
LIM-00752,Surco (Santiago de Surco),-12.124019057707509,-76.98493107436244,149.9,5,3,8,False,True,True,2,3.213,2026-07-23,11650.0
LIM-00753,Barranco,-12.150954583653412,-77.03288216368348,91.3,2,2,11,False,False,True,9,1.781,2026-05-14,8450.0
LIM-00754,Magdalena del Mar,-12.101420625622398,-77.07439195212504,93.4,3,2,7,False,False,False,18,6.832,2026-06-12,3250.0
LIM-00755,Lince,-12.072985494153567,-76.99870059733063,54.5,1,1,2,False,False,False,10,1.71,2026-06-15,
LIM-00756,Barranco,-12.13615856154345,-77.05145027903575,96.0,3,2,9,False,False,False,4,3.895,2026-04-01,5250.0
LIM-00757,Surco (Santiago de Surco),-12.140395705088066,-76.99220223604398,182.6,5,4,3,True,False,False,15,2.561,2026-06-22,9950.0
LIM-00758,San Martín de Porres,-11.996351601664145,-77.07734052494946,86.6,2,2,2,False,False,False,9,1.977,2026-07-20,2550.0
LIM-00759,San Isidro ,-12.111701697550851,-77.03943706850984,87.6,2,1,14,True,True,True,9,2.866,2026-07-11,7450.0
LIM-00760,Magdalena del Mar,-12.106245770925744,-77.07815423113281,55.5,1,1,4,False,True,False,13,7.112,2026-08-07,2350.0
LIM-00761,Pueblo Libre,-12.072110017214401,-77.06200308272207,59.6,1,1,5,False,False,False,30,3.56,2026-02-14,2700.0
LIM-00762,Miraflores ,-12.120723118549042,-77.03242403930557,53.2,2,2,6,False,True,True,4,1.994,2026-04-29,5800.0
LIM-00763,San Isidro,-12.108802513100768,-77.03403624325415,88.6,1,1,7,False,False,False,11,2.412,2026-05-06,7050.0
LIM-00764,Miraflores,-12.129691687096708,-77.0352513284698,67.3,2,1,8,False,False,False,23,2.176,2026-06-24,3250.0
LIM-00765,San Martín de Porres,-12.011680532439467,-77.05633128617504,101.4,3,2,4,False,False,False,31,1.607,2026-05-30,1850.0
LIM-00766,San Isidro,-12.091739281717043,-77.03972416491956,63.9,3,2,9,True,True,False,26,3.188,2026-06-20,
LIM-00767,Miraflores,-12.144711670360303,-77.0225646631085,71.1,3,1,11,False,True,False,5,0.805,2026-05-30,5800.0
LIM-00768,San Isidro,-12.109338926754724,-77.04472843319812,62.6,2,1,13,False,True,True,10,3.489,2026-04-04,5700.0
LIM-00769,Miraflores,-12.143455298573988,-77.01820228363518,79.6,2,2,4,False,False,True,9,0.317,2026-08-08,5950.0
LIM-00770,Jesús María,-12.068571752753705,-77.0401983865518,47.5,2,1,8,False,True,False,4,1.85,2026-03-20,2250.0
LIM-00771,Barranco,-12.171032802600656,-77.01636887716161,73.5,2,1,9,True,True,False,12,0.784,2026-04-11,6000.0
LIM-00772,Jesús María,-12.073219249617575,-77.06132802427463,73.2,1,1,7,False,False,False,7,3.581,2026-02-23,3200.0
LIM-00773,Jesús María,-12.053925711811031,-77.05802883648677,84.8,3,2,3,False,True,False,7,2.38,2026-05-25,3550.0
LIM-00774,Chorrillos,-12.154618792224749,-76.99786592417105,48.3,2,1,4,False,False,False,45,2.061,2026-06-14,1400.0
LIM-00775,San Isidro,-12.118870890830147,-77.04586168449252,104.8,2,2,13,True,False,False,9,3.461,2026-08-05,9600.0
LIM-00776,Chorrillos,-12.171119084780429,-77.01040917395746,74.5,1,1,2,False,False,False,17,1.086,2026-08-10,2200.0
LIM-00777,Jesús María,-12.085467655556567,-77.06033605596218,85.8,3,2,17,True,True,False,7,4.518,2026-03-28,
LIM-00778,Miraflores,-12.135417632428524,-77.01729940117278,41.2,1,1,13,False,False,False,5,0.242,2026-07-09,3100.0
LIM-00779,San Miguel,-12.078761639452681,-77.10103676828996,52.4,1,1,3,False,True,False,8,7.635,2026-05-07,1650.0
LIM-00780,Chorrillos,-12.159960506116802,-77.02965825465049,72.4,3,2,4,False,False,True,10,1.395,2026-05-20,2700.0
LIM-00781,Barranco,-12.142204093509356,-77.02994810972037,108.7,4,3,4,False,False,False,14,1.549,2026-07-25,8000.0
LIM-00782,San Martín de Porres,-12.007481691141795,-77.08724563115993,106.5,3,2,7,False,True,False,15,3.246,2026-06-30,2650.0
LIM-00783,Magdalena del Mar,-12.08703959203108,-77.07084391974091,81.3,2,1,6,True,False,False,11,5.388,2026-07-01,5200.0
LIM-00784,Jesús María,-12.100524499982582,-77.04816739552635,59.5,2,2,7,False,False,False,2,4.107,2026-04-25,2200.0
LIM-00785,Comas,-11.952035349581198,-77.07514187295895,66.7,2,2,3,True,False,False,24,2.598,2026-03-25,1600.0
LIM-00786,Surco (Santiago de Surco),-12.144886698536414,-76.99533536416558,103.8,2,2,9,True,True,True,4,2.237,2026-04-02,7600.0
LIM-00787,Surquillo,-12.113760151699132,-77.0312220168875,81.3,1,2,3,True,False,False,21,1.944,2026-07-07,2700.0
LIM-00788,Surco (Santiago de Surco),-12.13743393556392,-76.98727731161999,101.6,3,1,20,False,True,False,13,3.115,2026-02-16,4650.0
LIM-00789,Surquillo,-12.116397653123437,-77.00757716521353,112.3,4,3,7,False,False,False,19,0.692,2026-05-06,3300.0
LIM-00790,Jesús María,-12.075696634361275,-77.0492873680626,64.3,2,1,9,True,False,True,29,2.956,2026-05-10,3100.0
LIM-00791,Barranco,-12.149131113108131,-77.01814015916409,74.1,3,3,9,False,False,False,28,0.291,2026-03-11,4450.0
LIM-00792,La Molina,-12.080318428396502,-76.92417451067203,64.0,2,1,4,False,False,False,13,8.938,2026-05-22,3200.0
LIM-00793,Surco (Santiago de Surco),-12.133208027686772,-76.9968912359087,101.6,4,2,5,False,False,True,20,2.046,2026-03-14,5850.0
LIM-00794,San Isidro,-12.100612221799256,-77.0480310954006,136.0,4,3,8,False,True,True,11,4.094,2026-07-19,12650.0
LIM-00795,San Isidro,-12.092379020642344,-77.02974965716874,60.9,2,2,16,False,True,True,11,2.106,2026-07-06,4700.0
LIM-00796,Surco (Santiago de Surco),-12.125086517476166,-77.00859184518919,124.4,4,3,4,True,False,False,10,0.678,2026-03-04,6100.0
LIM-00797,San Isidro,-12.103872310688672,-77.03922682755928,134.8,4,3,10,True,False,False,24,3.163,2026-02-15,
LIM-00798,Miraflores,-12.121812832768072,-77.036587880553,60.1,1,1,5,True,False,False,18,2.408,2026-07-09,4350.0
LIM-00799,Pueblo Libre,-12.059657121243442,-77.07152183799852,87.1,3,2,8,False,True,False,18,3.925,2026-05-12,3750.0
LIM-00800,Pueblo Libre,-12.086833128127209,-77.06610105114774,124.3,3,2,4,False,False,False,9,5.023,2026-08-09,3750.0
LIM-00801,San Miguel,-12.05574357364493,-77.08200130408542,84.0,2,2,8,False,True,False,22,4.994,2026-06-13,4150.0
LIM-00802,Surco (Santiago de Surco),-12.151069859696875,-76.98173197454011,122.2,3,2,11,True,False,True,23,3.779,2026-07-02,7250.0
LIM-00803,Los Olivos,-11.973044375334457,-77.06038552964291,49.9,1,1,12,False,False,True,3,0.293,2026-03-23,1700.0
LIM-00804,Jesús María,-12.085002279962513,-77.04496375093046,96.8,3,2,6,True,False,False,40,3.5,2026-03-26,3800.0
LIM-00805,Miraflores,-12.094844876037568,-77.03249259873665,88.5,3,2,10,False,True,False,9,2.372,2026-04-05,6250.0
LIM-00806,Miraflores,-12.127140200346165,-77.0576938999448,49.1,1,1,9,False,True,True,18,4.627,2026-03-31,4400.0
LIM-00807,Pueblo Libre,-12.079610093878344,-77.05868806808068,55.1,2,2,5,False,True,False,6,3.89,2026-06-19,2700.0
LIM-00808,Miraflores,-12.125548984879279,-77.0567519806971,91.0,2,1,13,False,False,False,9,4.558,2026-07-30,
LIM-00809,San Borja,-12.107152766305273,-77.02168040731767,81.7,2,2,6,False,True,True,29,1.238,2026-04-17,5700.0
LIM-00810,Comas,-11.946941301346854,-77.06394001186943,135.6,5,4,5,True,True,True,6,2.8,2026-07-31,4950.0
LIM-00811,San Isidro,-12.09879464165547,-77.03352507306442,867.9,3,2,3,False,True,True,16,2.504,2026-07-05,7900.0
LIM-00812,San Isidro,-12.139550519436286,-77.04211301884595,86.5,3,2,7,False,False,False,11,2.884,2026-03-11,7850.0
LIM-00813,Comas,-11.942314081967977,-77.04357362621687,90.0,3,1,6,False,False,False,2,3.923,2026-04-05,2450.0
LIM-00814,jesús maría,-12.073386320542161,-77.04345478010978,87.9,2,1,6,False,False,True,20,2.463,2026-04-06,4800.0
LIM-00815,Miraflores,-12.10863717443105,-77.03239289488154,97.0,3,2,14,True,False,False,25,2.259,2026-07-05,7350.0
LIM-00816,Los Olivos,-11.953191268620646,-77.05486428065782,104.4,4,4,4,True,True,False,12,2.277,2026-05-12,4000.0
LIM-00817,Los Olivos,-11.971152496736702,-77.05271863982924,76.9,3,2,7,False,False,False,22,1.112,2026-04-21,1900.0
LIM-00818,San Borja,-12.098505251019912,-76.9924492956783,133.8,4,2,5,True,False,False,10,1.804,2026-06-15,6400.0
LIM-00819,Jesús María,-12.086818825365338,-77.0583030919171,98.7,3,2,9,True,True,False,9,4.519,2026-02-20,5400.0
LIM-00820,Surco (Santiago de Surco),-12.125791891887646,-77.00160324517226,107.5,4,3,8,False,True,False,23,1.435,2026-06-29,5350.0
LIM-00821,San Isidro,-12.104069709589616,-77.05406086455592,87.5,2,2,9,False,False,False,9,4.632,2026-04-10,6550.0
LIM-00822,Jesús María,-12.087816369617562,-77.04950900255761,93.9,3,2,9,False,True,True,28,4.057,2026-08-07,3700.0
LIM-00823,Surco (Santiago de Surco),-12.137227064138449,-77.00760049729733,52.9,1,1,11,True,False,True,36,0.955,2026-06-30,3150.0
LIM-00824,Lince,-12.068294330633627,-77.03724889723036,73.5,2,2,9,False,False,False,12,1.749,2026-03-08,3150.0
LIM-00825,Chorrillos,-12.172527933559229,-77.01497279636334,138.6,3,2,8,True,True,False,20,0.668,2026-03-23,4650.0
LIM-00826,San Isidro,-12.07924214222786,-77.06050450370404,91.2,2,1,12,True,True,False,30,3.987,2026-04-02,6100.0
LIM-00827,Jesús María,-12.08258479256579,-77.06416489522226,82.2,2,2,3,False,False,False,3,4.529,2026-06-26,3300.0
LIM-00828,Barranco,-12.136825786745424,-77.02748217665803,57.8,2,1,9,False,True,True,9,1.322,2026-07-18,4000.0
LIM-00829,Los Olivos,-11.976725920446842,-77.07213032842468,103.0,3,2,4,True,False,False,17,1.128,2026-05-13,3200.0
LIM-00830,Barranco,-12.14669605594213,-77.02732668959686,65.8,2,1,10,False,False,False,16,1.279,2026-04-22,4150.0
LIM-00831,Jesús María,-12.070999806056088,-77.05224621517664,121.6,3,2,10,True,True,False,18,2.706,2026-04-08,4700.0
LIM-00832,San Borja,-12.10036209919291,-77.0070742463535,68.3,2,2,11,True,True,False,12,0.642,2026-07-22,4750.0
LIM-00833,La Molina,-12.083791112561064,-76.96259279810171,95.2,3,1,10,True,True,False,12,4.744,2026-04-04,4250.0
LIM-00834,Lince,-12.093970214453863,-77.0397170093287,56.1,2,2,2,True,True,False,23,3.161,2026-06-28,2350.0
LIM-00835,Pueblo Libre,-12.06303631657489,-77.06565802229917,134.9,3,2,5,True,False,True,19,3.415,2026-05-14,6850.0
LIM-00836,Jesús María,-12.052820120868097,-77.05272468124328,75.3,2,1,5,True,False,False,1,1.798,2026-03-01,3700.0
LIM-00837,San Miguel,-12.084405641067073,-77.09145844897444,65.5,1,1,7,True,False,False,21,6.984,2026-05-03,1850.0
LIM-00838,Comas,-11.96502278491734,-77.0569732651543,48.7,2,1,8,False,True,False,12,1.017,2026-04-04,1050.0
LIM-00839,La Molina,-12.080808165179755,-76.93701928527724,82.2,3,1,8,True,True,False,16,7.545,2026-03-08,5550.0
LIM-00840,San Borja,-12.112274164728627,-77.00620261002614,106.6,2,1,4,True,False,False,2,0.557,2026-07-05,8100.0
LIM-00841,San Isidro,-12.098773234271464,-77.05560956164703,100.5,3,1,10,False,True,False,18,4.894,2026-02-22,10450.0
LIM-00842,Surquillo,-12.108025866931227,-77.00224084361126,52.8,2,1,1,False,False,False,2,0.928,2026-06-04,2050.0
LIM-00843,San Borja,-12.113776709157907,-76.99397464901266,74.4,2,1,11,False,False,False,24,1.863,2026-05-21,3400.0
LIM-00844,La Molina,-12.090026223656125,-76.95665594821409,199.5,5,4,6,False,False,False,21,5.355,2026-03-17,9950.0
LIM-00845,Miraflores,-12.122301434203239,-77.02606753932209,177.7,5,3,15,True,True,True,6,1.282,2026-05-09,18050.0
LIM-00846,Los Olivos,-11.95126295274418,-77.05868406320079,127.1,3,2,8,False,True,False,7,2.362,2026-05-05,3800.0
LIM-00847,La Molina,-12.086439164750637,-76.92444988169713,181.2,5,4,13,True,False,False,10,8.861,2026-02-26,12400.0
LIM-00848,Lince,-12.09992808296978,-77.0302926766861,119.9,3,2,5,True,False,False,11,2.179,2026-07-15,6100.0
LIM-00849,Miraflores,-12.135450541773693,-77.0166839523518,152.3,4,3,20,True,True,True,18,0.203,2026-06-27,11800.0
LIM-00850,Ate,-12.044729240940084,-76.93051522486778,83.5,2,1,7,True,True,False,5,8.981,2026-06-07,
LIM-00851,Miraflores,-12.134653136008293,-77.02983083301916,56.6,2,1,8,False,False,True,10,1.538,2026-06-25,4500.0
LIM-00852,Miraflores,-12.13984764184309,-77.03342015179108,134.9,4,4,15,True,True,True,22,1.941,2026-02-24,15500.0
LIM-00853,Chorrillos,-12.167073568108792,-77.01398916177955,60.2,1,1,4,False,False,True,2,0.652,2026-07-23,2800.0
LIM-00854,San Martín de Porres,-11.990686019165578,-77.06126567277477,64.8,1,1,5,False,False,True,22,0.79,2026-07-05,2050.0
LIM-00855,Barranco,-12.153817638406727,-77.01840132726865,50.7,1,2,11,False,True,False,6,0.357,2026-07-18,3650.0
LIM-00856,Magdalena del Mar,-12.091976088506179,-77.0869522888712,74.8,2,2,8,False,False,False,24,7.058,2026-05-28,2650.0
LIM-00857,Pueblo Libre,-12.071342540269654,-77.0782612629586,39.7,1,1,4,False,False,True,6,5.035,2026-07-16,2150.0
LIM-00858,Los Olivos,-11.96167096736837,-77.05175063924695,55.6,2,2,9,True,True,True,6,1.678,2026-06-22,2400.0
LIM-00859,La Molina,-12.079543001152723,-76.93903447905137,90.1,3,2,11,True,False,False,12,7.346,2026-06-13,6450.0
LIM-00860,San Borja,-12.139569463050327,-76.9932230238363,61.4,1,1,16,False,False,False,14,2.458,2026-03-17,3050.0
LIM-00861,San Miguel,-12.080285987501789,-77.09692477666269,109.6,4,2,11,True,True,False,11,7.295,2026-04-09,5150.0
LIM-00862,Pueblo Libre,-12.067385149741863,-77.059885658584,75.2,2,1,10,False,False,False,8,3.068,2026-03-23,3050.0
LIM-00863,San Miguel,-12.08232547909247,-77.10464351887352,93.8,3,2,10,True,False,False,20,8.152,2026-02-27,3500.0
LIM-00864,Jesús María,-12.073165568328882,-77.04435361973157,92.9,3,2,9,False,True,False,6,2.473,2026-05-05,3650.0
LIM-00865,Miraflores,-12.112091600219863,-77.04349844163889,70.2,2,2,9,False,True,False,19,3.288,2026-06-08,4700.0
LIM-00866,San Martín de Porres,-11.997928897200975,-77.08491146134034,123.5,4,3,6,True,True,False,9,2.797,2026-08-03,3450.0
LIM-00867,Chorrillos,-12.15660496699318,-77.02581471778392,94.8,3,2,3,False,True,False,19,1.13,2026-03-15,3850.0
LIM-00868,Surquillo,-12.101176164972626,-77.056588411712,58.7,2,2,10,True,True,True,5,5.002,2026-04-10,3150.0
LIM-00869,Miraflores,-12.122522769835657,-77.03356122351839,43.8,1,1,20,False,True,True,13,2.07,2026-05-14,3050.0
LIM-00870,Miraflores,-12.123476554048697,-77.04018639709355,88.6,3,2,13,True,False,False,5,2.771,2026-05-04,8400.0
LIM-00871,San Miguel,-12.111603889262417,-77.09532467860669,52.1,2,1,5,False,False,True,9,8.889,2026-02-27,2500.0
LIM-00872,San Isidro,-12.101118026362688,-77.03667932639421,96.0,2,1,7,False,False,False,17,2.886,2026-05-09,7000.0
LIM-00873,Ate,-12.062639226712527,-76.89478481668422,94.4,2,1,4,True,False,True,10,12.433,2026-05-02,2750.0
LIM-00874,La Molina,-12.084145245495993,-76.94154349203411,71.2,2,2,12,False,True,False,31,7.018,2026-06-09,2950.0
LIM-00875,Pueblo Libre,-12.07176555146656,-77.05909064840421,81.5,2,2,8,False,False,False,8,3.291,2026-02-27,3550.0
LIM-00876,Los Olivos,-11.960549730927678,-77.06555263397738,93.6,3,2,5,False,False,False,18,1.316,2026-07-08,
LIM-00877,La Molina,-12.070039954336622,-76.9347382978531,117.1,3,3,7,True,True,True,6,8.02,2026-03-25,9950.0
LIM-00878,Surco (Santiago de Surco),-12.135315233156064,-76.98954864655376,99.6,3,2,9,False,False,False,31,2.847,2026-08-08,4700.0
LIM-00879,Jesús María,-12.046235004256923,-77.04561944370691,64.9,2,2,3,False,False,False,25,1.233,2026-07-28,2600.0
LIM-00880,Jesús María,-12.070810582657362,-77.04046503697725,96.7,3,2,5,False,False,False,14,2.099,2026-05-08,5200.0
LIM-00881,La Molina,-12.102522596724599,-76.97431961304997,88.3,3,2,6,False,False,False,13,3.748,2026-05-30,4150.0
LIM-00882,Jesús María,-12.080344862501322,-77.02393138100066,56.7,2,1,5,False,False,True,11,1.156,2026-08-05,2700.0
LIM-00883,Callao,-12.061072960403694,-77.09902324186343,105.5,3,3,7,False,False,True,17,6.899,2026-06-08,3300.0
LIM-00884,Magdalena del Mar,-12.08839447418616,-77.07309437097769,105.3,3,2,3,False,False,True,22,5.667,2026-04-09,5550.0
LIM-00885,Miraflores,-12.132466998802752,-77.0463560774049,91.1,3,2,8,True,False,True,3,3.336,2026-04-19,8900.0
LIM-00886,La Molina,-12.090375710593714,-76.93067579481009,102.9,2,1,8,False,True,True,15,8.18,2026-07-21,7550.0
LIM-00887,La Molina,-12.088732483369553,-76.95352651798878,59.1,1,1,7,False,False,False,2,5.695,2026-06-05,3350.0
LIM-00888,Miraflores,-12.126477449691867,-77.0229939078011,120.5,4,3,9,True,True,True,17,0.895,2026-03-06,9000.0
LIM-00889,Miraflores,-12.111363015419844,-77.04479486722143,40.1,1,1,4,False,False,True,16,3.443,2026-02-28,3000.0
LIM-00890,Lince,-12.077404143338416,-77.00658311721232,82.0,2,1,8,False,True,False,4,0.765,2026-06-20,3950.0
LIM-00891,Surco (Santiago de Surco),-12.121001194378753,-77.01230660114531,186.6,5,4,3,False,False,False,5,0.401,2026-06-11,9950.0
LIM-00892,Callao,-12.060572302173334,-77.1172721671562,89.2,4,3,2,False,False,True,9,8.863,2026-07-26,2750.0
LIM-00893,Barranco,-12.134969669188225,-77.04686624657414,76.8,3,2,12,True,False,False,6,3.39,2026-06-16,4500.0
LIM-00894,Miraflores,-12.137467965031725,-77.02989466942635,84.7,3,2,10,True,True,False,3,1.593,2026-04-21,7600.0
LIM-00895,San Miguel,-12.094060611611878,-77.09790342246166,83.1,2,1,4,False,False,False,6,8.153,2026-04-19,3150.0
LIM-00896,Los Olivos,-11.983465620233094,-77.05785379927313,186.7,5,4,13,False,True,False,22,1.378,2026-04-05,
LIM-00897,Surco (Santiago de Surco),-12.134889459688415,-77.00010455317911,72.5,1,1,6,True,True,True,16,1.699,2026-08-05,4050.0
LIM-00898,Miraflores,-12.106671462601067,-77.01573651700583,55.0,1,1,6,True,True,False,14,0.652,2026-07-23,5150.0
LIM-00899,Miraflores,-12.128325704967676,-77.04168944681106,67.5,2,1,4,False,False,False,13,2.893,2026-05-10,4500.0
LIM-00900,San Borja,-12.114020320859574,-77.00198353923653,157.1,4,3,13,True,True,False,9,1.053,2026-06-28,10750.0
LIM-00901,Magdalena del Mar,-12.098092215463712,-77.07884294517504,64.9,2,2,10,False,True,False,4,6.878,2026-08-06,3000.0
LIM-00902,Barranco,-12.142526062519348,-77.0154529409324,80.3,3,2,9,True,True,False,12,0.064,2026-06-21,6950.0
LIM-00903,San Isidro,-12.102931503640256,-77.03227950688311,119.7,3,2,8,True,False,False,2,2.474,2026-04-10,12150.0
LIM-00904,Magdalena del Mar,-12.101901003494998,-77.06703329814091,100.1,2,1,9,False,False,True,10,6.048,2026-04-19,5650.0
LIM-00905,Callao,-12.072744743160293,-77.11489803276052,117.7,3,2,6,True,False,True,6,8.852,2026-02-25,4400.0
LIM-00906,Lince,-12.091960653334127,-77.02536422208064,107.0,3,2,2,True,False,False,5,1.651,2026-06-17,6050.0
LIM-00907,San Borja,-12.094170458964776,-77.00937436714432,99.3,3,2,5,True,True,False,18,0.232,2026-04-01,6400.0
LIM-00908,Miraflores,-12.120008887898258,-77.02473441599741,64.8,2,2,14,True,True,False,9,1.216,2026-07-10,4850.0
LIM-00909,Barranco,-12.158278254122974,-77.00210152887065,73.4,2,2,4,False,False,False,45,1.672,2026-06-06,4250.0
LIM-00910,Surco (Santiago de Surco),-12.120166272327253,-77.01515991320865,85.2,3,1,6,False,False,False,17,0.312,2026-02-17,4300.0
LIM-00911,San Miguel,-12.084422562024724,-77.08693190454036,174.8,5,4,5,True,False,False,24,6.566,2026-05-06,7250.0
LIM-00912,Los Olivos,-11.95186053304621,-77.06337864266474,74.2,2,1,3,True,False,False,23,2.251,2026-06-11,2050.0
LIM-00913,Los Olivos,-11.952056716265199,-77.05396576347034,102.7,3,2,5,False,False,False,10,2.431,2026-08-03,3950.0
LIM-00914,Comas,-11.942327860483504,-77.05328743680052,58.8,1,1,2,False,True,False,13,3.472,2026-08-02,1350.0
LIM-00915,Comas,-11.96098259432846,-77.0607962086941,99.1,3,2,2,False,False,False,12,1.257,2026-07-08,2500.0
LIM-00916,Callao,-12.029125992615851,-77.11293912165388,77.5,2,2,2,False,False,False,4,6.821,2026-04-22,1750.0
LIM-00917,San Isidro,-12.092552687324826,-77.04552045401473,105.5,3,2,5,False,False,True,24,3.803,2026-07-03,9950.0
LIM-00918,Miraflores,-12.124986644296648,-77.03405561686829,93.9,2,2,15,True,True,True,10,2.095,2026-06-26,8600.0
LIM-00919,Surco (Santiago de Surco),-12.1235264650227,-77.01102843407642,149.5,4,4,9,True,False,False,8,0.476,2026-03-13,10000.0
LIM-00920,San Borja,-12.099872366555743,-76.98075564582787,138.1,4,4,8,True,True,False,5,2.989,2026-06-21,9900.0
LIM-00921,Miraflores,-12.105368739801364,-77.02399811217259,73.4,2,1,9,True,False,False,35,1.534,2026-04-10,4100.0
LIM-00922,Chorrillos,-12.182648173464159,-77.0290933495239,60.6,2,2,14,False,True,True,12,1.362,2026-05-08,2000.0
LIM-00923,Jesús María,-12.069778319046709,-77.04574371644806,61.4,1,1,10,True,False,True,16,2.193,2026-04-23,2900.0
LIM-00924,San Borja,-12.122530442762939,-76.98468782748006,99.2,2,1,14,True,False,False,10,3.158,2026-07-31,9650.0
LIM-00925,Miraflores,-12.113103987251105,-77.01748649209455,78.9,2,1,9,True,False,False,12,0.649,2026-08-06,7600.0
LIM-00926,Barranco,-12.149675344435526,-77.032531663358,76.0,2,2,6,False,False,False,6,1.751,2026-05-25,5050.0
LIM-00927,Miraflores,-12.117727888934159,-77.06700606579055,63.2,1,1,6,True,False,False,7,5.744,2026-05-31,5000.0
LIM-00928,Chorrillos,-12.176456196686086,-77.01335536698124,129.9,4,3,3,False,False,False,7,0.482,2026-03-31,6200.0
LIM-00929,Jesús María,-12.076611865847061,-77.05964243558206,49.9,1,1,4,False,False,False,30,3.708,2026-07-24,1950.0
LIM-00930,Pueblo Libre,-12.084018774088177,-77.05563206992824,62.1,3,2,6,False,False,False,32,4.102,2026-04-13,1750.0
LIM-00931,Surco (Santiago de Surco),-12.12551483742379,-76.98359675533997,67.3,2,1,7,False,False,False,16,3.392,2026-07-30,3700.0
LIM-00932,Surco (Santiago de Surco),-12.117123551559102,-76.98163640266604,88.9,2,1,6,False,True,False,15,3.255,2026-03-14,4300.0
LIM-00933,La Molina,-12.093480020306922,-76.92426311416826,163.9,5,4,6,True,False,False,7,8.89,2026-07-31,10700.0
LIM-00934,San Miguel,-12.070757513940348,-77.07796371698306,71.1,2,1,3,False,False,False,19,4.979,2026-08-03,2450.0
LIM-00935,San Miguel,-12.072213796504078,-77.0718054140546,80.6,3,2,15,False,True,False,16,4.455,2026-02-14,3050.0
LIM-00936,Barranco,-12.149302826263813,-77.00485127588118,86.6,3,2,4,False,True,False,16,1.284,2026-05-21,6150.0
LIM-00937,Callao,-12.074919148800376,-77.10050538911173,76.4,2,1,10,False,False,False,4,7.427,2026-05-22,2100.0
LIM-00938,Miraflores,-12.136719168213327,-77.02989041767157,84.8,2,1,8,True,False,False,37,1.574,2026-03-31,5750.0
LIM-00939,Los Olivos,-11.978271783413819,-77.0869719171748,95.4,3,1,4,True,True,False,10,2.707,2026-06-23,2650.0
LIM-00940,Miraflores,-12.146768056682863,-76.9996127569462,52.2,1,1,7,False,False,False,8,1.827,2026-05-30,5000.0
LIM-00941,Barranco,-12.132503631241132,-77.02064456477741,60.3,1,1,11,False,False,False,11,0.56,2026-05-24,4600.0
LIM-00942,Chorrillos,-12.170287561249843,-77.00335550323231,91.9,3,2,3,False,True,False,7,1.746,2026-07-01,3850.0
LIM-00943,Miraflores,-12.12145953258079,-77.03600329797229,113.0,4,3,9,True,True,False,12,2.353,2026-05-06,11900.0
LIM-00944,La Molina,-12.113082829831214,-76.93363293068946,165.8,4,3,9,False,False,False,14,8.301,2026-08-09,9050.0
LIM-00945,Magdalena del Mar,-12.117386450260245,-77.10503955990048,152.5,5,3,2,False,False,False,19,9.854,2026-03-09,7900.0
LIM-00946,Barranco,-12.149428096658243,-77.02632532069201,81.8,3,2,6,False,False,False,6,1.086,2026-08-05,6100.0
LIM-00947,Pueblo Libre,-12.049954120414194,-77.06428093300072,65.7,2,1,16,False,False,False,8,3.066,2026-07-05,2650.0
LIM-00948,Chorrillos,-12.183083730350477,-77.01254869478034,80.3,2,1,3,False,True,False,9,0.78,2026-07-10,2800.0
LIM-00949,Los Olivos,-11.95853442382705,-77.05863570388078,84.9,3,2,3,False,False,False,8,1.578,2026-05-12,2500.0
LIM-00950,Surco (Santiago de Surco),-12.1407588288921,-77.00812971505957,83.4,3,3,5,False,False,True,31,0.834,2026-02-28,4600.0
LIM-00951,San Borja,-12.107637128888534,-76.99068038173296,101.7,3,2,20,False,True,True,10,2.178,2026-04-26,5500.0
LIM-00952,Barranco,-12.134823793813284,-77.00667999628035,80.3,2,2,17,True,True,False,25,0.986,2026-04-29,5750.0
LIM-00953,Barranco,-12.153551419561998,-76.99324906100695,48.1,2,2,8,False,False,True,16,2.541,2026-04-10,3900.0
LIM-00954,Miraflores,-12.129381258896625,-77.02092046419395,106.2,3,3,14,False,True,False,19,0.758,2026-06-17,7500.0
LIM-00955,Callao,-12.039583153350502,-77.12361407177778,47.2,1,1,4,False,False,False,7,8.425,2026-03-10,1150.0
LIM-00956,Los Olivos,-11.968353306146637,-77.0867611758853,82.0,2,1,4,False,False,False,22,2.629,2026-04-08,1900.0
LIM-00957,San Miguel,-12.064305538912967,-77.07084957242562,112.7,4,3,7,True,False,False,13,3.994,2026-02-27,4750.0
LIM-00958,San Borja,-12.116522986720616,-76.98975189677289,109.3,4,3,11,False,True,False,5,2.39,2026-05-11,6100.0
LIM-00959,San Borja,-12.091419909492467,-76.99886370757896,80.3,2,1,6,False,False,False,5,0.811,2026-03-28,4450.0
LIM-00960,San Borja,-12.105016472705584,-77.01803781953066,169.0,4,3,5,True,True,True,2,0.962,2026-04-06,16300.0
LIM-00961,San Borja,-12.103082548485425,-77.00977420741077,78.2,3,2,9,False,True,False,18,0.741,2026-08-02,4050.0
LIM-00962,Magdalena del Mar,-12.09392044826285,-77.06812415653471,41.1,2,1,3,False,True,False,10,5.776,2026-06-23,1800.0
LIM-00963,Miraflores,-12.127165699783959,-77.02515400371048,86.7,3,2,9,False,False,False,16,1.137,2026-04-08,6800.0
LIM-00964,Miraflores,-12.12112019372594,-77.0527559787076,42.5,2,1,8,False,False,False,25,4.158,2026-04-18,2750.0
LIM-00965,Callao,-12.061911082855872,-77.11050864932197,65.1,2,2,1,True,False,True,3,8.149,2026-07-10,2350.0
LIM-00966,Magdalena del Mar,-12.083985447248262,-77.09452123737864,95.2,2,2,4,True,False,False,9,7.249,2026-02-25,5200.0
LIM-00967,Callao,-12.059036686004823,-77.10185189117676,73.3,1,1,4,True,False,False,4,7.177,2026-03-17,2150.0
LIM-00968,Miraflores,-12.139058086733527,-77.02689732902114,90.3,2,2,2,True,True,True,8,1.26,2026-03-31,7050.0
LIM-00969,San Borja,-12.12845308481987,-77.00416105738499,62.1,2,1,12,True,True,False,4,1.196,2026-03-19,4200.0
LIM-00970,Barranco,-12.170120617827845,-77.00951814793068,92.1,2,1,5,False,False,True,32,1.215,2026-06-30,5050.0
LIM-00971,Barranco,-12.141984350909352,-77.01715800853864,40.7,1,1,11,False,True,True,9,0.159,2026-06-11,3600.0
LIM-00972,San Isidro,-12.111018051736481,-77.02080086869793,129.6,4,2,8,False,False,True,37,1.064,2026-03-18,9500.0
LIM-00973,Miraflores,-12.117498970689937,-77.02843429263932,64.4,2,1,20,False,True,True,16,1.591,2026-06-21,5450.0
LIM-00974,San Martín de Porres,-11.997261105790104,-77.07893416760314,146.9,4,3,4,True,False,False,17,2.147,2026-07-06,4200.0
LIM-00975,Surco (Santiago de Surco),-12.135776503138917,-76.99842300519119,72.6,2,1,2,True,False,False,6,1.89,2026-03-09,4050.0
LIM-00976,Jesús María,-12.068339137559413,-77.0458443942868,148.1,4,3,9,True,False,False,7,2.059,2026-06-13,8800.0
LIM-00977,Magdalena del Mar,-12.093600357554914,-77.05532458944252,57.4,2,1,5,True,False,False,9,4.858,2026-03-19,3400.0
LIM-00978,La Molina,-12.119316756913372,-76.95123317004074,62.0,2,1,14,False,False,True,17,6.542,2026-06-27,3750.0
LIM-00979,San Borja,-12.112183502890181,-76.99082453820803,91.2,3,2,20,False,True,True,2,2.168,2026-02-20,5900.0
LIM-00980,Miraflores,-12.11599876239124,-77.0399653229961,111.3,4,3,6,False,False,True,3,2.851,2026-02-19,10850.0
LIM-00981,Comas,-11.923316606270939,-77.08680078541214,122.4,5,4,2,False,False,True,15,6.015,2026-05-26,3500.0
LIM-00982,Surquillo,-12.094462508601008,-77.01501049511556,94.3,3,2,4,True,False,False,3,0.492,2026-06-25,5000.0
LIM-00983,San Miguel,-12.093757806163024,-77.08835513491836,101.1,3,2,11,True,False,False,15,7.301,2026-03-26,4350.0
LIM-00984,Magdalena del Mar,-12.099696703591754,-77.07702061523331,60.0,1,1,3,True,False,True,31,6.882,2026-04-18,3500.0
LIM-00985,Miraflores,-12.139893377764496,-77.04735181964926,95.8,3,3,5,True,False,False,7,3.449,2026-03-08,8150.0
LIM-00986,San Martín de Porres,-11.98066137909868,-77.07694838710431,92.7,3,2,2,True,False,True,20,1.8,2026-04-14,2250.0
LIM-00987,Surco (Santiago de Surco),-12.122845725502216,-76.99180423639034,75.7,3,3,3,False,False,False,14,2.459,2026-06-06,3900.0
LIM-00988,San Isidro,-12.092992945357643,-77.04736536757311,90.0,2,2,7,False,False,True,4,3.999,2026-08-10,7450.0
LIM-00989,Surco (Santiago de Surco),-12.133006861664878,-77.01124189885768,93.3,3,2,7,False,True,False,1,0.495,2026-07-16,5300.0
LIM-00990,Surquillo,-12.098132426795805,-77.02052865513247,102.3,3,3,20,True,True,True,11,1.1,2026-06-10,5150.0
LIM-00991,Jesús María,-12.05906409766288,-77.04116484903868,67.8,3,2,3,False,False,True,32,0.917,2026-06-06,3400.0
LIM-00992,San Miguel,-12.063503463640128,-77.08780014321849,65.2,3,2,6,False,False,False,13,5.745,2026-06-14,2400.0
LIM-00993,Surquillo,-12.109219841682613,-77.02807004397401,52.0,2,1,7,False,False,False,27,1.816,2026-03-09,2150.0
LIM-00994,Barranco,-12.15359073959417,-77.01975689897974,128.4,4,3,7,True,False,False,38,0.443,2026-05-09,8850.0
LIM-00995,San Martín de Porres,-11.98969450201579,-77.0699544831343,73.3,2,1,4,True,False,False,15,1.457,2026-05-26,1900.0
LIM-00996,Magdalena del Mar,-12.085707497136939,-77.0897719885112,118.1,4,3,5,True,False,False,21,6.903,2026-07-18,6800.0
LIM-00997,Lince,-12.087387649635104,-77.03254213558348,48.9,1,1,4,True,False,False,4,2.314,2026-05-03,2400.0
LIM-00998,San Isidro,-12.101414987026011,-77.02062430823794,100.0,3,2,8,True,False,False,19,1.247,2026-07-21,6900.0
LIM-00999,Comas,-11.9294002407653,-77.07729918586352,103.3,4,3,7,True,False,False,24,5.0,2026-05-23,2150.0
LIM-01000,Surco (Santiago de Surco),-12.115030606694765,-76.98113368450741,141.0,4,3,2,False,False,False,10,3.258,2026-07-18,9250.0
LIM-01001,San Isidro,-12.106192749370978,-77.01726975057213,120.4,4,3,13,False,True,False,11,0.823,2026-03-10,10850.0
LIM-01002,Magdalena del Mar,-12.098660520105375,-77.07836646630204,80.1,2,1,6,True,True,False,27,6.891,2026-06-16,3600.0
LIM-01003,Miraflores,-12.116888803082544,-77.03351610342818,63.2,2,1,5,True,False,False,8,2.145,2026-05-24,5700.0
LIM-01004,Miraflores,-12.115260812027017,-77.01700286697177,126.2,3,2,4,True,False,False,15,0.441,2026-07-07,10150.0
LIM-01005,Jesús María,-12.079868396310896,-77.05123356450036,65.2,1,1,5,True,False,True,13,3.464,2026-05-26,3300.0
LIM-01006,La Molina,-12.064197752435872,-76.97343752040834,53.2,2,1,9,False,False,False,36,4.438,2026-07-19,2350.0
LIM-01007,San Martín de Porres,-11.993834856813459,-77.08178553513628,49.7,1,1,5,False,False,False,19,2.49,2026-03-18,1100.0
LIM-01008,Surco (Santiago de Surco),-12.128623399098354,-76.98935515238168,56.7,2,2,8,True,False,False,10,2.785,2026-05-01,3100.0
LIM-01009,Pueblo Libre,-12.05249339102186,-77.05421899375702,90.8,2,2,2,True,False,True,13,1.959,2026-06-28,4600.0
LIM-01010,Magdalena del Mar,-12.100888739502935,-77.08626754997702,158.4,4,3,10,False,True,False,2,7.662,2026-06-27,9200.0
LIM-01011,Lince,-12.086161182517309,-77.03653761343367,35.4,1,1,7,False,True,False,27,2.658,2026-02-12,1350.0
LIM-01012,Jesús María,-12.08863986674826,-77.03727711283018,1259.6,2,2,4,True,False,True,17,2.838,2026-07-31,3350.0
LIM-01013,Magdalena del Mar,-12.097568205667043,-77.07641998345696,80.3,3,3,10,True,False,False,9,6.66,2026-05-05,4450.0
LIM-01014,Callao,-12.074467130287223,-77.13644485592754,139.4,4,2,2,False,False,False,17,11.173,2026-03-26,4950.0
LIM-01015,Surco (Santiago de Surco),-12.126025807749683,-76.98014834388457,73.8,2,1,8,False,True,True,19,3.767,2026-03-31,4200.0
LIM-01016,Miraflores,-12.11606003899916,-77.03196933226852,90.6,2,1,7,False,False,False,14,1.984,2026-07-27,4250.0
LIM-01017,Lince,-12.088424831684463,-77.02020537467382,62.8,2,2,5,True,False,False,14,1.319,2026-02-18,2950.0
LIM-01018,Chorrillos,-12.175905084493813,-77.0348454803504,188.9,5,3,6,False,True,True,3,1.9,2026-03-08,7100.0
LIM-01019,San Isidro,-12.088062403017734,-77.03815184097107,89.0,3,2,10,True,True,False,17,2.899,2026-04-25,7300.0
LIM-01020,Magdalena del Mar,-12.109129553042678,-77.06958316771588,87.4,3,2,6,True,True,False,17,6.139,2026-06-24,4300.0
LIM-01021,Los Olivos,-11.96644998559057,-77.07254573833801,90.4,3,2,2,True,False,False,25,1.223,2026-02-21,2100.0
LIM-01022,San Miguel,-12.069005882322497,-77.10699607442785,68.3,2,1,3,True,False,False,22,7.917,2026-02-12,3300.0
LIM-01023,Comas,-11.964387288928886,-77.09064163968212,128.7,4,3,2,True,False,True,9,3.137,2026-06-27,3800.0
LIM-01024,San Borja,-12.100080743931576,-76.98032081844596,62.1,2,2,12,False,True,False,15,3.042,2026-05-22,4200.0
LIM-01025,Lince,-12.10518874955914,-77.03032354157718,35.8,1,1,16,False,True,False,15,2.202,2026-03-03,1350.0
LIM-01026,Surco (Santiago de Surco),-12.136411133806218,-76.98099838736651,90.5,2,2,4,False,False,False,20,3.783,2026-04-21,4150.0
LIM-01027,Callao,-12.070560693249142,-77.10695597080768,110.3,4,2,10,False,True,False,9,7.955,2026-05-10,3500.0
LIM-01028,Surco (Santiago de Surco),-12.117825041048519,-76.98783783808656,78.9,3,2,4,False,False,False,17,2.634,2026-06-15,3150.0
LIM-01029,San Miguel,-12.09128545264983,-77.09665604826176,82.8,2,1,7,True,True,True,25,7.868,2026-06-28,5200.0
LIM-01030,La Molina,-12.106602278703585,-76.93932279689233,74.4,2,1,4,False,False,False,13,7.499,2026-08-03,4250.0
LIM-01031,Jesús María,-12.071999774300846,-77.03180955664355,112.4,2,1,11,True,True,False,13,1.679,2026-04-26,5750.0
LIM-01032,Pueblo Libre,-12.078564435760251,-77.06210386886072,92.4,2,1,9,False,False,False,5,4.05,2026-03-15,3500.0
LIM-01033,San Borja,-12.126355262743967,-76.9757795874672,90.6,3,2,13,True,False,False,21,4.214,2026-03-09,5450.0
LIM-01034,San Martín de Porres,-11.992590217610143,-77.0985930626376,95.0,2,2,3,False,True,True,11,4.319,2026-06-16,2100.0
LIM-01035,La Molina,-12.110697988749397,-76.96448290333515,70.4,1,1,4,True,False,True,10,5.015,2026-04-24,4500.0
LIM-01036,Lince,-12.097534891670998,-77.02144309742576,44.2,2,1,10,False,True,True,13,1.184,2026-04-30,2700.0
LIM-01037,Surco (Santiago de Surco),-12.14190261924505,-77.00482491523826,91.4,3,2,6,False,True,True,6,1.182,2026-06-15,4650.0
LIM-01038,La Molina,-12.077173331294139,-76.92067995695486,129.7,3,3,6,True,True,False,22,9.359,2026-03-24,6850.0
LIM-01039,Magdalena del Mar,-12.079954379595842,-77.0596519035452,93.4,3,3,5,False,True,False,18,3.986,2026-05-31,4000.0
LIM-01040,Miraflores,-12.10786661303207,-77.0103491419189,66.8,2,2,8,True,False,False,14,0.206,2026-07-24,6600.0
LIM-01041,Miraflores,-12.122939285485547,-77.01878676433338,95.2,3,2,14,True,True,False,9,0.531,2026-04-22,8850.0
LIM-01042,Lince,-12.114227698937542,-77.04435900348405,107.1,3,2,4,False,True,False,14,3.345,2026-07-16,4350.0
LIM-01043,Lince,-12.080409763745378,-77.05321209920162,66.1,2,2,4,False,False,False,15,3.622,2026-08-10,2750.0
LIM-01044,Lince,-12.067453115129306,-77.01535646396972,75.1,3,2,4,False,False,False,32,0.196,2026-06-06,3200.0
LIM-01045,San Isidro,-12.082394515106238,-77.05469481847214,79.5,2,2,9,False,False,False,33,3.895,2026-04-27,4650.0
LIM-01046,Surco (Santiago de Surco),-12.129444611883075,-76.97598137174728,91.2,2,2,12,True,False,False,8,4.241,2026-05-18,4350.0
LIM-01047,Miraflores,-12.135374033172061,-77.02136462287724,79.2,3,3,6,False,True,True,8,0.637,2026-05-11,6950.0
LIM-01048,San Miguel,-12.083703684043542,-77.09371503184583,134.5,4,2,4,False,True,False,25,7.157,2026-02-23,4350.0
LIM-01049,Chorrillos,-12.151494227215052,-77.01279542778798,109.9,3,1,11,True,False,False,8,0.404,2026-06-23,4250.0
LIM-01050,Barranco,-12.16640075441597,-77.0158165087746,91.2,2,1,6,True,False,False,20,0.506,2026-06-08,5300.0
LIM-01051,Lince,-12.098874094737806,-77.03572892466305,58.8,1,1,6,False,True,False,19,2.743,2026-03-26,2450.0
LIM-01052,Miraflores,-12.109789381386017,-77.01229175318096,56.3,1,1,19,False,True,True,8,0.184,2026-03-20,4800.0
LIM-01053,Surco (Santiago de Surco),-12.140173910937666,-76.97830318967281,107.6,2,1,6,False,True,False,14,4.07,2026-03-25,5650.0
LIM-01054,Miraflores,-12.135281061466456,-77.02753208837814,111.7,3,3,20,True,True,False,4,1.295,2026-06-22,9900.0
LIM-01055,Surco (Santiago de Surco),-12.116664345855323,-77.00219993264041,164.9,5,4,4,False,True,False,17,1.197,2026-07-14,7000.0
LIM-01056,Lince,-12.079567328262259,-77.01762855146714,31.0,1,1,17,False,False,False,16,0.476,2026-05-06,1250.0
LIM-01057,San Martín de Porres,-12.003481613972527,-77.10487072456166,196.9,5,3,3,False,False,False,13,5.012,2026-08-01,5550.0
LIM-01058,Miraflores,-12.134849298030794,-77.02407328871585,85.7,2,2,3,True,True,False,9,0.916,2026-06-06,8400.0
LIM-01059,San Borja,-12.083731121233681,-76.98972509870148,120.4,3,2,3,True,False,True,27,1.854,2026-05-19,8850.0
LIM-01060,Pueblo Libre,-12.07389342182496,-77.07304022201734,43.0,1,1,4,False,False,False,6,4.665,2026-03-05,2050.0
LIM-01061,Callao,-12.039832063250365,-77.10641457415075,78.8,2,2,5,True,False,False,16,6.966,2026-03-15,2250.0
LIM-01062,Jesús María,-12.062876397464688,-77.04931663033581,104.1,3,2,6,True,False,False,10,1.842,2026-05-27,6150.0
LIM-01063,Barranco,-12.155650818739959,-77.02794840146339,48.1,2,2,15,False,True,False,10,1.339,2026-05-20,4150.0
LIM-01064,Jesús María,-12.079755293379877,-77.03744131992404,31.7,1,1,8,False,False,False,18,2.601,2026-05-01,1500.0
LIM-01065,Surco (Santiago de Surco),-12.117644221224793,-77.00802821314437,105.8,3,2,6,False,True,True,33,0.628,2026-06-11,6000.0
LIM-01066,Ate,-12.028849792008561,-76.90556967996123,90.5,3,2,4,False,False,True,2,10.589,2026-03-09,2850.0
LIM-01067,La Molina,-12.10932299171345,-76.96898815456584,174.5,5,4,6,False,True,False,13,4.524,2026-08-10,7750.0
LIM-01068,Lince,-12.078502636868214,-77.02987154663923,64.6,2,1,8,False,False,False,24,1.771,2026-02-28,2350.0
LIM-01069,San Isidro,-12.098654577656685,-77.03617387252544,82.7,3,2,7,True,False,False,5,2.788,2026-06-18,5100.0
LIM-01070,La Molina,-12.099199877955263,-76.95167634920239,137.5,4,3,9,False,False,False,31,6.004,2026-04-16,6500.0
LIM-01071,Los Olivos,-11.965759046863393,-77.06682450158533,122.5,3,2,4,True,False,True,3,0.824,2026-05-16,4200.0
LIM-01072,Jesús María,-12.089795161491837,-77.04995484155242,63.8,2,1,5,True,True,False,9,4.168,2026-06-02,2500.0
LIM-01073,Magdalena del Mar,-12.101097464255753,-77.06304365247233,105.5,3,2,12,True,True,False,5,5.663,2026-06-24,6200.0
LIM-01074,Callao,-12.06618168479324,-77.11137818813435,71.9,2,1,11,False,True,False,7,8.317,2026-02-20,1800.0
LIM-01075,Chorrillos,-12.180697495169872,-77.01266766920551,82.4,2,2,5,True,False,False,29,0.605,2026-03-04,2800.0
LIM-01076,Surco (Santiago de Surco),-12.135857741923944,-76.99149766555728,117.7,3,2,6,True,False,False,5,2.64,2026-03-02,7000.0
LIM-01077,San Borja,-12.120486799942865,-77.00426599747856,117.9,3,2,6,True,False,True,13,1.082,2026-03-21,6850.0
LIM-01078,Magdalena del Mar,-12.07662185165352,-77.07932164259971,86.4,2,1,5,False,False,False,8,5.407,2026-06-10,4300.0
LIM-01079,Jesús María,-12.067680601199271,-77.04602140991736,56.6,1,1,1,True,False,True,18,2.007,2026-07-06,2800.0
LIM-01080,Surco (Santiago de Surco),-12.113465243659416,-76.99708031384529,52.2,1,1,9,False,True,False,12,1.528,2026-05-03,2800.0
LIM-01081,Barranco,-12.151320959628936,-77.00806256603481,65.9,2,2,10,True,False,False,12,0.917,2026-03-24,4150.0
LIM-01082,San Martín de Porres,-12.005485479547566,-77.07947859772548,122.8,3,1,4,False,False,True,7,2.378,2026-06-20,
LIM-01083,San Martín de Porres,-11.977799012626084,-77.0760884007061,103.9,3,2,7,False,False,False,29,1.568,2026-04-14,2450.0
LIM-01084,Chorrillos,-12.181636716878488,-77.03493220720675,88.6,2,2,2,True,False,False,16,1.937,2026-06-07,3200.0
LIM-01085,Ate,-12.04853950426387,-76.90468123673527,91.8,2,2,1,False,False,False,15,11.581,2026-04-14,2000.0
LIM-01086,San Miguel,-12.068759431074033,-77.09977408312409,86.1,2,1,4,False,False,False,19,7.148,2026-04-20,2450.0
LIM-01087,San Miguel,-12.092252709699569,-77.10531184298756,56.7,2,1,8,False,True,True,7,8.724,2026-07-19,2600.0
LIM-01088,San Miguel,-12.068864463782477,-77.07304576789065,100.1,3,2,6,True,False,False,23,4.405,2026-05-24,4300.0
LIM-01089,Magdalena del Mar,-12.088499835206024,-77.0673285417308,102.3,5,3,6,False,False,True,16,5.251,2026-02-23,5300.0
LIM-01090,Magdalena del Mar,-12.080268096183545,-77.0639748513733,69.6,2,1,15,True,False,False,18,4.327,2026-06-24,2800.0
LIM-01091,Barranco,-12.138719465963879,-77.01594604580511,80.5,3,2,15,False,False,False,0,0.366,2026-03-25,5450.0
LIM-01092,Lince,-12.06950025976547,-77.03441780955085,39.3,1,1,9,True,False,False,11,1.614,2026-05-07,1950.0
LIM-01093,Surco (Santiago de Surco),-12.136325062806101,-76.99835524809669,100.6,3,2,6,False,True,False,10,1.905,2026-03-19,5900.0
LIM-01094,Barranco,-12.159752043824485,-77.01205067777452,67.1,3,2,20,False,True,False,15,0.593,2026-06-23,4850.0
LIM-01095,Jesús María,-12.048280175031,-77.03540977149315,119.7,4,3,3,True,True,False,27,0.312,2026-07-22,7150.0
LIM-01096,La Molina,-12.105120347386263,-76.9460182049751,103.2,2,2,12,False,True,True,8,6.753,2026-04-08,5550.0
LIM-01097,Barranco,-12.166518156946486,-76.9965294856236,92.4,2,2,14,False,True,False,15,2.281,2026-07-16,6200.0
LIM-01098,Surquillo,-12.107918463513894,-77.01986782259652,57.4,2,1,4,False,True,False,17,1.027,2026-03-23,2200.0
LIM-01099,Chorrillos,-12.15520016742187,-77.03482810133869,39.5,1,1,11,False,True,False,13,2.041,2026-07-04,1300.0
LIM-01100,Miraflores,-12.11882538984903,-77.05005827289192,69.8,1,1,5,True,False,True,9,3.909,2026-05-15,4500.0
LIM-01101,San Isidro,-12.085208355603575,-77.05695330441455,90.5,3,2,12,True,True,False,4,4.29,2026-06-11,7900.0
LIM-01102,Surco (Santiago de Surco),-12.158949632729664,-76.99996574151088,99.7,2,1,11,True,True,False,2,1.882,2026-05-30,7350.0
LIM-01103,Surquillo,-12.120694539546173,-77.02028421625336,68.5,2,2,7,False,False,True,9,0.78,2026-05-13,3300.0
LIM-01104,Chorrillos,-12.197187373685718,-77.00990880434784,69.7,2,1,2,False,False,False,9,2.288,2026-04-12,2200.0
LIM-01105,Miraflores,-12.111735068501256,-77.02974329642304,67.6,2,1,14,True,False,False,13,1.856,2026-07-11,4350.0
LIM-01106,San Miguel,-12.095966775919068,-77.08267954758439,54.4,1,1,11,False,True,True,28,7.001,2026-06-01,2350.0
LIM-01107,Miraflores,-12.136433826152391,-77.02886128600852,39.6,2,1,10,True,False,False,10,1.458,2026-08-02,3750.0
LIM-01108,La Molina,-12.080631697540463,-76.94503774288648,106.3,3,2,3,False,False,False,3,6.683,2026-02-13,6150.0
LIM-01109,Comas,-11.930258107775787,-77.0689301784881,74.8,3,2,4,False,False,False,13,4.699,2026-03-04,1400.0
LIM-01110,Miraflores,-12.12300761729875,-77.01232893847522,106.0,3,2,7,True,False,True,2,0.402,2026-03-14,9200.0
LIM-01111,Miraflores,-12.114257929950698,-77.04777781155893,37.3,2,1,10,True,True,True,2,3.714,2026-02-18,2900.0
LIM-01112,La Molina,-12.080346541997523,-76.94158427651143,120.7,3,2,10,False,False,True,5,7.059,2026-05-10,9900.0
LIM-01113,Jesús María,-12.07618512231331,-77.051179805541,157.7,5,4,3,True,False,False,6,3.106,2026-07-14,9000.0
LIM-01114,Callao,-12.069736465794634,-77.10871894482995,80.2,3,2,10,False,False,False,9,8.118,2026-05-14,2450.0
LIM-01115,Comas ,-11.936221303117383,-77.06224995281387,94.9,3,2,3,False,False,True,19,3.99,2026-05-09,2400.0
LIM-01116,San Isidro,-12.0898428517107,-77.0365962755326,97.4,3,2,11,False,True,True,8,2.831,2026-05-10,9700.0
LIM-01117,Miraflores,-12.110371707162917,-77.03259967546771,88.1,2,1,7,False,True,False,13,2.2,2026-07-08,5500.0
LIM-01118,Surquillo,-12.110955202911052,-77.00078092315042,57.0,1,1,8,True,False,False,22,1.077,2026-05-10,1900.0
LIM-01119,Surco (Santiago de Surco),-12.149021998961752,-76.99497112937928,68.8,2,2,15,True,True,False,41,2.353,2026-04-28,2900.0
LIM-01120,Los Olivos,-11.960615918063569,-77.04786418546064,108.4,3,2,3,True,False,False,7,2.075,2026-07-24,3450.0
LIM-01121,Lince,-12.085116572962741,-77.03003303502047,36.9,1,1,8,False,False,True,9,1.959,2026-06-15,1650.0
LIM-01122,Miraflores,-12.126892849331881,-77.02913888191043,97.9,3,2,7,True,True,True,13,1.564,2026-05-30,8250.0
LIM-01123,Surquillo,-12.118235630046323,-77.01924392351825,57.3,2,1,8,False,True,False,12,0.595,2026-02-22,
LIM-01124,Miraflores,-12.129383086140685,-77.02262903720377,75.1,3,1,10,False,False,False,11,0.905,2026-06-26,4200.0
LIM-01125,La Molina,-12.076133874653747,-76.95226072047488,93.0,3,3,11,False,False,False,8,6.005,2026-03-24,4350.0
LIM-01126,San Borja,-12.12531737680296,-76.99685109121152,142.3,3,2,9,False,False,True,3,1.952,2026-05-29,11450.0
LIM-01127,San Borja,-12.120221831217677,-76.99850235583071,97.5,2,2,20,False,True,False,11,1.687,2026-06-08,6750.0
LIM-01128,Lince,-12.08904527461606,-77.02939702760881,61.3,2,2,5,False,True,False,8,2.118,2026-06-18,3500.0
LIM-01129,Lince,-12.065734989821133,-77.02909963608485,60.8,2,2,3,False,True,True,9,0.928,2026-05-29,3100.0
LIM-01130,Comas,-11.930348633410885,-77.05717606143779,90.6,2,2,2,True,False,False,13,4.684,2026-02-27,2150.0
LIM-01131,Comas,-11.962690089638967,-77.06086114304591,204.6,5,4,3,True,True,False,28,1.07,2026-03-03,6100.0
LIM-01132,San Borja,-12.09208383493497,-76.9797726780918,59.0,1,1,7,False,False,False,4,2.861,2026-07-15,2700.0
LIM-01133,Miraflores,-12.104906957396196,-77.0243291742058,106.1,3,2,8,False,False,False,10,1.585,2026-05-15,7450.0
LIM-01134,Pueblo Libre,-12.087688099912272,-77.03182816453969,90.0,2,2,7,True,False,False,4,2.261,2026-03-09,4550.0
LIM-01135,Ate,-12.076657499247158,-76.91540178309721,150.6,4,3,1,False,True,False,23,9.935,2026-07-10,3450.0
LIM-01136,Surco (Santiago de Surco),-12.135866659468167,-76.98349304049054,116.2,3,2,6,True,False,False,21,3.508,2026-05-08,6850.0
LIM-01137,Magdalena del Mar,-12.082030907088402,-77.08441259050049,78.1,3,2,5,False,True,False,29,6.192,2026-06-01,3350.0
LIM-01138,La Molina,-12.067704856362397,-76.92839052893626,152.5,4,3,11,False,True,False,16,8.754,2026-03-31,7050.0
LIM-01139,San Isidro,-12.107649927172336,-77.04515140724129,91.5,2,2,7,False,True,False,1,3.587,2026-02-21,7450.0
LIM-01140,Lince,-12.064076250744044,-77.02782946378453,86.6,2,1,4,False,False,True,15,0.699,2026-03-10,3600.0
LIM-01141,Surco (Santiago de Surco),-12.1617351887498,-76.99817312641878,150.0,4,4,7,True,False,True,42,2.047,2026-03-26,10350.0
LIM-01142,Surquillo,-12.119116607365951,-77.01207590643459,67.0,2,1,9,False,False,False,9,0.245,2026-06-16,3050.0
LIM-01143,Surquillo,-12.119706528030589,-77.02031755484245,56.7,2,2,1,False,False,False,7,0.743,2026-07-16,2500.0
LIM-01144,Surquillo,-12.100871955700908,-77.02697103472705,52.9,1,1,8,False,False,False,8,1.857,2026-07-12,2200.0
LIM-01145,La Molina,-12.071220370408723,-76.94845910747758,127.1,4,4,9,False,True,False,17,6.551,2026-03-31,8200.0
LIM-01146,Surco (Santiago de Surco),-12.123549316134799,-76.9765010385103,71.7,2,1,7,False,False,False,6,4.014,2026-03-01,4850.0
LIM-01147,San Miguel,-12.093606600584952,-77.08719268477793,69.7,3,3,6,True,False,False,22,7.193,2026-05-10,2800.0
LIM-01148,Surquillo,-12.104348571618413,-77.03296620035854,47.7,1,1,10,False,True,False,2,2.503,2026-06-28,1950.0
LIM-01149,San Borja,-12.102191496376879,-76.98545540758512,105.9,2,1,6,True,False,False,29,2.663,2026-02-20,5550.0
LIM-01150,Los Olivos,-11.988954812623355,-77.08219817016393,69.2,2,2,2,False,False,False,9,2.676,2026-06-28,2050.0
LIM-01151,Miraflores,-12.14590416594562,-77.0204796885433,49.7,1,1,12,False,False,False,20,0.677,2026-07-24,3500.0
LIM-01152,Los Olivos,-11.95644412851975,-77.06486201822885,61.7,1,1,6,True,False,False,8,1.754,2026-05-20,2400.0
LIM-01153,Miraflores,-12.123261191611752,-77.02200427440498,62.5,2,2,3,False,False,True,7,0.829,2026-05-11,6500.0
LIM-01154,Miraflores,-12.13652218510946,-77.00716173000598,64.3,2,2,19,True,True,False,10,0.973,2026-07-18,5350.0
LIM-01155,San Borja,-12.110798063144506,-77.00854369109882,97.5,3,2,9,True,False,False,20,0.255,2026-03-01,7150.0
LIM-01156,San Isidro,-12.092831507026643,-77.02937046268936,80.7,3,3,7,False,False,False,8,2.057,2026-06-10,5500.0
LIM-01157,San Isidro,-12.098194213520012,-77.02158493665081,95.7,2,2,13,True,True,False,18,1.213,2026-06-28,9050.0
LIM-01158,San Isidro,-12.115823833837513,-77.0444201004195,98.2,3,2,12,False,True,False,15,3.335,2026-05-06,10150.0
LIM-01159,Magdalena del Mar,-12.07287331715723,-77.08464904296618,98.9,2,1,5,True,True,False,29,5.739,2026-07-17,2850.0
LIM-01160,San Miguel,-12.065349384372146,-77.09624625046527,42.4,1,1,6,False,False,True,20,6.686,2026-03-09,1900.0
LIM-01161,San Isidro,-12.101224529420083,-77.03280320357013,59.3,1,1,11,True,True,True,4,2.478,2026-06-19,6800.0
LIM-01162,Lince,-12.088641135870828,-77.05022571528752,81.2,3,2,6,False,False,False,11,4.158,2026-07-29,3500.0
LIM-01163,Surquillo,-12.110386151263441,-77.0108831761097,69.5,1,1,5,True,False,False,18,0.082,2026-04-26,
LIM-01164,Miraflores,-12.134655456748884,-77.04630064090094,102.5,2,1,11,False,False,False,5,3.328,2026-02-27,6850.0
LIM-01165,Miraflores,-12.117227882761556,-77.0138800300903,45.8,1,1,10,True,False,False,16,0.053,2026-06-04,4750.0
LIM-01166,Chorrillos,-12.190668789242329,-77.01193479806292,70.4,2,1,4,False,False,False,25,1.533,2026-05-17,2450.0
LIM-01167,Surquillo,-12.11554641060214,-76.99454232153437,59.1,2,2,3,True,False,False,7,1.863,2026-04-09,2650.0
LIM-01168,San Borja,-12.122322857998283,-76.99057459487268,94.9,3,2,8,True,True,False,17,2.577,2026-03-15,4950.0
LIM-01169,Surquillo,-12.12811700778792,-77.02115712541345,65.8,2,1,8,True,True,False,45,0.742,2026-07-21,2300.0
LIM-01170,Miraflores,-12.101351328636582,-77.0389841256226,87.1,3,2,10,True,True,False,12,3.137,2026-03-06,5150.0
LIM-01171,La Molina,-12.086089289268585,-76.94233330730306,106.0,3,2,5,False,True,False,16,6.919,2026-03-03,5500.0
LIM-01172,San Miguel,-12.074911122175187,-77.09316300706173,121.0,3,2,2,False,False,False,14,6.681,2026-05-09,4750.0
LIM-01173,Barranco,-12.173536558332977,-77.00716633158147,120.3,3,2,17,True,True,False,9,1.228,2026-05-04,8350.0
LIM-01174,San Miguel,-12.084564021102253,-77.10394342579626,54.5,2,1,7,True,False,False,8,8.189,2026-03-06,2200.0
LIM-01175,San Borja,-12.102765454575549,-76.97434917599446,91.3,3,2,9,True,True,False,7,3.756,2026-06-23,5800.0
LIM-01176,San Miguel,-12.075070364808631,-77.07750267669941,100.7,3,2,4,False,False,False,4,5.15,2026-07-14,3650.0
LIM-01177,Magdalena del Mar,-12.121348357856244,-77.07814228356308,94.1,3,2,2,True,False,False,6,6.903,2026-08-09,4650.0
LIM-01178,Surco (Santiago de Surco),-12.132514345000114,-76.97342614922836,83.4,3,2,5,True,False,True,25,4.561,2026-03-05,4800.0
LIM-01179,Barranco,-12.145001294357403,-77.03079753714069,75.9,2,2,16,False,True,False,27,1.675,2026-06-30,3500.0
LIM-01180,Barranco,-12.133994856021616,-77.01893292252102,42.2,1,1,4,False,False,True,15,0.352,2026-03-10,3650.0
LIM-01181,San Miguel,-12.08526277342726,-77.10811765261883,77.5,3,2,2,True,False,False,10,8.632,2026-05-14,3100.0
LIM-01182,Miraflores,-12.148004824641628,-77.00724116892438,47.0,1,2,19,False,True,True,4,1.067,2026-05-01,3700.0
LIM-01183,San Isidro,-12.109161249021662,-77.05646864175696,100.0,3,2,7,False,False,False,15,4.735,2026-07-15,8600.0
LIM-01184,Miraflores,-12.134264780466422,-77.04668530035514,52.5,1,1,9,False,False,False,23,3.369,2026-04-17,3850.0
LIM-01185,Miraflores,-12.11225949346664,-77.03701655728473,79.0,2,1,11,True,True,False,28,2.596,2026-03-19,7000.0
LIM-01186,Surquillo,-12.147300839060742,-77.00163211590389,72.0,3,3,15,False,True,True,37,1.639,2026-03-30,3650.0
LIM-01187,La Molina,-12.092180277520871,-76.93374186136705,112.7,4,3,14,False,False,False,6,7.854,2026-03-22,5250.0
LIM-01188,Comas,-11.925890454317072,-77.06053539246125,77.6,2,1,3,False,False,False,33,5.145,2026-02-13,1550.0
LIM-01189,Miraflores,-12.121013450445997,-77.01717288546598,70.1,2,1,7,True,True,True,13,0.52,2026-06-28,7350.0
LIM-01190,Lince,-12.074344198205884,-77.03468496469652,99.2,2,2,3,False,True,True,16,2.062,2026-05-27,5500.0
LIM-01191,Magdalena del Mar,-12.115201580002612,-77.07063085464878,68.1,2,2,8,False,False,False,14,6.181,2026-07-28,2550.0
LIM-01192,La Molina,-12.106023874158476,-76.92537928709213,110.8,2,2,8,False,False,False,8,8.957,2026-05-19,5300.0
LIM-01193,Los Olivos,-11.951653090505857,-77.07445942647846,73.6,2,2,1,False,False,False,17,2.598,2026-04-10,1800.0
LIM-01194,Ate,-12.045185415610913,-76.92519647144925,127.5,4,2,3,False,False,True,5,9.484,2026-06-12,4100.0
LIM-01195,Los Olivos,-11.96766070765349,-77.06585553942807,90.2,3,2,5,False,False,False,30,0.589,2026-03-19,2300.0
LIM-01196,Miraflores,-12.134517833937284,-77.0205167083101,58.7,2,2,12,False,True,False,13,0.528,2026-07-06,5000.0
LIM-01197,Barranco,-12.148190619252597,-77.02007462715426,70.2,2,2,5,True,True,False,1,0.513,2026-03-20,5500.0
LIM-01198,Lince,-12.098851250820081,-77.02125942423552,63.0,1,1,7,False,False,False,45,1.197,2026-06-21,2650.0
LIM-01199,Surco (Santiago de Surco),-12.120757554613132,-76.9974151096348,148.3,5,3,4,False,True,False,14,1.813,2026-06-21,8200.0
LIM-01200,Pueblo Libre,-12.040866031481583,-77.061569447885,73.9,2,1,7,False,False,False,5,3.042,2026-04-11,3250.0
LIM-01201,Jesús María,-12.067792707356016,-77.04450510140924,51.4,2,2,6,False,False,True,22,1.935,2026-05-03,1950.0
LIM-01202,San Borja,-12.115919356625538,-76.99515166754355,105.6,3,2,20,True,False,False,5,1.816,2026-08-03,5850.0
LIM-01203,Surquillo,-12.145103899965935,-76.99814074044853,115.1,3,2,3,True,False,True,7,1.94,2026-04-22,6150.0
LIM-01204,Pueblo Libre,-12.09381356937451,-77.058665325,110.0,3,2,4,False,False,False,10,5.21,2026-04-05,4400.0
LIM-01205,San Isidro,-12.078541658027675,-77.04034682561905,59.7,2,1,5,False,False,True,4,2.799,2026-05-05,4500.0
LIM-01206,San Isidro,-12.109550302119255,-77.0303642195821,78.0,2,2,10,False,True,False,15,2.016,2026-02-21,5150.0
LIM-01207,Jesús María,-12.078050018580239,-77.03689378991676,79.2,4,2,5,False,False,False,6,2.533,2026-07-18,2950.0
LIM-01208,Magdalena del Mar,-12.08763608830505,-77.06640917470177,77.5,3,2,7,True,True,False,26,5.113,2026-06-28,4000.0
LIM-01209,Barranco,-12.131612522407659,-77.01277430914604,79.1,2,1,8,False,False,False,7,0.407,2026-03-15,6950.0
LIM-01210,La Molina,-12.089195043053966,-76.96317660172217,98.5,4,3,19,False,True,False,2,4.645,2026-06-23,4450.0
LIM-01211,San Miguel,-12.082256002435994,-77.12271015140207,58.2,1,1,7,False,False,False,13,9.976,2026-06-15,2300.0
LIM-01212,surquillo,-12.11384054765787,-77.00219682553656,88.1,3,2,9,False,False,True,9,1.023,2026-03-02,3900.0
LIM-01213,Jesús María,-12.081131653799671,-77.04373371064553,55.8,1,1,7,False,False,True,15,3.255,2026-06-26,2650.0
LIM-01214,La Molina,-12.093685830439515,-76.94545892899939,85.1,3,3,8,False,False,False,24,6.592,2026-02-19,4400.0
LIM-01215,Surco (Santiago de Surco),-12.130057438589594,-76.98666824366664,66.2,2,2,7,True,False,False,4,3.096,2026-04-20,3050.0
LIM-01216,San Borja,-12.106076501785987,-76.97547228077201,109.5,2,1,8,False,False,False,33,3.814,2026-03-29,5350.0
LIM-01217,Surco (Santiago de Surco),-12.109420736321297,-76.97803762600985,98.3,2,1,5,True,False,False,21,3.54,2026-05-29,6100.0
LIM-01218,Jesús María,-12.068333814200376,-77.03745335312638,106.1,4,3,10,False,False,True,4,1.77,2026-07-02,6400.0
LIM-01219,Lince,-12.071286253422874,-77.04394070759399,52.9,1,1,18,False,False,False,4,2.262,2026-04-30,2300.0
LIM-01220,San Isidro,-12.110055422120679,-77.04578148963563,56.9,3,2,11,False,False,True,21,3.579,2026-05-12,4850.0
LIM-01221,San Isidro,-12.090898112519637,-77.06533685617642,73.7,3,2,7,False,False,True,32,5.326,2026-03-06,5600.0
LIM-01222,Barranco,-12.158075776159214,-77.01379783831338,66.0,2,3,13,False,True,False,10,0.558,2026-03-12,5450.0
LIM-01223,Los Olivos,-11.964154560840441,-77.05819647363046,94.1,3,2,11,True,True,False,1,1.021,2026-07-07,4100.0
LIM-01224,Lince,-12.076837824822622,-77.0190178634457,39.7,2,2,5,False,False,False,20,0.601,2026-04-24,1650.0
LIM-01225,Miraflores,-12.120501573871982,-77.02129483434467,87.4,4,3,5,True,True,False,31,0.872,2026-07-26,
LIM-01226,Los Olivos,-11.940012091342302,-77.07334880229872,66.1,2,1,6,False,True,False,4,3.745,2026-07-01,2300.0
LIM-01227,Magdalena del Mar,-12.078364242770698,-77.08247132954293,63.4,3,2,7,False,True,True,6,5.801,2026-08-03,3550.0
LIM-01228,Magdalena del Mar,-12.08137305600605,-77.08560437755308,113.6,4,3,9,False,False,False,13,6.264,2026-08-04,5400.0
LIM-01229,Callao,-12.04742856569156,-77.12006109818998,42.3,2,2,4,True,True,False,18,8.639,2026-06-04,1400.0
LIM-01230,San Isidro,-12.07603967018724,-77.04843391504676,94.2,3,2,9,False,False,True,16,2.946,2026-05-31,7900.0
LIM-01231,Barranco,-12.166643631569631,-77.0003285512199,77.5,2,1,5,False,False,True,3,1.884,2026-07-22,6450.0
LIM-01232,Jesús María,-12.057156602584113,-77.06462845863679,61.6,1,1,8,False,False,False,11,3.136,2026-03-20,3250.0
LIM-01233,Miraflores,-12.132994931743994,-77.03176463932266,65.0,1,1,5,True,False,False,7,1.749,2026-05-19,5800.0
LIM-01234,Lince,-12.0918720694288,-77.05653462096117,100.5,4,3,9,False,False,False,34,4.915,2026-08-05,4350.0
LIM-01235,Barranco,-12.14266329067126,-77.01784134166442,131.2,4,3,12,True,True,False,15,0.244,2026-03-21,10550.0
LIM-01236,Miraflores,-12.106301358013871,-77.02942860451708,105.4,2,2,11,False,False,False,6,2.082,2026-06-07,7400.0
LIM-01237,Barranco,-12.163242919580183,-77.02568148424368,128.0,4,3,15,True,False,True,7,0.954,2026-08-09,9500.0
LIM-01238,La Molina,-12.092950538532133,-76.95639339919236,88.2,2,2,6,False,False,True,6,5.401,2026-03-20,6450.0
LIM-01239,Miraflores,-12.119929615129985,-77.02937045797295,45.2,1,1,8,False,False,False,3,1.709,2026-02-20,3300.0
LIM-01240,Miraflores,-12.123336392056348,-77.03593353068017,73.7,3,2,8,False,True,True,4,2.313,2026-04-03,6050.0
LIM-01241,Chorrillos,-12.164451615265177,-77.01974241467241,106.1,2,1,6,False,False,True,8,0.404,2026-04-22,4700.0
LIM-01242,Surco (Santiago de Surco),-12.093768868608185,-76.97151083997699,52.5,2,1,6,False,True,True,9,3.776,2026-08-08,3650.0
LIM-01243,Surco (Santiago de Surco),-12.129968151497689,-76.9929338734093,70.6,2,2,5,False,False,False,15,2.424,2026-03-27,3500.0
LIM-01244,San Isidro,-12.106022357257949,-77.03030559350431,65.5,1,1,9,False,True,False,10,2.181,2026-04-15,6000.0
LIM-01245,Surco (Santiago de Surco),-12.150558099967668,-77.00057357730817,106.5,2,2,8,False,True,False,20,1.733,2026-07-22,6250.0
LIM-01246,Surco (Santiago de Surco),-12.138903046963026,-77.0044132261161,102.2,3,2,12,True,True,False,10,1.274,2026-08-04,6100.0
LIM-01247,Jesús María,-12.084882998632347,-77.04927549256139,62.4,1,1,5,False,False,False,17,3.882,2026-05-04,2500.0
LIM-01248,Miraflores,-12.115489402496294,-76.99935288794177,79.4,3,2,3,False,False,True,6,1.382,2026-03-15,7500.0
LIM-01249,Los Olivos,-11.963475740370589,-77.07494913233873,61.0,2,2,6,False,False,False,24,1.624,2026-07-25,1700.0
LIM-01250,San Martín de Porres,-12.0044580184543,-77.07626274635963,78.5,2,1,2,False,False,False,17,2.011,2026-08-09,1900.0
LIM-01251,Miraflores,-12.097280539834594,-77.03934078218109,50.0,1,1,16,False,True,False,7,3.118,2026-06-17,3500.0
LIM-01252,Miraflores,-12.129925367830879,-77.06246326446082,71.5,3,2,13,False,True,False,12,5.103,2026-07-29,5450.0
LIM-01253,Miraflores,-12.122533172814778,-77.03887797598317,58.1,2,2,14,False,False,False,7,2.641,2026-02-17,3950.0
LIM-01254,Jesús María,-12.065930048009323,-77.02043148567176,99.8,3,2,7,False,False,False,10,0.678,2026-05-23,4550.0
LIM-01255,Miraflores,-12.110395341274762,-77.0222553164633,74.4,1,1,15,False,True,False,6,1.227,2026-07-12,7450.0
LIM-01256,Chorrillos,-12.159369081741481,-76.99840890958737,76.3,1,1,6,False,False,False,27,2.042,2026-07-27,2250.0
LIM-01257,San Miguel,-12.072258042252082,-77.09697266681918,137.3,4,2,7,False,False,False,30,6.968,2026-03-26,5300.0
LIM-01258,Surquillo,-12.102089047590542,-77.04578197324508,73.5,3,2,6,False,False,True,22,3.878,2026-03-29,
LIM-01259,San Borja,-12.116281298064335,-77.01190450804154,80.0,3,2,10,False,False,False,8,0.26,2026-04-25,6250.0
LIM-01260,Comas,-11.931983016475796,-77.05723570286747,78.8,2,1,1,False,False,False,9,4.503,2026-03-29,1750.0
LIM-01261,San Isidro,-12.086343250198125,-77.03384863366875,58.2,2,1,8,False,False,False,2,2.393,2026-05-02,4550.0
LIM-01262,La Molina,-12.068645359902957,-76.94532508555893,107.7,4,3,6,False,False,False,5,6.965,2026-08-07,4650.0
LIM-01263,Surco (Santiago de Surco),-12.155021231906742,-77.00136298814924,104.8,3,2,7,False,False,False,36,1.699,2026-07-24,4300.0
LIM-01264,Callao,-12.067486197387213,-77.10682341175836,46.1,1,1,2,True,False,True,34,7.861,2026-05-16,1400.0
LIM-01265,Jesús María,-12.063722308367593,-77.05501616008802,51.7,1,1,4,True,False,False,27,2.402,2026-08-07,1600.0
LIM-01266,Surquillo,-12.146516373758576,-77.01380619755804,55.1,2,1,3,True,False,True,28,0.543,2026-06-28,2050.0
LIM-01267,Miraflores,-12.11519592591454,-77.02705606201961,52.8,2,2,7,True,True,False,4,1.468,2026-03-09,2900.0
LIM-01268,Ate,-12.033682346900823,-76.92042202932035,93.3,2,2,2,True,False,True,21,9.298,2026-04-22,1900.0
LIM-01269,San Borja,-12.115216502970606,-77.00917555261248,95.4,3,2,5,False,False,False,19,0.574,2026-07-16,5650.0
LIM-01270,San Borja,-12.113462280001343,-77.00372796104067,86.5,2,2,12,True,True,True,22,0.856,2026-07-23,5150.0
LIM-01271,Ate,-12.05928964816688,-76.89351653860763,109.7,4,2,4,False,False,False,40,12.659,2026-03-27,2450.0
LIM-01272,La Molina,-12.093058565436777,-76.9318506256408,91.2,2,2,6,False,False,True,2,8.064,2026-03-03,6550.0
LIM-01273,La Molina,-12.092710822023541,-76.93295533522462,108.4,3,2,13,False,True,True,2,7.942,2026-04-27,6700.0
LIM-01274,Jesús María,-12.081794095293587,-77.05843756448131,58.0,1,1,8,False,True,False,5,4.066,2026-04-22,2700.0
LIM-01275,Miraflores,-12.129952138133413,-77.0466522712756,82.2,2,1,11,True,False,False,4,3.393,2026-05-30,5800.0
LIM-01276,Surco (Santiago de Surco),-12.13825205741866,-76.9818420694109,97.3,3,2,7,False,True,False,10,3.704,2026-02-13,5250.0
LIM-01277,Miraflores,-12.124497251787874,-77.0185427928746,51.1,1,1,14,False,False,False,15,0.428,2026-03-04,3600.0
LIM-01278,Miraflores,-12.098610417201668,-77.0277530122798,71.4,2,1,15,False,True,True,18,1.88,2026-07-18,4550.0
LIM-01279,Chorrillos,-12.179430221717404,-77.02254647865101,81.0,3,2,6,False,False,False,3,0.571,2026-02-27,2900.0
LIM-01280,Jesús María,-12.069470197405698,-77.06656733585082,87.5,3,2,10,False,False,False,7,3.809,2026-07-31,4950.0
LIM-01281,Surco (Santiago de Surco),-12.141922595597716,-76.98459119466746,105.2,4,2,9,True,False,False,15,3.382,2026-07-12,6750.0
LIM-01282,La Molina,-12.093875149310097,-76.93096637862041,87.3,2,2,8,False,False,False,11,8.165,2026-07-04,4600.0
LIM-01283,Magdalena del Mar,-12.115952446452791,-77.0838491091419,99.6,2,2,5,False,True,False,9,7.585,2026-08-07,3300.0
LIM-01284,Jesús María,-12.092456394973734,-77.05815119520888,94.6,3,2,4,True,False,False,25,5.053,2026-02-17,4750.0
LIM-01285,San Martín de Porres,-12.013383979355837,-77.0657072568999,71.4,2,1,2,False,False,False,7,1.903,2026-04-27,1450.0
LIM-01286,Callao,-12.054395637982878,-77.12580237355472,59.0,1,1,10,False,False,False,34,9.617,2026-04-13,1250.0
LIM-01287,La Molina,-12.073885916136586,-76.92385127750572,89.4,3,2,11,True,True,False,5,9.078,2026-04-21,5500.0
LIM-01288,Surco (Santiago de Surco),-12.156439974322746,-76.9963086210944,59.3,2,1,6,False,False,False,6,2.271,2026-08-07,3600.0
LIM-01289,Magdalena del Mar,-12.102088921616184,-77.0803387404824,83.4,3,3,3,False,False,False,16,7.319,2026-05-03,3700.0
LIM-01290,Jesús María,-12.090002688512206,-77.04845870398545,116.8,3,2,8,False,True,True,8,4.022,2026-03-05,7000.0
LIM-01291,Magdalena del Mar,-12.098671325129603,-77.08033958081236,122.9,4,3,6,True,False,False,8,7.036,2026-06-29,5200.0
LIM-01292,Lince,-12.072190766075515,-77.01978545136383,48.0,1,1,10,False,True,False,7,0.91,2026-04-26,2300.0
LIM-01293,San Borja,-12.113662588819295,-76.9879702783251,115.8,4,3,5,False,False,False,15,2.499,2026-05-24,7750.0
LIM-01294,Surco (Santiago de Surco),-12.135570203666395,-76.981942724487,97.6,2,1,5,True,False,False,2,3.674,2026-07-08,5000.0
LIM-01295,Surco (Santiago de Surco),-12.117537259243292,-76.99278576311167,44.1,1,1,6,True,False,False,5,2.124,2026-06-12,2350.0
LIM-01296,La Molina,-12.081305188833905,-76.9506762539797,98.9,3,2,10,True,False,False,9,6.065,2026-06-01,6950.0
LIM-01297,Miraflores,-12.130221102269802,-77.02950876808913,65.1,3,2,7,False,False,False,17,1.556,2026-02-15,4250.0
LIM-01298,Miraflores,-12.119193016569971,-77.03450836149884,110.5,3,2,12,False,True,False,8,2.257,2026-04-02,8850.0
LIM-01299,Pueblo Libre,-12.083530588136828,-77.04550084184181,56.8,2,1,3,False,False,False,41,3.525,2026-07-14,1700.0
LIM-01300,La Molina,-12.081754215847168,-76.93317271531441,131.7,4,3,7,False,True,False,19,7.949,2026-04-25,6950.0
LIM-01301,Barranco,-12.143215918151126,-77.02249827680228,67.6,1,1,16,False,True,False,16,0.751,2026-03-05,3600.0
LIM-01302,Jesús María,-12.090005916405982,-77.06011769948127,50.4,1,1,16,False,True,True,12,4.924,2026-07-11,2000.0
LIM-01303,San Miguel,-12.075298206991372,-77.07430992374155,65.4,1,2,10,False,False,False,14,4.864,2026-06-08,2350.0
LIM-01304,Barranco,-12.150810879095951,-77.01975979037347,114.3,4,2,4,False,False,False,10,0.357,2026-08-02,9050.0
LIM-01305,Surquillo,-12.108163871233934,-77.01906200952236,61.5,3,2,5,True,True,True,18,0.936,2026-05-19,3100.0
LIM-01306,San Martín de Porres,-11.988923835387771,-77.06200416736338,120.3,3,2,4,True,False,False,23,1.001,2026-06-27,3550.0
LIM-01307,Jesús María,-12.067870604750505,-77.05511938576055,105.0,2,2,10,True,True,True,13,2.682,2026-06-03,5200.0
LIM-01308,Lince,-12.088738320240557,-77.03712712281595,58.9,2,2,7,False,False,False,41,2.828,2026-04-13,3050.0
LIM-01309,San Isidro,-12.086000039749633,-77.03946910738051,56.4,1,1,7,False,False,False,7,2.953,2026-06-21,4900.0
LIM-01310,Callao,-12.067076753315723,-77.1338988300597,58.8,1,2,8,False,False,False,34,10.748,2026-06-30,1200.0
LIM-01311,La Molina,-12.102646263920434,-76.94141117561489,1055.1,5,4,16,True,True,True,19,7.174,2026-06-07,11100.0
LIM-01312,San Martín de Porres,-12.03724344021473,-77.08974813693615,94.5,3,2,6,True,True,False,10,5.529,2026-06-21,2250.0
LIM-01313,jesús maría,-12.074441691420846,-77.05584866078775,45.9,2,1,4,True,True,False,8,3.251,2026-03-25,1800.0
LIM-01314,San Isidro,-12.107058557273922,-77.04515322575281,111.0,2,1,20,True,True,True,2,3.608,2026-03-21,11150.0
LIM-01315,San Isidro,-12.092426946287096,-77.04374484243964,48.0,1,1,15,False,True,False,25,3.612,2026-07-04,2450.0
LIM-01316,Lince,-12.108754728728533,-77.04336697356818,52.2,2,2,9,True,False,True,33,3.365,2026-02-15,2500.0
LIM-01317,Jesús María,-12.081366142610795,-77.04603342986857,82.1,3,3,14,False,False,False,15,3.394,2026-04-22,3450.0
LIM-01318,San Isidro,-12.091556761129628,-77.03856711710982,190.4,5,2,15,True,True,False,7,3.066,2026-07-26,18400.0
LIM-01319,San Miguel,-12.089758033756189,-77.0922239023415,101.3,3,1,5,True,False,False,5,7.373,2026-07-09,4300.0
LIM-01320,Chorrillos,-12.169788919016645,-76.98985454308246,70.3,3,2,11,True,False,False,16,3.075,2026-03-19,2100.0
LIM-01321,San Borja,-12.114984271140816,-77.00046673417319,90.8,3,2,5,True,False,False,15,1.249,2026-04-04,5400.0
LIM-01322,MAGDALENA DEL MAR,-12.09589369971736,-77.06844062853317,104.7,3,2,4,False,False,False,11,5.973,2026-05-05,4900.0
LIM-01323,San Isidro,-12.090058103922999,-77.02807500480796,134.0,3,3,8,False,False,True,12,1.994,2026-05-16,12500.0
LIM-01324,Surquillo,-12.103266435722615,-77.01825427949237,60.0,2,2,6,False,False,False,20,1.097,2026-05-16,2200.0
LIM-01325,Surco (Santiago de Surco),-12.133890091064153,-76.99171441042147,88.6,3,2,8,True,False,False,14,2.607,2026-07-14,5650.0
LIM-01326,Los Olivos,-11.978668123538544,-77.07125162171685,67.5,3,1,4,False,False,False,13,1.166,2026-06-28,2200.0
LIM-01327,La Molina,-12.092296466348555,-76.94276929925147,136.1,4,2,7,True,False,True,17,6.874,2026-03-28,7100.0
LIM-01328,Jesús María,-12.065956535642957,-77.05603820147219,111.1,3,2,8,True,False,True,36,2.632,2026-02-12,4500.0
LIM-01329,Surco (Santiago de Surco),-12.147255043001792,-77.00093053571496,51.1,2,2,4,False,True,False,4,1.709,2026-06-03,2300.0
LIM-01330,Miraflores,-12.123236799159683,-77.0291969329606,66.1,3,2,12,True,False,False,11,1.589,2026-07-01,5050.0
LIM-01331,San Miguel,-12.082030609180338,-77.11646284372621,52.9,1,1,2,True,False,False,4,9.329,2026-04-04,2250.0
LIM-01332,San Borja,-12.109540341399827,-76.98064712652281,94.5,3,1,8,False,False,False,3,3.257,2026-02-14,6950.0
LIM-01333,San Borja,-12.120411390350993,-76.972669703784,60.6,2,1,6,False,False,True,15,4.292,2026-06-18,3150.0
LIM-01334,Ate,-12.068623332226545,-76.9139557968809,60.3,2,1,12,False,True,False,21,10.251,2026-04-05,1400.0
LIM-01335,Ate,-12.040151088608484,-76.90801436987299,131.8,4,3,3,False,False,False,7,10.826,2026-05-10,3300.0
LIM-01336,Chorrillos,-12.163130422918137,-77.0051273079594,77.8,2,2,5,False,False,True,12,1.297,2026-03-12,3250.0
LIM-01337,Miraflores,-12.142606099489978,-77.04529603687493,73.6,2,1,9,True,True,False,16,3.218,2026-05-09,5400.0
LIM-01338,Jesús María,-12.069172886068886,-77.03786066465659,91.9,2,1,4,True,False,True,31,1.862,2026-06-10,3800.0
LIM-01339,Los Olivos,-11.955901805021858,-77.07661727753322,120.1,3,2,2,False,False,False,2,2.339,2026-08-10,3650.0
LIM-01340,La Molina,-12.079649067438853,-76.9177113092422,96.2,3,2,4,False,False,False,15,9.645,2026-05-21,6050.0
LIM-01341,Miraflores,-12.126100042144113,-77.03165911483998,66.1,2,2,9,False,False,False,25,1.833,2026-04-10,4250.0
LIM-01342,Surquillo,-12.126021956437008,-77.00660181332194,57.3,1,1,5,False,False,False,16,0.892,2026-03-13,2650.0
LIM-01343,Magdalena del Mar,-12.094528263047799,-77.07784095516432,110.3,3,2,3,False,False,False,5,6.515,2026-05-31,5150.0
LIM-01344,Jesús María,-12.070626579293839,-77.02263968692404,78.3,2,1,15,True,True,False,8,1.047,2026-02-27,4750.0
LIM-01345,Comas,-11.941850309866128,-77.06814820260446,86.6,3,2,6,False,False,False,11,3.412,2026-03-16,1800.0
LIM-01346,Jesús María,-12.075761615561412,-77.03501893455208,90.7,2,2,7,True,False,False,1,2.215,2026-06-13,5150.0
LIM-01347,La Molina,-12.099791820689473,-76.93767986541057,197.6,5,4,2,True,False,True,32,7.514,2026-03-27,13750.0
LIM-01348,Surco (Santiago de Surco),-12.129927740504293,-76.99014828046003,97.3,3,2,9,False,False,False,3,2.721,2026-05-29,5750.0
LIM-01349,La Molina,-12.081149746067037,-76.94245191118746,100.9,3,2,8,True,False,True,7,6.954,2026-04-25,8500.0
LIM-01350,Miraflores,-12.11869013449446,-77.03740415021235,139.7,5,3,14,False,False,False,13,2.569,2026-07-30,15050.0
LIM-01351,Surquillo,-12.113368076259144,-77.04853267572521,99.5,3,2,4,False,False,False,5,3.807,2026-03-02,3150.0
LIM-01352,Chorrillos,-12.154549006147047,-77.00520729469847,119.8,3,2,4,False,True,False,8,1.283,2026-04-02,3750.0
LIM-01353,Surco (Santiago de Surco),-12.14249254541488,-77.00086606932413,80.9,2,1,8,False,True,False,28,1.613,2026-04-08,2950.0
LIM-01354,Surco (Santiago de Surco),-12.11962277883052,-76.98096479827582,78.4,2,1,5,True,False,True,34,3.406,2026-03-29,5200.0
LIM-01355,Los Olivos,-11.977708293630661,-77.06727962678501,48.9,2,1,6,True,False,True,8,0.785,2026-08-01,1650.0
LIM-01356,San Isidro,-12.083892593124524,-77.02229691862776,115.7,4,2,6,True,False,False,10,1.157,2026-03-31,9650.0
LIM-01357,San Borja,-12.093499589399034,-76.98897728975868,92.2,3,2,7,False,False,True,3,1.907,2026-07-09,6800.0
LIM-01358,Magdalena del Mar,-12.099016614440822,-77.10527634216575,43.8,1,1,4,False,False,False,6,9.126,2026-07-22,1950.0
LIM-01359,Pueblo Libre,-12.05366844335127,-77.05572125260503,110.2,3,2,9,True,False,False,16,2.127,2026-08-08,5150.0
LIM-01360,Miraflores,-12.115471569359046,-77.03352410582737,67.3,2,2,20,False,True,True,13,2.159,2026-08-06,4850.0
LIM-01361,Lince,-12.095627269293688,-77.01931986575278,63.5,1,1,15,False,True,False,19,0.937,2026-02-13,3300.0
LIM-01362,La Molina,-12.09128987913267,-76.93810551005836,67.8,3,3,3,False,False,False,10,7.376,2026-04-03,3100.0
LIM-01363,Jesús María,-12.06000685232672,-77.04176437154442,93.6,3,2,8,False,False,False,21,1.04,2026-05-18,4100.0
LIM-01364,San Isidro,-12.08612322357748,-77.0399669135485,99.8,3,2,8,False,True,False,15,3.009,2026-07-08,8200.0
LIM-01365,Magdalena del Mar,-12.10819648481655,-77.0866512743053,76.8,2,1,4,True,False,False,4,7.991,2026-04-21,4200.0
LIM-01366,San Borja,-12.109971087746286,-77.00379464350765,78.7,2,2,10,False,False,False,14,0.74,2026-05-05,4900.0
LIM-01367,Barranco,-12.146957724206683,-77.04299870713837,162.2,4,3,5,False,False,False,25,2.919,2026-04-23,9150.0
LIM-01368,Miraflores,-12.127191255068908,-77.03648412481455,51.0,1,1,15,True,False,True,1,2.363,2026-05-28,4050.0
LIM-01369,Miraflores,-12.092806403319504,-77.04696990919447,59.5,3,2,12,False,True,True,10,3.958,2026-07-31,6350.0
LIM-01370,Surco (Santiago de Surco),-12.132196035079136,-77.0122528896451,119.2,4,2,11,False,False,False,5,0.42,2026-05-17,5550.0
LIM-01371,Miraflores,-12.121841746290837,-77.02800225383328,54.2,2,1,11,False,True,False,15,1.498,2026-07-17,4250.0
LIM-01372,Callao,-12.042309787468902,-77.11169141272595,60.0,2,1,2,True,False,False,8,7.577,2026-04-07,1400.0
LIM-01373,La Molina,-12.091182562418066,-76.94558152176211,158.0,3,3,6,True,False,False,16,6.563,2026-03-24,9600.0
LIM-01374,Surquillo,-12.102610868672592,-77.02348548596805,78.9,2,2,11,False,True,True,21,1.583,2026-03-02,3900.0
LIM-01375,Ate,-12.066412788746996,-76.92736889794686,107.4,3,2,4,True,False,False,9,8.901,2026-06-28,2400.0
LIM-01376,San Isidro,-12.102643848554948,-77.04050631590837,90.1,2,1,9,True,True,True,14,3.329,2026-04-27,9250.0
LIM-01377,Lince,-12.072511154979473,-77.04316667649474,54.5,1,1,13,True,True,False,27,2.361,2026-06-16,2100.0
LIM-01378,Chorrillos,-12.155857627352924,-77.01885396890546,75.6,2,2,6,False,True,False,14,0.578,2026-03-31,2000.0
LIM-01379,Jesús María,-12.082879548556072,-77.06725838128895,78.0,2,1,12,False,True,True,4,4.785,2026-02-27,4650.0
LIM-01380,La Molina,-12.097477859634624,-76.93678418906153,144.2,4,3,7,True,True,False,4,7.574,2026-02-14,7950.0
LIM-01381,La Molina,-12.079990642835554,-76.9520043734649,126.1,4,3,4,False,False,False,8,5.945,2026-02-20,6250.0
LIM-01382,San Isidro,-12.104676406739014,-77.0321849171966,63.2,1,1,4,True,False,False,12,2.412,2026-05-30,4050.0
LIM-01383,San Borja,-12.111522935013065,-76.98795333605243,115.9,4,3,7,False,False,False,18,2.47,2026-04-13,6000.0
LIM-01384,Comas,-11.932483139703153,-77.05806554941682,55.5,2,2,4,False,False,False,9,4.436,2026-04-07,1550.0
LIM-01385,Callao,-12.063129226179369,-77.10851047852482,76.7,2,1,8,False,True,False,4,7.953,2026-03-11,2750.0
LIM-01386,San Isidro,-12.12078510901843,-77.06149967115425,59.0,2,1,2,False,False,True,23,5.106,2026-04-27,3900.0
LIM-01387,Pueblo Libre,-12.08921301322727,-77.06901427996445,57.0,1,1,8,False,False,True,15,5.43,2026-07-29,2400.0
LIM-01388,Surco (Santiago de Surco),-12.134880532971357,-76.98176307999853,176.0,5,2,7,True,False,False,4,3.691,2026-07-31,10350.0
LIM-01389,San Martín de Porres,-12.021261077781675,-77.0744892455402,56.2,2,2,4,True,False,False,1,3.122,2026-06-18,1450.0
LIM-01390,San Isidro,-12.100765925007568,-77.01451844081338,65.4,2,1,20,True,True,False,15,0.691,2026-07-08,5850.0
LIM-01391,Callao,-12.073305158194927,-77.0976474342404,100.1,3,2,6,True,False,False,11,7.075,2026-06-20,3550.0
LIM-01392,Chorrillos,-12.155020731917613,-77.01450489438659,70.5,3,2,12,True,False,True,15,0.477,2026-05-19,2600.0
LIM-01393,Miraflores,-12.095118288862812,-77.03242374342662,78.8,3,2,7,False,True,False,7,2.363,2026-05-16,7200.0
LIM-01394,San Isidro,-12.109898365228105,-77.0482012645568,134.3,4,3,9,True,False,True,20,3.839,2026-05-31,10750.0
LIM-01395,Chorrillos,-12.171618895839545,-77.02380970278642,101.1,3,2,9,True,False,False,5,0.987,2026-03-08,3900.0
LIM-01396,Miraflores,-12.132624844783962,-77.03429896290187,64.6,1,1,6,True,True,False,13,2.027,2026-07-31,6900.0
LIM-01397,San Borja,-12.112011787224654,-77.00571899030858,86.2,2,1,5,True,True,True,23,0.59,2026-06-05,7550.0
LIM-01398,San Martín de Porres,-11.97725836806453,-77.0916200529729,106.7,3,2,2,True,False,False,15,3.176,2026-03-16,2350.0
LIM-01399,Jesús María,-12.07920026257272,-77.04418108094974,98.0,3,2,5,True,False,True,3,3.104,2026-03-05,6450.0
LIM-01400,La Molina,-12.090232449546846,-76.9248403238623,110.7,3,2,8,False,False,True,22,8.815,2026-07-05,5000.0
LIM-01401,Magdalena del Mar,-12.106810351206732,-77.06450091878123,87.5,2,1,9,True,True,False,14,5.644,2026-04-18,4650.0
LIM-01402,San Isidro,-12.083445727468023,-77.04056904069924,95.4,2,2,11,False,False,True,19,2.997,2026-06-18,7550.0
LIM-01403,ATE,-12.08555920043029,-76.90383165382879,89.3,3,2,3,False,False,False,3,11.104,2026-02-24,2500.0
LIM-01404,Surco (Santiago de Surco),-12.14031356785838,-76.99084018959793,78.3,2,1,7,False,False,False,17,2.709,2026-05-08,3750.0
LIM-01405,Miraflores,-12.121650633129626,-77.02988845221124,95.1,2,2,18,True,True,True,4,1.701,2026-06-10,9100.0
LIM-01406,Surco (Santiago de Surco),-12.14293292795821,-76.99623747270778,104.3,2,1,7,True,False,False,18,2.118,2026-08-06,5050.0
LIM-01407,ate,-12.036037453907227,-76.91839928165585,47.3,1,1,3,False,True,True,13,9.611,2026-03-31,1750.0
LIM-01408,Miraflores,-12.106675672592354,-77.02158720652714,57.6,2,2,3,False,False,False,7,1.241,2026-07-27,3900.0
LIM-01409,Chorrillos,-12.191644474154554,-77.01642395901268,70.3,2,1,5,False,True,False,12,1.522,2026-03-15,
LIM-01410,Pueblo Libre,-12.048478160154751,-77.07184107357092,70.3,3,2,10,False,True,False,5,3.9,2026-04-04,3950.0
LIM-01411,Surquillo,-12.13177910589224,-77.0268222253092,95.5,3,2,2,False,True,False,7,1.232,2026-04-23,3350.0
LIM-01412,Ate,-12.03093643181989,-76.91232915222461,256.3,5,3,2,True,False,False,9,9.981,2026-06-02,8200.0
LIM-01413,Chorrillos,-12.17290206761757,-77.01295618541181,37.3,2,2,4,True,False,False,15,0.752,2026-08-03,1350.0
LIM-01414,Callao,-12.062644413165366,-77.1218575917318,93.7,3,1,3,False,False,True,6,9.384,2026-04-25,2450.0
LIM-01415,Miraflores,-12.12601240315611,-77.04298406747294,76.7,2,1,10,False,False,False,11,3.064,2026-07-02,6100.0
LIM-01416,Surquillo,-12.115102153487923,-77.00248841859498,61.4,2,2,14,False,True,False,22,1.067,2026-05-16,2450.0
LIM-01417,San Borja,-12.105798985657634,-76.98613674468567,107.1,3,2,5,True,False,False,10,2.695,2026-06-13,6700.0
LIM-01418,San Borja,-12.119341852216458,-77.02244851801167,94.4,3,2,6,True,True,False,10,0.958,2026-04-22,6550.0
LIM-01419,Los Olivos,-11.97170727949214,-77.05542500492024,78.4,2,2,4,True,False,True,23,0.814,2026-02-26,2950.0
LIM-01420,ATE,-12.055648073875131,-76.91850770956799,92.9,3,2,2,False,True,False,8,10.201,2026-04-01,1950.0
LIM-01421,Pueblo Libre,-12.088180594324887,-77.06082015503968,89.6,2,1,6,False,True,False,7,4.795,2026-06-04,4350.0
LIM-01422,Magdalena del Mar,-12.105307740429494,-77.06204132327936,90.4,3,2,9,False,True,False,24,5.423,2026-08-07,3150.0
LIM-01423,Magdalena del Mar,-12.109299695592345,-77.05586953456044,82.9,2,1,5,False,False,True,14,4.668,2026-05-29,3450.0
LIM-01424,La Molina,-12.091841858953007,-76.93316561657946,91.3,3,2,11,False,True,False,9,7.915,2026-03-26,5550.0
LIM-01425,Surco (Santiago de Surco),-12.129810301134379,-76.9921076340126,234.2,5,4,6,True,True,False,13,2.509,2026-02-14,16500.0
LIM-01426,La Molina,-12.085351475749865,-76.96170768823563,123.4,4,3,5,True,False,False,9,4.822,2026-03-07,6800.0
LIM-01427,Miraflores,-12.097407862680072,-77.0537147818878,95.7,2,1,5,True,True,False,8,4.68,2026-06-27,8250.0
LIM-01428,San Isidro,-12.12372543616464,-77.0261620927317,72.3,1,1,13,False,True,False,2,1.255,2026-03-30,5750.0
LIM-01429,San Miguel,-12.07176790840543,-77.07669563585107,82.9,2,1,7,False,False,True,14,4.902,2026-08-03,2750.0
LIM-01430,Magdalena del Mar,-12.095422957137707,-77.08547573833006,82.7,2,1,4,False,False,False,22,7.183,2026-06-03,3050.0
LIM-01431,San Martín de Porres,-11.989111955891538,-77.08383735957688,48.8,2,2,2,False,False,False,11,2.837,2026-03-17,1000.0
LIM-01432,Jesús María,-12.065002417548277,-77.05568719066063,63.6,1,1,7,True,False,False,32,2.541,2026-07-11,2650.0
LIM-01433,San Isidro,-12.099179901001623,-77.04370680088186,67.2,1,1,13,False,False,True,11,3.608,2026-07-14,5850.0
LIM-01434,Miraflores,-12.119028184581719,-77.01650046579329,61.9,2,1,11,True,True,True,5,0.329,2026-02-26,6450.0
LIM-01435,Miraflores,-12.130028830555021,-77.02677952240695,53.3,2,2,12,False,True,True,4,1.279,2026-07-01,3950.0
LIM-01436,Ate,-12.039035840247747,-76.91875013973674,93.3,2,1,14,False,False,False,19,9.731,2026-06-04,2200.0
LIM-01437,Barranco,-12.171946512625473,-76.98950975975387,109.5,2,1,13,True,True,False,9,3.116,2026-07-21,8050.0
LIM-01438,San Borja,-12.098978082736208,-77.01581305078808,93.8,2,1,11,False,False,False,3,0.659,2026-04-20,6850.0
LIM-01439,Callao,-12.056878081330833,-77.11152506702204,58.2,2,1,3,True,False,False,4,8.206,2026-05-28,1550.0
LIM-01440,Ate,-12.052244744453974,-76.92858773942206,66.1,2,2,2,True,False,False,12,9.348,2026-03-03,1500.0
LIM-01441,Barranco,-12.15219039839336,-77.02328924246393,62.0,1,1,15,False,True,True,22,0.746,2026-05-06,3750.0
LIM-01442,San Isidro,-12.099110354815062,-77.03491633938644,54.0,2,2,8,False,False,False,7,2.659,2026-07-10,4450.0
LIM-01443,Miraflores,-12.105532354874235,-77.01926485136437,82.7,2,2,11,True,False,True,12,1.05,2026-04-02,7400.0
LIM-01444,San Isidro,-12.05839807604102,-77.03983418274193,131.1,4,3,5,True,True,False,23,0.775,2026-07-13,11350.0
LIM-01445,Miraflores,-12.106461550110195,-77.03380337717356,62.4,1,1,4,True,True,True,41,2.508,2026-06-21,4300.0
LIM-01446,Jesús María,-12.080383909430678,-77.05234902117377,82.0,2,1,10,True,False,False,8,3.573,2026-08-07,4300.0
LIM-01447,San Martín de Porres,-11.991342618108577,-77.09355943223562,78.5,3,2,2,False,False,True,8,3.799,2026-04-23,2450.0
LIM-01448,San Borja,-12.10022005000731,-76.9910122823749,73.6,2,1,10,False,True,False,12,2.044,2026-02-16,4050.0
LIM-01449,Jesús María,-12.084701928669368,-77.04562398755063,85.0,2,1,4,False,False,False,12,3.563,2026-07-10,5000.0
LIM-01450,Miraflores,-12.136229591566648,-77.02417797594421,60.7,2,2,12,True,False,True,20,0.957,2026-04-13,4300.0
LIM-01451,Surquillo,-12.115459371147,-77.0183345160304,50.2,1,1,5,False,True,False,13,0.552,2026-04-08,1850.0
LIM-01452,Jesús María,-12.063907508767583,-77.05131453551869,47.6,2,1,6,False,False,False,7,2.083,2026-03-09,1850.0
LIM-01453,Chorrillos,-12.194041699211217,-77.00399279594123,83.7,3,2,6,False,False,False,7,2.31,2026-08-09,2650.0
LIM-01454,Callao,-12.065250774411853,-77.10583856235812,119.6,3,2,6,False,True,False,9,7.706,2026-04-22,3250.0
LIM-01455,Surco (Santiago de Surco),-12.128128179492116,-76.9780223929658,119.1,4,3,5,False,True,False,16,4.007,2026-04-06,6450.0
LIM-01456,Miraflores,-12.120599316640753,-77.02492886778205,120.9,4,3,11,False,True,False,3,1.239,2026-03-29,10100.0
LIM-01457,Barranco,-12.132404716552813,-77.00516803086414,56.4,1,1,11,False,True,False,17,1.157,2026-03-19,5100.0
LIM-01458,Magdalena del Mar,-12.112436409448916,-77.08069299167664,102.4,3,2,10,False,True,True,3,7.296,2026-03-29,4700.0
LIM-01459,Callao,-12.028374020798607,-77.12051022143369,59.7,2,2,9,False,False,False,4,7.5,2026-03-01,1600.0
LIM-01460,La Molina,-12.105255909322835,-76.93085879095581,138.0,4,3,7,False,False,False,1,8.357,2026-07-22,8700.0
LIM-01461,San Miguel,-12.10174996462594,-77.08267894154088,132.0,3,2,4,False,False,False,28,7.46,2026-03-26,3050.0
LIM-01462,San Borja,-12.109006953353967,-77.00208540488298,105.6,3,3,5,True,False,False,13,0.929,2026-07-19,7750.0
LIM-01463,Miraflores,-12.134713507138953,-77.04195509883223,127.6,4,3,7,False,False,False,15,2.856,2026-06-25,11200.0
LIM-01464,Surco (Santiago de Surco),-12.13546506796854,-76.99744757048391,78.4,2,1,5,False,False,False,4,1.992,2026-07-07,3700.0
LIM-01465,Lince,-12.085984722547456,-77.04151842129532,65.1,2,2,5,False,False,False,13,3.166,2026-02-13,
LIM-01466,Lince,-12.08744929054529,-77.01260595821013,50.7,2,2,6,False,False,False,13,0.749,2026-07-21,2150.0
LIM-01467,Magdalena del Mar,-12.10560893238636,-77.06657951227776,78.9,3,2,7,False,False,False,9,5.894,2026-05-13,3900.0
LIM-01468,Barranco,-12.144208126169044,-77.03059107092864,76.3,3,2,9,True,False,False,17,1.637,2026-07-12,5200.0
LIM-01469,Pueblo Libre,-12.077408045377206,-77.07563989152798,75.6,2,2,9,False,True,False,14,5.111,2026-03-02,3500.0
LIM-01470,Miraflores,-12.107856021550942,-77.0387397592854,64.4,2,2,17,False,True,False,10,2.924,2026-03-17,4150.0
LIM-01471,Callao,-12.05876446703034,-77.1248059028616,72.6,2,1,5,False,False,True,14,9.661,2026-05-16,2300.0
LIM-01472,Miraflores,-12.1326757690744,-77.03140040472556,83.8,3,1,7,False,True,True,13,1.712,2026-05-13,6500.0
LIM-01473,Miraflores,-12.141352526622121,-77.01602544210942,71.3,3,3,13,False,True,False,22,0.08,2026-07-19,8150.0
LIM-01474,San Borja,-12.11036531317738,-77.01019820269623,62.3,2,1,11,False,False,False,4,0.086,2026-07-11,3450.0
LIM-01475,San Borja,-12.12353045485635,-76.97112555306184,49.0,1,1,6,True,False,False,28,4.559,2026-08-01,3150.0
LIM-01476,San Borja,-12.124499542248056,-77.00991960284195,74.4,2,1,11,True,True,False,10,0.547,2026-02-26,4450.0
LIM-01477,Magdalena del Mar,-12.089170512290236,-77.09260857277313,50.1,2,2,2,True,False,False,12,7.372,2026-07-16,2050.0
LIM-01478,Comas,-11.96433204073396,-77.04174034209612,72.7,3,3,2,False,False,True,3,2.458,2026-05-20,2000.0
LIM-01479,Magdalena del Mar,-12.078553679460004,-77.05984493280195,68.1,1,1,3,True,False,False,5,3.882,2026-04-02,2850.0
LIM-01480,Magdalena del Mar,-12.093583403387253,-77.07788818557307,74.4,2,1,4,False,True,False,11,6.444,2026-02-24,3550.0
LIM-01481,La Molina,-12.087326111572299,-76.9406240122185,88.9,3,2,10,True,True,False,15,7.1,2026-05-22,5850.0
LIM-01482,San Isidro,-12.109617191286608,-77.03182117057077,171.4,4,3,9,True,True,False,20,2.156,2026-07-16,14100.0
LIM-01483,Jesús María,-12.064427532443885,-77.04735945085508,53.4,1,1,10,False,False,False,3,1.806,2026-06-26,2200.0
LIM-01484,Barranco,-12.149434859203168,-77.03695775446164,103.1,4,3,16,False,False,True,6,2.232,2026-08-06,8900.0
LIM-01485,Lince,-12.09333315971289,-77.063083606192,64.6,2,2,12,False,False,True,5,5.409,2026-07-15,
LIM-01486,San Isidro,-12.094802103640182,-77.04683671418788,68.9,2,1,8,True,True,True,8,3.931,2026-03-08,5350.0
LIM-01487,Comas,-11.963193425465272,-77.04020614706354,114.7,4,3,3,True,False,False,13,2.66,2026-06-20,3250.0
LIM-01488,Magdalena del Mar,-12.115123925578589,-77.05343503796728,67.5,1,1,6,True,False,False,18,4.319,2026-06-17,3200.0
LIM-01489,Los Olivos,-11.982342233023612,-77.0746420435739,68.0,1,1,11,False,False,False,36,1.711,2026-05-12,1650.0
LIM-01490,Magdalena del Mar,-12.091305672788684,-77.08719557067027,138.3,5,3,5,False,False,True,8,7.033,2026-05-05,6750.0
LIM-01491,San Isidro,-12.097239099861675,-77.03336254536325,42.1,1,1,16,False,True,True,11,2.469,2026-03-07,3950.0
LIM-01492,Surquillo,-12.10211224881333,-77.0122322256544,60.1,2,1,7,False,False,False,22,0.721,2026-06-05,2400.0
LIM-01493,Lince,-12.096139878226024,-77.02609136576847,72.3,2,2,2,True,False,True,9,1.674,2026-02-25,2950.0
LIM-01494,San Miguel,-12.070503985914225,-77.12312434419405,122.4,3,3,5,False,False,False,32,9.664,2026-02-21,6600.0
LIM-01495,La Molina,-12.088166446628744,-76.9073069257941,96.8,2,2,4,False,False,False,6,10.72,2026-05-29,4200.0
LIM-01496,Lince,-12.096416542336891,-77.01971030398347,159.3,5,3,5,False,True,False,8,0.982,2026-08-01,7200.0
LIM-01497,Chorrillos,-12.170076307951444,-77.02047436444488,104.5,3,2,1,False,False,False,15,0.939,2026-05-22,3250.0
LIM-01498,Jesús María,-12.074392142298944,-77.05762173156194,37.5,1,1,15,False,True,False,18,3.377,2026-06-09,1200.0
LIM-01499,Surco (Santiago de Surco),-12.142549430329744,-76.98315233167105,59.7,2,1,5,False,False,False,11,3.539,2026-07-25,2450.0
LIM-01500,Lince,-12.084596010954272,-77.02735526461959,73.4,2,1,5,False,False,False,45,1.671,2026-05-04,2450.0
LIM-01501,Lince,-12.086654364631249,-77.03219423014359,47.2,1,1,14,False,True,False,14,2.244,2026-04-20,1900.0
LIM-01502,Callao,-12.05844425682221,-77.11259998439631,101.3,3,3,2,False,False,False,7,8.335,2026-02-14,2550.0
LIM-01503,Surco (Santiago de Surco),-12.13995111779893,-76.9963526352507,82.2,2,1,9,False,True,False,10,2.116,2026-05-02,4850.0
LIM-01504,La Molina,-12.102459382466725,-76.94037765281139,75.0,3,2,5,False,True,False,3,7.28,2026-07-25,4400.0
LIM-01505,Surquillo,-12.11380281500926,-77.00878364578855,47.7,2,2,2,True,True,False,6,0.497,2026-08-09,2550.0
LIM-01506,San Borja,-12.117932572484657,-76.99448019751101,118.2,3,2,10,False,True,False,6,1.977,2026-08-07,7000.0
LIM-01507,San Miguel,-12.08964394641173,-77.08930893722014,40.8,2,1,11,False,False,False,10,7.106,2026-05-08,1700.0
LIM-01508,Magdalena del Mar,-12.09838839812923,-77.05898567840147,109.0,2,2,6,True,False,False,9,5.258,2026-03-24,5750.0
LIM-01509,Barranco,-12.140591681469934,-77.04056528543302,98.7,3,2,12,False,True,True,18,2.708,2026-04-10,7700.0
LIM-01510,San Miguel,-12.07517263790771,-77.1023745873427,70.2,2,1,4,False,False,True,6,7.628,2026-06-17,2600.0
LIM-01511,Miraflores,-12.127473706500291,-77.02908127176822,47.8,1,1,12,False,True,False,15,1.565,2026-05-23,3900.0
LIM-01512,Miraflores,-12.127956152694415,-77.03815841099515,89.6,3,2,9,False,False,False,27,2.529,2026-06-06,5850.0
LIM-01513,Jesús María,-12.065970240853735,-77.05375239045894,68.5,2,2,5,False,True,False,21,2.433,2026-07-28,3050.0
LIM-01514,San Miguel,-12.106160829233367,-77.07734709860532,844.1,1,1,3,False,True,False,7,7.027,2026-03-16,2250.0
LIM-01515,Los Olivos,-11.959331620129605,-77.0732876516875,162.1,5,4,9,True,False,False,28,1.815,2026-06-18,4900.0
LIM-01516,Surco (Santiago de Surco),-12.157488189299164,-77.01695053233257,71.6,2,1,7,False,False,False,6,0.502,2026-06-04,3550.0
LIM-01517,Miraflores,-12.138084894899876,-77.034480100752,46.8,1,1,8,True,False,True,18,2.087,2026-04-09,4500.0
LIM-01518,Callao,-12.062771189975159,-77.11740264191039,93.1,3,2,3,True,False,False,12,8.905,2026-04-10,2500.0
LIM-01519,Miraflores,-12.09505851028483,-77.02892372561053,73.4,2,2,12,False,True,False,9,1.983,2026-04-17,5350.0
LIM-01520,Miraflores,-12.10097096767983,-77.02272755070383,120.7,4,3,13,True,False,True,8,1.429,2026-06-29,9250.0
LIM-01521,Surco (Santiago de Surco),-12.126522146930434,-76.98930733710294,1024.4,2,1,7,False,True,False,18,2.773,2026-06-10,3500.0
LIM-01522,San Borja,-12.104021491460454,-77.0002659131823,80.0,3,2,10,False,True,False,6,1.289,2026-04-03,5800.0
LIM-01523,Los Olivos,-11.991247323616149,-77.08581647709894,98.0,2,1,4,False,False,False,40,2.977,2026-06-20,2450.0
LIM-01524,San Miguel,-12.075518902045433,-77.09809367101965,83.1,2,1,5,True,False,False,14,7.205,2026-04-16,2850.0
LIM-01525,Pueblo Libre,-12.08019065822272,-77.07057331867946,80.7,2,2,8,False,True,False,27,4.85,2026-05-31,2900.0
LIM-01526,Miraflores,-12.130900032003472,-77.03282124563223,81.8,3,2,8,False,True,False,11,1.891,2026-04-19,5350.0
LIM-01527,Surco (Santiago de Surco),-12.133142362920303,-76.9867059775769,100.1,3,2,4,False,False,False,10,3.153,2026-02-21,5200.0
LIM-01528,Magdalena del Mar,-12.10115332011336,-77.07085076700523,68.3,2,1,9,False,False,False,28,6.47,2026-04-02,2900.0
LIM-01529,Miraflores,-12.110668405448374,-77.01951193143509,97.9,3,2,11,False,False,False,12,0.975,2026-04-07,6550.0
LIM-01530,Surco (Santiago de Surco),-12.158231457211352,-76.99960899844324,84.7,2,2,11,False,True,False,28,1.936,2026-05-16,3400.0
LIM-01531,Surco (Santiago de Surco),-12.134099862931848,-76.97689967078058,122.9,4,3,9,True,True,False,7,4.218,2026-02-13,5900.0
LIM-01532,Miraflores,-12.131649166682168,-77.02132593784883,116.9,3,2,11,False,False,True,12,0.661,2026-07-05,12050.0
LIM-01533,San Borja,-12.113215629946987,-76.99725318381789,72.5,2,1,4,False,False,False,1,1.503,2026-04-11,4050.0
LIM-01534,Pueblo Libre,-12.06994448296625,-77.05585984098747,161.9,5,3,6,False,False,False,15,2.894,2026-05-11,7400.0
LIM-01535,San Isidro,-12.110607694351321,-77.04480912497557,67.7,3,2,8,True,True,True,12,3.462,2026-07-30,5800.0
LIM-01536,Magdalena del Mar,-12.09352921432825,-77.10100505059152,62.2,3,3,9,False,True,False,6,8.401,2026-08-01,3100.0
LIM-01537,San Miguel,-12.079948058462511,-77.10008035642883,92.7,2,1,14,True,True,False,8,7.592,2026-03-29,3400.0
LIM-01538,San Miguel,-12.085327042382124,-77.08383051651309,89.8,2,1,8,False,True,True,16,6.343,2026-03-18,4200.0
LIM-01539,Surquillo,-12.12034686983213,-77.01653740752373,66.5,2,1,3,True,False,False,14,0.419,2026-07-16,3050.0
LIM-01540,Magdalena del Mar,-12.097354622694242,-77.07734201367214,101.3,3,2,8,False,False,False,3,6.708,2026-03-09,5550.0
LIM-01541,Surquillo,-12.123914038150758,-77.02767408084934,70.5,2,2,4,False,False,False,20,1.414,2026-07-29,2300.0
LIM-01542,Barranco,-12.149314866296093,-77.044869909911,135.6,4,4,11,True,True,False,11,3.091,2026-07-25,10700.0
LIM-01543,Surco (Santiago de Surco),-12.138338119459993,-76.97790185255023,93.4,3,2,10,True,True,False,34,4.129,2026-03-10,3900.0
LIM-01544,Miraflores,-12.128435390444803,-77.03189473690173,57.1,1,1,9,True,False,True,27,1.862,2026-05-01,4400.0
LIM-01545,Magdalena del Mar,-12.076421893193164,-77.08085445578277,65.4,1,1,5,False,False,True,8,5.542,2026-06-08,3700.0
LIM-01546,La Molina,-12.08181712092926,-76.9532597552051,127.9,4,3,8,True,True,False,16,5.779,2026-06-15,7200.0
LIM-01547,Barranco,-12.153992546791475,-77.00634573026848,81.8,2,1,6,False,False,False,24,1.147,2026-02-24,4450.0
LIM-01548,San Miguel,-12.075649674830105,-77.08222379025145,83.3,2,1,9,False,False,False,6,5.633,2026-06-10,2850.0
LIM-01549,Surco (Santiago de Surco),-12.147321841641283,-77.00660687357053,72.4,1,1,9,False,True,False,18,1.152,2026-06-05,3150.0
LIM-01550,Surco (Santiago de Surco),-12.140241259281343,-76.98102548441948,135.5,3,2,6,True,False,False,24,3.774,2026-07-02,5950.0
LIM-01551,Miraflores,-12.124940929405259,-77.03114084502705,139.4,4,3,6,False,False,True,21,1.778,2026-04-07,9950.0
LIM-01552,Magdalena del Mar,-12.110461526918918,-77.08302650625585,78.7,1,1,7,False,False,True,7,7.569,2026-05-31,4600.0
LIM-01553,Surco (Santiago de Surco),-12.130351751424067,-76.99852334864157,169.6,4,3,12,False,False,False,8,1.844,2026-03-12,8250.0
LIM-01554,Surco (Santiago de Surco),-12.141067352431353,-77.00439956700619,125.3,4,2,10,False,False,True,3,1.233,2026-03-07,7650.0
LIM-01555,Barranco,-12.153665600009369,-77.03725052523299,142.4,4,3,5,False,False,True,29,2.272,2026-04-13,10350.0
LIM-01556,San Miguel,-12.08422463830948,-77.08348642841389,90.7,2,1,7,False,False,False,12,6.242,2026-04-20,3500.0
LIM-01557,San Martín de Porres,-11.963390912912283,-77.08324845830838,94.0,3,2,6,False,False,False,9,2.416,2026-07-02,3550.0
LIM-01558,San Borja,-12.116251381802089,-76.99119348559626,117.8,3,2,7,True,True,False,10,2.232,2026-02-12,8500.0
LIM-01559,Lince,-12.10992412344663,-77.02985344002644,59.2,1,1,6,True,True,True,9,1.948,2026-02-22,3050.0
LIM-01560,Chorrillos,-12.193899183651506,-77.01151750666376,93.4,3,2,8,False,True,False,3,1.884,2026-05-31,2900.0
LIM-01561,Comas,-11.933888368527654,-77.08655184166489,145.4,4,3,4,False,True,False,16,4.967,2026-03-07,4050.0
LIM-01562,Jesús María,-12.057562567699803,-77.05940112299228,104.0,3,2,2,False,False,True,8,2.587,2026-03-29,5000.0
LIM-01563,Los Olivos,-11.977081566296475,-77.06466762293518,87.1,3,3,3,False,True,False,6,0.586,2026-07-17,2650.0
LIM-01564,San Martín de Porres,-11.983552603964375,-77.09589796832964,96.0,2,1,3,False,False,False,5,3.809,2026-07-17,2100.0
LIM-01565,Surquillo,-12.105800920001888,-77.01302321899425,82.8,3,2,4,True,False,False,2,0.507,2026-06-03,3300.0
LIM-01566,Magdalena del Mar,-12.097773761571833,-77.09238845496021,1468.4,3,2,10,False,True,False,5,7.924,2026-06-10,4800.0
LIM-01567,San Isidro,-12.100325355405248,-77.03650267219805,108.1,3,2,12,False,True,False,10,2.85,2026-05-24,8200.0
LIM-01568,San Isidro,-12.095029557283013,-77.01738011527276,94.8,3,2,6,True,False,False,7,0.731,2026-04-30,8900.0
LIM-01569,Magdalena del Mar,-12.084970530134155,-77.06640479861602,59.9,2,2,8,False,True,False,4,4.889,2026-05-12,4150.0
LIM-01570,San Borja,-12.10353246521286,-77.02080889136928,72.7,3,2,12,False,True,False,5,1.305,2026-05-03,4650.0
LIM-01571,La Molina,-12.094921699621585,-76.9350195431482,127.5,3,2,6,False,False,False,13,7.735,2026-02-23,8250.0
LIM-01572,Jesús María,-12.075690484564317,-77.02713314127925,104.4,3,2,8,False,True,False,4,1.492,2026-05-15,5050.0
LIM-01573,San Borja,-12.084524838543336,-76.96503580787805,112.7,3,1,8,False,False,True,3,4.471,2026-02-24,7050.0
LIM-01574,Chorrillos,-12.171685434432446,-77.01239909115039,66.1,2,2,3,False,False,False,35,0.895,2026-02-28,1450.0
LIM-01575,Miraflores,-12.11066809487741,-77.04577303908663,71.5,3,1,11,False,True,True,7,3.563,2026-03-17,6900.0
LIM-01576,Barranco,-12.142921380153009,-77.01618386426371,48.1,2,1,6,False,False,True,2,0.115,2026-05-06,3350.0
LIM-01577,Surquillo,-12.111419707072027,-76.9983475968199,41.6,1,1,12,False,False,False,6,1.346,2026-04-29,1800.0
LIM-01578,Chorrillos,-12.173395613199819,-77.020345058157,1009.2,3,2,3,False,True,False,21,0.598,2026-03-01,2050.0
LIM-01579,Comas,-11.9322313124961,-77.04948269292541,146.7,4,3,4,True,False,False,21,4.667,2026-06-05,3200.0
LIM-01580,Los Olivos,-11.960276293176271,-77.08157523598653,90.9,3,2,8,False,True,True,12,2.42,2026-08-10,3150.0
LIM-01581,Los Olivos,-11.965733278263862,-77.06703176096248,162.1,4,3,3,False,False,True,16,0.839,2026-04-09,5350.0
LIM-01582,Surco (Santiago de Surco),-12.143325150306575,-77.02487495418205,90.1,4,3,8,True,True,True,4,1.008,2026-03-10,5800.0
LIM-01583,La Molina,-12.082173294333419,-76.95660402458203,111.1,2,2,20,False,True,False,11,5.413,2026-03-19,5800.0
LIM-01584,Surco (Santiago de Surco),-12.135804095237617,-76.99507344776738,69.2,3,2,11,False,False,False,2,2.252,2026-07-17,4100.0
LIM-01585,Jesús María,-12.077299070936142,-77.05336028076692,71.6,3,2,8,True,False,False,28,3.339,2026-03-29,2600.0
LIM-01586,Callao,-12.024454688300407,-77.1337074099313,58.1,1,1,7,False,False,True,4,8.64,2026-04-26,1900.0
LIM-01587,Surco (Santiago de Surco),-12.153468615692494,-77.00099587437703,57.9,3,2,9,True,True,False,12,1.704,2026-07-29,3850.0
LIM-01588,San Borja,-12.09679784569131,-76.99464413941838,61.8,1,1,5,True,False,False,2,1.5,2026-04-14,4500.0
LIM-01589,Surco (Santiago de Surco),-12.145352051331045,-76.99603473104533,97.6,3,2,8,True,True,False,27,2.17,2026-05-17,5000.0
LIM-01590,Miraflores,-12.11952565412788,-77.02866874916154,59.2,1,1,20,False,True,False,28,1.629,2026-02-28,3400.0
LIM-01591,Miraflores,-12.090276949770917,-77.02061637436297,63.9,2,2,16,False,True,False,20,1.241,2026-02-24,4900.0
LIM-01592,San Isidro,-12.10874842793789,-77.0408179524088,96.9,3,3,9,False,True,False,18,3.101,2026-06-17,7700.0
LIM-01593,Callao,-12.065286471857927,-77.10178986540338,51.8,2,1,4,False,False,False,26,7.275,2026-07-27,1400.0
LIM-01594,La Molina,-12.08701016484582,-76.95707125279321,112.9,4,3,20,True,True,False,2,5.314,2026-06-27,9600.0
LIM-01595,Chorrillos,-12.184866603491576,-76.99496396936328,107.6,3,1,5,True,False,True,16,2.566,2026-02-27,3500.0
LIM-01596,Lince,-12.074491323788717,-77.01994353643407,91.7,1,1,5,True,False,False,9,0.787,2026-03-04,4600.0
LIM-01597,Miraflores,-12.12751435323276,-77.03367197336614,88.5,3,2,6,False,True,True,17,2.062,2026-08-08,7000.0
LIM-01598,Miraflores,-12.113251884318208,-77.03287182445077,73.8,2,1,10,False,True,True,12,2.132,2026-06-08,4400.0
LIM-01599,Surquillo,-12.1306502695816,-77.01501917290065,53.2,2,2,4,False,False,False,17,0.369,2026-05-29,2200.0
LIM-01600,Surco (Santiago de Surco),-12.156681978025851,-76.98781594884154,92.5,3,1,7,True,True,True,14,3.177,2026-03-31,5400.0
LIM-01601,San Martín de Porres,-12.001647819747438,-77.0674654206972,152.8,4,3,5,True,False,False,1,1.01,2026-07-28,5550.0
LIM-01602,Miraflores,-12.139922094056452,-77.04548709497618,81.8,2,2,17,False,True,True,12,3.246,2026-07-31,7450.0
LIM-01603,Lince,-12.066880773046815,-77.02805068853526,65.7,2,2,6,False,False,True,39,0.988,2026-05-21,3000.0
LIM-01604,Surquillo,-12.133057641885939,-77.04289817102955,77.8,2,2,2,True,False,True,10,2.958,2026-08-02,4100.0
LIM-01605,Barranco,-12.161852240252049,-77.02352760583003,71.1,3,2,8,False,False,True,13,0.71,2026-07-22,4400.0
LIM-01606,Surco (Santiago de Surco),-12.130036561374304,-76.97755304995455,102.1,3,2,6,False,True,True,28,4.078,2026-03-23,5250.0
LIM-01607,Ate,-12.053436367400744,-76.93301130838663,85.0,3,2,3,False,False,False,3,8.857,2026-03-06,2550.0
LIM-01608,Barranco,-12.16762065563841,-77.04059085343238,61.3,1,2,8,False,False,True,11,2.639,2026-08-07,4850.0
LIM-01609,La Molina,-12.062320430079136,-76.94255045880543,151.3,3,2,3,True,False,False,14,7.5,2026-03-08,8000.0
LIM-01610,Magdalena del Mar,-12.107519605637915,-77.05905085002992,41.8,2,1,4,False,True,False,7,5.048,2026-06-12,2050.0
LIM-01611,Barranco,-12.151755093689959,-77.01749525458698,81.6,2,2,7,False,False,False,6,0.125,2026-08-02,5250.0
LIM-01612,San Miguel,-12.079910310241273,-77.11565541476257,67.0,2,1,9,False,False,False,20,9.165,2026-07-09,2950.0
LIM-01613,San Miguel,-12.068876290176402,-77.11299754095656,42.4,1,1,6,True,False,False,25,8.55,2026-06-04,1800.0
LIM-01614,La Molina,-12.081251770471948,-76.94402704280485,80.5,2,2,9,True,False,False,25,6.782,2026-04-18,4200.0
LIM-01615,Chorrillos,-12.184621612452771,-77.03225090903155,81.1,3,2,2,False,False,False,5,1.764,2026-06-10,3000.0
LIM-01616,Barranco,-12.15330992660932,-77.01975976447314,72.3,2,2,6,True,True,True,17,0.425,2026-06-16,6350.0
LIM-01617,San Isidro,-12.099923069202502,-77.03434805864079,107.7,3,1,3,False,False,True,11,2.612,2026-05-14,9650.0
LIM-01618,Jesús María,-12.064612486021618,-77.0548770901279,103.6,3,3,2,False,False,True,12,2.443,2026-06-22,5200.0
LIM-01619,Comas,-11.957019862978303,-77.04022294847262,57.9,2,1,2,True,False,False,7,2.983,2026-07-02,1500.0
LIM-01620,San Isidro,-12.072982673318931,-77.02961439354078,95.9,3,2,7,True,False,False,19,1.683,2026-03-08,10300.0
LIM-01621,Barranco,-12.158510200649513,-77.00686090945447,88.4,3,2,6,False,False,False,1,1.168,2026-05-29,6800.0
LIM-01622,San Borja,-12.108404992761079,-76.98755301890074,96.5,2,2,16,False,True,False,19,2.51,2026-08-07,5100.0
LIM-01623,Surquillo,-12.128619873276318,-77.0193008827434,76.3,2,1,3,False,True,False,18,0.587,2026-02-25,2750.0
LIM-01624,Miraflores,-12.136677908139687,-77.03173336701607,40.4,1,1,9,False,False,False,7,1.77,2026-07-04,
LIM-01625,La Molina,-12.097293140908931,-76.94877144044194,80.1,2,1,5,False,False,False,4,6.28,2026-06-08,5050.0
LIM-01626,San Miguel,-12.089046278611972,-77.08462677297,120.8,4,3,4,True,True,False,5,6.658,2026-04-22,6150.0
LIM-01627,Surco (Santiago de Surco),-12.139971084289858,-77.00280438212847,86.9,3,2,3,True,False,False,10,1.42,2026-06-12,3700.0
LIM-01628,Miraflores,-12.132847580345166,-77.00869960469558,152.8,4,3,7,False,False,True,5,0.77,2026-07-26,12100.0
LIM-01629,Miraflores,-12.11275337094447,-77.03835043164406,49.8,1,1,12,True,True,False,25,2.725,2026-06-29,3000.0
LIM-01630,La Molina,-12.09619580674382,-76.94262629913244,181.4,5,4,7,True,False,False,16,6.926,2026-03-31,11850.0
LIM-01631,Magdalena del Mar,-12.106225785921422,-77.07844896974454,64.2,1,1,8,False,True,True,27,7.143,2026-04-15,2500.0
LIM-01632,Chorrillos,-12.179415626369407,-77.02350951977265,108.1,3,2,3,False,False,False,5,0.672,2026-03-16,4600.0
LIM-01633,Lince,-12.073185933455646,-77.00723183777043,61.9,2,2,9,False,True,False,31,0.868,2026-05-23,3300.0
LIM-01634,Pueblo Libre,-12.071021485916676,-77.06836865209695,77.8,2,1,6,False,False,True,7,4.065,2026-02-20,4000.0
LIM-01635,Comas,-11.94419627435865,-77.0656566541719,114.9,4,3,3,False,False,False,7,3.117,2026-06-14,2050.0
LIM-01636,La Molina,-12.103996537239624,-76.95316960318146,90.4,2,2,6,True,False,False,20,5.971,2026-03-14,4250.0
LIM-01637,La Molina,-12.100512501518365,-76.94470751261173,142.1,4,3,7,True,False,False,13,6.775,2026-06-28,8000.0
LIM-01638,San Martín de Porres,-12.014240919280477,-77.08181567640811,82.7,2,1,4,True,False,True,12,3.085,2026-03-23,2300.0
LIM-01639,Barranco,-12.133717785315932,-77.03483103756845,74.1,1,1,15,False,True,True,22,2.08,2026-04-02,4200.0
LIM-01640,Pueblo Libre,-12.067233242522422,-77.06819243837218,32.2,1,1,6,False,False,True,1,3.85,2026-07-14,1350.0
LIM-01641,San Miguel,-12.087739446107092,-77.08548376148659,70.0,2,1,6,False,False,False,7,6.645,2026-07-10,2700.0
LIM-01642,Miraflores,-12.127872459725909,-77.01707615780693,112.4,4,3,9,True,False,True,3,0.346,2026-08-05,10950.0
LIM-01643,Magdalena del Mar,-12.105403482114847,-77.0754119926444,97.4,3,2,7,False,True,True,10,6.837,2026-02-23,5150.0
LIM-01644,Miraflores,-12.131730334596568,-77.02869206251216,99.6,3,2,14,True,True,False,30,1.433,2026-05-14,7850.0
LIM-01645,Miraflores,-12.115576387625406,-77.03373194086117,76.3,3,2,4,False,False,False,29,2.18,2026-04-30,3450.0
LIM-01646,Magdalena del Mar,-12.098950434649412,-77.08172930042349,133.4,3,2,2,False,False,True,4,7.162,2026-03-29,5650.0
LIM-01647,Surco (Santiago de Surco),-12.11002598706843,-77.0060348763586,104.2,2,2,6,False,False,False,10,0.498,2026-05-02,5200.0
LIM-01648,Surquillo,-12.099695682105795,-77.03617979345087,52.6,2,2,3,True,False,False,25,2.804,2026-07-27,1850.0
LIM-01649,San Martín de Porres,-11.9831862359144,-77.08902936008928,118.3,3,2,4,False,False,False,8,3.098,2026-05-02,2850.0
LIM-01650,Surquillo,-12.106643716300622,-77.0066513655919,87.3,3,2,6,False,False,False,9,0.548,2026-02-24,3600.0
LIM-01651,Surco (Santiago de Surco),-12.140071908846085,-77.00009300331237,116.2,4,3,6,False,True,False,4,1.71,2026-07-28,6300.0
LIM-01652,Surco (Santiago de Surco),-12.127826509385645,-76.99915222420434,83.5,2,2,12,False,True,False,6,1.717,2026-05-02,5600.0
LIM-01653,Barranco,-12.153585992334344,-77.02578582239657,76.6,2,1,5,True,False,True,9,1.044,2026-03-01,5050.0
LIM-01654,Miraflores,-12.10153668739126,-77.01446350801,117.1,4,3,7,True,False,True,8,0.758,2026-06-27,11600.0
LIM-01655,Callao,-12.0517486474034,-77.12924059084638,99.0,3,2,10,False,False,False,12,9.716,2026-06-02,2550.0
LIM-01656,La Molina,-12.083651675696764,-76.94187535993932,68.6,2,2,4,False,False,False,15,6.987,2026-03-21,3350.0
LIM-01657,Barranco,-12.147875128050845,-77.02222159360284,57.2,1,1,7,False,False,False,30,0.724,2026-07-16,3000.0
LIM-01658,Chorrillos,-12.153816802871669,-77.01728487809886,66.1,4,3,4,False,False,False,10,0.303,2026-07-15,2900.0
LIM-01659,La Molina,-12.104005004006043,-76.9422677951146,86.4,2,1,9,False,False,False,12,7.117,2026-05-16,4450.0
LIM-01660,San Isidro,-12.075140546067976,-77.03601402071678,43.3,1,1,10,False,False,False,9,2.216,2026-08-07,2800.0
LIM-01661,Miraflores,-12.12333384568945,-77.01988373736019,137.3,4,3,5,False,True,False,9,0.612,2026-06-08,13350.0
LIM-01662,Lince,-12.101973787709788,-77.03365108793555,51.4,3,3,5,False,False,False,9,2.588,2026-06-20,2550.0
LIM-01663,San Miguel,-12.086426516779717,-77.0718674832789,60.3,1,1,4,False,True,False,17,5.418,2026-04-17,2100.0
LIM-01664,Barranco,-12.169209687152684,-77.0208662407324,37.6,1,1,11,False,True,False,7,0.905,2026-04-19,2750.0
LIM-01665,San Martín de Porres,-11.991056119052972,-77.10104160259121,118.8,3,2,10,False,False,True,20,4.607,2026-08-09,3000.0
LIM-01666,Chorrillos,-12.187159515404158,-77.01044027570228,79.7,2,1,10,False,True,False,17,1.275,2026-04-06,2750.0
LIM-01667,Chorrillos,-12.172675988005544,-77.0133948383369,73.3,2,2,5,False,True,True,14,0.741,2026-06-05,2600.0
LIM-01668,Barranco,-12.13578939563801,-77.02100945961885,63.6,1,1,13,True,True,True,11,0.614,2026-06-16,5700.0
LIM-01669,San Isidro,-12.105264203142795,-77.03981485578745,102.6,3,2,15,True,True,False,23,3.148,2026-05-01,8700.0
LIM-01670,Chorrillos,-12.177917244316292,-77.04347542879752,70.3,2,2,13,False,True,False,23,2.823,2026-08-10,2300.0
LIM-01671,Surco (Santiago de Surco),-12.150640399318991,-77.0183621287472,50.3,2,2,1,True,False,False,30,0.212,2026-03-24,2750.0
LIM-01672,Jesús María,-12.078260285307415,-77.02922976935403,52.9,1,1,5,True,True,False,12,1.7,2026-04-26,2100.0
LIM-01673,San Miguel,-12.04651171649672,-77.09982603123719,50.7,1,1,8,True,True,True,8,6.95,2026-08-06,2800.0
LIM-01674,Miraflores,-12.111764802030676,-77.01781255486937,81.9,2,2,7,False,False,True,20,0.791,2026-05-12,5800.0
LIM-01675,San Miguel,-12.080576765026724,-77.11203639927888,105.0,3,2,3,False,False,True,6,8.821,2026-03-08,5950.0
LIM-01676,Callao,-12.06394025643418,-77.13066229954441,135.9,5,4,2,True,True,False,33,10.352,2026-05-19,3850.0
LIM-01677,Pueblo Libre,-12.074111600747878,-77.05495630863743,44.4,1,1,7,False,False,True,4,3.16,2026-05-10,1750.0
LIM-01678,Magdalena del Mar,-12.093939390973675,-77.07693001242838,95.1,1,1,5,False,True,False,13,6.399,2026-04-28,5900.0
LIM-01679,Los Olivos,-11.973928836485749,-77.06504799393613,72.3,2,1,2,False,True,False,7,0.31,2026-08-03,2500.0
LIM-01680,San Borja,-12.101939289650746,-76.99876359079116,229.4,5,3,15,True,True,False,21,1.466,2026-06-05,12700.0
LIM-01681,San Miguel,-12.088841369880726,-77.09529206356808,121.4,3,2,7,False,False,False,12,7.596,2026-06-29,
LIM-01682,Surquillo,-12.12620065209981,-77.0256605259381,112.1,3,2,11,False,True,False,16,1.182,2026-02-27,5150.0
LIM-01683,San Miguel,-12.072957654515399,-77.10712803187116,100.8,2,1,4,False,True,False,4,8.044,2026-08-08,2600.0
LIM-01684,Surco (Santiago de Surco),-12.149023701042772,-76.97816758452322,107.3,4,3,10,False,False,False,20,4.154,2026-03-04,5400.0
LIM-01685,Miraflores,-12.112351792965649,-77.01059229072644,65.9,2,2,6,False,False,True,18,0.295,2026-05-07,5450.0
LIM-01686,Barranco,-12.149571367348763,-77.03386443545693,57.8,2,1,6,False,False,False,16,1.896,2026-05-03,3350.0
LIM-01687,San Borja,-12.130234910624607,-77.01184894922407,69.7,3,2,6,True,False,False,13,0.584,2026-06-25,3650.0
LIM-01688,San Borja,-12.106986010493268,-77.00277327770907,109.7,3,3,6,True,True,False,4,0.903,2026-06-15,7750.0
LIM-01689,Jesús María,-12.093821759495068,-77.04491477982165,131.8,4,3,3,False,False,False,10,3.727,2026-08-10,5000.0
LIM-01690,La Molina,-12.078479655884133,-76.94738181849549,98.1,2,1,5,True,False,False,14,6.469,2026-07-04,5400.0
LIM-01691,Surquillo,-12.117684571951006,-77.01150575921703,51.6,2,1,2,False,False,False,9,0.249,2026-07-22,1900.0
LIM-01692,San Martín de Porres,-11.97668698940192,-77.08119098737134,56.0,1,1,4,False,True,False,14,2.054,2026-05-06,1450.0
LIM-01693,Barranco,-12.136544245867528,-77.02277557369739,75.7,2,2,14,False,True,False,15,0.823,2026-04-05,5000.0
LIM-01694,San Miguel,-12.090128310074782,-77.06384305515876,115.6,4,3,4,True,True,False,2,5.161,2026-04-02,5800.0
LIM-01695,Lince,-12.109348878366097,-77.03960243901913,102.4,3,2,5,False,True,False,6,2.955,2026-08-02,4450.0
LIM-01696,San Borja ,-12.117361215081496,-76.9789206372861,139.9,3,1,12,True,True,False,12,3.548,2026-05-12,8550.0
LIM-01697,Miraflores,-12.135755103233965,-77.01203764318782,85.7,2,1,18,False,True,False,24,0.448,2026-03-27,5850.0
LIM-01698,Surquillo,-12.092791142957473,-77.01145087792098,66.9,2,1,9,True,False,False,15,0.344,2026-02-22,3450.0
LIM-01699,Callao,-12.056723775911362,-77.1412135820374,128.1,4,3,4,True,False,False,11,11.087,2026-03-19,4050.0
LIM-01700,Pueblo Libre,-12.062398974349803,-77.06272731011565,52.6,2,1,8,True,True,False,12,3.091,2026-06-18,2600.0
LIM-01701,San Martín de Porres,-12.002320370950608,-77.08677633708875,78.2,3,2,6,False,True,False,19,3.047,2026-07-21,2200.0
LIM-01702,Comas,-11.945156009859367,-77.06175891170271,164.2,5,3,5,False,False,False,5,2.999,2026-07-06,4050.0
LIM-01703,Surco (Santiago de Surco),-12.135391524270107,-77.00775560150866,67.4,2,1,5,False,False,False,15,0.879,2026-04-04,3500.0
LIM-01704,Lince,-12.07182152817689,-77.0242249046114,67.3,1,1,9,True,True,True,23,1.262,2026-04-18,3650.0
LIM-01705,Magdalena del Mar,-12.091760502931905,-77.06388017967467,95.5,2,1,11,False,False,False,2,5.312,2026-02-25,3550.0
LIM-01706,Comas,-11.95568800612172,-77.04795970837519,97.5,3,2,1,True,False,True,5,2.444,2026-06-10,3000.0
LIM-01707,Miraflores,-12.101629830342963,-77.03398614459661,108.3,2,1,8,True,False,True,7,2.613,2026-02-20,10700.0
LIM-01708,La Molina,-12.090313785987837,-76.95791310122456,179.2,5,3,9,True,False,False,43,5.22,2026-05-26,9900.0
LIM-01709,Los Olivos,-11.97436624148652,-77.06727982300235,102.6,3,2,5,True,False,True,12,0.539,2026-05-02,3350.0
LIM-01710,Surco (Santiago de Surco),-12.168954063626988,-76.97392710813422,148.2,4,3,8,False,True,False,9,4.745,2026-03-17,7250.0
LIM-01711,Surquillo,-12.107087204906064,-77.01666732438464,48.3,2,1,3,False,False,False,6,0.721,2026-08-10,1700.0
LIM-01712,La Molina,-12.085587848324058,-76.93977243496666,104.6,3,2,2,True,False,True,7,7.2,2026-06-28,6900.0
LIM-01713,Ate,-12.045200892120777,-76.91881908135058,198.6,5,4,4,False,False,False,18,10.068,2026-05-18,5700.0
LIM-01714,Los Olivos,-11.973733896053329,-77.07754164247075,163.9,4,3,4,False,True,False,8,1.603,2026-04-29,3950.0
LIM-01715,Surco (Santiago de Surco),-12.141902614081593,-76.98710068873675,63.1,1,1,11,True,False,False,7,3.109,2026-04-03,3150.0
LIM-01716,San Miguel,-12.081834965121965,-77.09407280120806,77.7,3,3,7,True,True,False,7,7.093,2026-03-02,3700.0
LIM-01717,Surco (Santiago de Surco),-12.129442069546473,-76.99015772506165,99.2,2,2,2,True,False,True,23,2.711,2026-06-21,5600.0
LIM-01718,Jesús María ,-12.065930586723601,-77.04290991771268,91.4,2,2,8,True,True,False,7,1.672,2026-07-01,4350.0
LIM-01719,Lince,-12.087872379060496,-77.02912979793032,102.2,3,2,12,True,False,False,3,2.02,2026-04-14,5150.0
LIM-01720,Surquillo,-12.103312750068199,-77.01080573616734,117.1,4,2,9,False,False,False,14,0.711,2026-04-05,4750.0
LIM-01721,San Isidro,-12.09814769017221,-77.04693606879312,86.0,3,2,12,True,True,False,8,3.948,2026-03-30,7600.0
LIM-01722,Barranco,-12.155450717017484,-77.03236835227617,100.2,3,3,6,False,False,True,6,1.789,2026-05-18,8000.0
LIM-01723,Pueblo Libre,-12.071219013101112,-77.06361145927929,92.3,2,2,5,True,True,False,14,3.642,2026-04-08,4100.0
LIM-01724,Jesús María,-12.089912637021927,-77.04922273584314,79.5,2,1,5,False,False,False,11,4.097,2026-06-04,3550.0
LIM-01725,San Borja,-12.10550738029105,-77.00486787392063,52.3,2,1,10,False,True,False,4,0.778,2026-06-19,2950.0
LIM-01726,San Isidro,-12.115706185266317,-77.03380799644302,117.7,4,3,13,False,False,True,19,2.186,2026-06-18,10250.0
LIM-01727,Surco (Santiago de Surco),-12.147332723519805,-76.98410139082999,115.3,3,2,7,False,False,False,19,3.486,2026-02-25,5050.0
LIM-01728,Chorrillos,-12.1989242968806,-77.00384985751016,92.9,2,1,8,False,True,False,9,2.759,2026-06-15,3250.0
LIM-01729,San Isidro,-12.099301403432058,-77.01975285752823,62.1,2,1,7,True,False,True,17,1.058,2026-07-13,5650.0
LIM-01730,La Molina,-12.067484395572292,-76.96097761995668,205.9,5,4,11,True,True,False,17,5.439,2026-04-06,11850.0
LIM-01731,Callao,-12.058004919932976,-77.1320559828845,89.3,2,1,10,True,False,False,15,10.394,2026-07-22,2300.0
LIM-01732,San Isidro,-12.089476975446804,-77.0401757447213,59.0,1,1,17,True,True,False,13,3.163,2026-04-19,4600.0
LIM-01733,San Miguel,-12.049172233232252,-77.0918365615079,51.4,1,1,9,False,True,False,10,6.061,2026-07-17,1950.0
LIM-01734,Barranco,-12.144551329822558,-77.02426101604628,86.9,2,1,6,False,True,False,17,0.973,2026-08-09,4050.0
LIM-01735,Chorrillos,-12.183882544535056,-77.0247316719622,102.8,3,2,6,False,False,False,7,1.023,2026-05-13,4450.0
LIM-01736,San Miguel,-12.084930823232831,-77.09645301888237,67.3,2,1,8,False,True,True,31,7.484,2026-04-27,2500.0
LIM-01737,Los Olivos,-11.968892101501323,-77.06570023413082,102.0,2,1,5,False,False,True,17,0.469,2026-06-17,3550.0
LIM-01738,Barranco,-12.156994735743131,-77.0373554693615,86.7,2,1,11,False,False,False,16,2.282,2026-04-14,3950.0
LIM-01739,San Borja,-12.11499704399776,-76.97047971392895,94.1,2,1,18,False,True,False,7,4.401,2026-05-19,5400.0
LIM-01740,San Miguel,-12.065576953088886,-77.09254807747938,62.3,1,1,10,True,True,True,5,6.3,2026-04-19,3050.0
LIM-01741,Barranco,-12.137086124630734,-77.00878983126925,95.2,3,2,17,False,True,False,7,0.831,2026-05-13,5150.0
LIM-01742,Barranco,-12.169162709784583,-77.02836005873958,91.5,2,2,14,False,True,True,28,1.469,2026-05-05,7500.0
LIM-01743,San Isidro,-12.107018034214803,-77.0298078048897,101.9,2,1,9,True,False,True,8,2.107,2026-07-17,11550.0
LIM-01744,Callao,-12.06216805264296,-77.11689890712606,65.1,1,1,2,False,False,False,7,8.842,2026-07-12,1750.0
LIM-01745,Pueblo Libre,-12.066410932646018,-77.05281829927334,49.0,1,1,5,False,False,False,37,2.386,2026-07-30,1900.0
LIM-01746,Jesús María,-12.059883092937932,-77.05138376301389,82.0,2,2,7,False,True,False,20,1.849,2026-05-21,3950.0
LIM-01747,San Miguel,-12.044976384788715,-77.07418123719492,105.0,2,1,10,True,False,False,11,4.212,2026-05-19,4050.0
LIM-01748,San Borja,-12.113888079555391,-77.01650467016984,125.6,4,3,12,True,True,True,10,0.516,2026-06-25,8100.0
LIM-01749,Magdalena del Mar,-12.100488744572104,-77.06430751403762,94.0,3,2,4,True,False,True,10,5.815,2026-02-21,4600.0
LIM-01750,Magdalena del Mar,-12.088437159812347,-77.0742753629336,67.5,2,1,7,True,False,True,31,5.762,2026-06-28,3000.0
LIM-01751,Lince,-12.09328660062746,-77.04551992038047,52.6,2,1,12,False,True,False,10,3.796,2026-07-11,3050.0
LIM-01752,Miraflores,-12.122791542337886,-77.00597520955942,74.6,2,2,7,True,False,True,6,1.012,2026-04-26,6100.0
LIM-01753,Los Olivos,-11.973880457305402,-77.04931562728119,87.8,1,1,4,False,False,False,12,1.491,2026-06-17,2300.0
LIM-01754,Surquillo,-12.14615984706285,-77.04238644893788,92.6,3,3,5,True,True,False,9,2.869,2026-07-12,4300.0
LIM-01755,Surco (Santiago de Surco),-12.133521201238182,-76.99287858735185,81.5,3,2,11,False,False,False,20,2.481,2026-03-04,4100.0
LIM-01756,Jesús María,-12.075788331511633,-77.04053204934324,70.5,3,2,15,False,True,False,9,2.579,2026-06-06,3250.0
LIM-01757,Miraflores,-12.105845227396918,-77.02409954230018,144.8,4,3,8,True,False,True,8,1.529,2026-04-14,12950.0
LIM-01758,Ate,-12.046334115109564,-76.89781364470066,151.1,4,3,3,True,False,False,13,12.125,2026-04-01,5850.0
LIM-01759,San Martín de Porres,-12.013956969739771,-77.06490840750983,67.9,3,3,2,False,False,False,10,1.932,2026-05-02,1700.0
LIM-01760,San Martín de Porres,-12.001997186475755,-77.0774177517242,144.0,4,3,4,True,False,True,4,2.044,2026-03-26,7000.0
LIM-01761,Surco (Santiago de Surco),-12.160092994117639,-76.96767475665106,66.3,2,2,11,False,False,True,15,5.366,2026-03-16,3450.0
LIM-01762,Miraflores,-12.135631014022396,-77.0181578417275,65.3,2,2,4,False,False,False,5,0.329,2026-03-04,5200.0
LIM-01763,Barranco,-12.141773928382165,-77.02561697394214,63.2,2,2,8,True,False,False,1,1.078,2026-05-17,5300.0
LIM-01764,Miraflores,-12.124068085279443,-77.03602817113793,73.2,2,1,11,False,False,False,8,2.315,2026-03-18,4800.0
LIM-01765,Miraflores,-12.110029901126023,-77.01447990196431,91.5,3,2,14,True,False,False,17,0.423,2026-04-06,6050.0
LIM-01766,San Isidro,-12.120802707010537,-77.04621545071836,87.9,2,1,12,True,False,True,11,3.458,2026-07-14,8350.0
LIM-01767,Comas,-11.945909536767884,-77.0669168593535,115.7,4,3,2,False,False,False,18,2.945,2026-05-18,2150.0
LIM-01768,San Isidro,-12.102906149980655,-77.03957486269745,74.7,2,1,8,False,True,True,9,3.237,2026-06-25,4750.0
LIM-01769,Miraflores,-12.109629817008642,-77.02513215928069,84.5,1,1,17,True,True,True,23,1.524,2026-06-16,7100.0
LIM-01770,Surquillo,-12.106626846782,-77.01982150035553,66.7,2,1,8,False,True,False,13,1.059,2026-05-25,2250.0
LIM-01771,Jesús María,-12.065892974198942,-77.06480365075777,51.3,2,1,5,False,True,False,18,3.453,2026-05-06,2500.0
LIM-01772,San Miguel,-12.058903079542992,-77.0788550431441,91.0,2,1,5,False,False,True,42,4.694,2026-03-12,3450.0
LIM-01773,Jesús María,-12.078017045311439,-77.05385278378543,82.5,2,1,4,False,True,False,29,3.435,2026-02-21,3600.0
LIM-01774,Los Olivos,-11.95287902997639,-77.04726077677441,70.0,2,1,2,True,False,False,30,2.732,2026-08-08,2150.0
LIM-01775,Lince,-12.097630473810558,-77.02965211991288,59.4,1,1,6,True,False,False,19,2.071,2026-05-16,2850.0
LIM-01776,San Borja,-12.121270532997189,-76.98339351018717,79.2,3,2,6,True,True,True,11,3.226,2026-03-24,6700.0
LIM-01777,Pueblo Libre,-12.06456704114202,-77.05552966182984,69.3,1,1,7,False,False,False,13,2.5,2026-03-09,2500.0
LIM-01778,Magdalena del Mar,-12.113556888860906,-77.05991932474252,136.9,4,2,17,True,False,False,8,5.035,2026-03-11,8100.0
LIM-01779,Surco (Santiago de Surco),-12.128126812458973,-76.98815593204483,185.4,5,3,8,False,True,False,21,2.909,2026-07-18,10200.0
LIM-01780,Magdalena del Mar,-12.094284241675343,-77.07287797399209,32.6,1,1,8,False,False,True,18,6.132,2026-04-30,1650.0
LIM-01781,Miraflores,-12.108237767256142,-77.01628119089771,87.7,3,2,14,False,True,False,4,0.639,2026-05-05,8200.0
LIM-01782,Surquillo,-12.115413327579457,-76.9876683346249,88.2,3,2,3,False,False,False,22,2.573,2026-08-01,3600.0
LIM-01783,Barranco,-12.148727412644453,-77.02463756326325,65.3,2,2,11,True,True,False,20,0.926,2026-03-19,4750.0
LIM-01784,Miraflores,-12.114988820084902,-77.01986087614729,100.9,2,1,6,True,True,False,15,0.725,2026-05-02,6050.0
LIM-01785,Barranco,-12.157351794600718,-77.02146293907012,118.8,3,2,13,True,True,False,11,0.709,2026-03-11,
LIM-01786,Chorrillos,-12.183174475689881,-77.0120272917541,52.9,2,2,6,False,False,False,12,0.828,2026-06-16,1750.0
LIM-01787,Surco (Santiago de Surco),-12.129306846721878,-76.99449409730909,99.2,4,3,4,True,False,False,9,2.244,2026-08-08,5950.0
LIM-01788,Lince,-12.085451453709569,-77.05919291462853,127.2,4,3,7,True,False,False,10,4.445,2026-06-15,7000.0
LIM-01789,Chorrillos,-12.179587767007652,-77.02050224061286,55.2,2,1,2,False,False,True,20,0.371,2026-06-01,1500.0
LIM-01790,San Isidro,-12.098193409196373,-77.0247053391263,81.9,2,1,6,False,False,True,13,1.546,2026-06-04,6550.0
LIM-01791,San Miguel,-12.058265285905941,-77.10198247947922,67.6,2,2,2,False,False,False,34,7.183,2026-08-04,
LIM-01792,Surco (Santiago de Surco),-12.140316220880878,-76.98394864268315,133.0,4,2,11,False,True,False,12,3.457,2026-08-01,10450.0
LIM-01793,Barranco,-12.155064235359385,-77.01919669002731,102.5,3,2,10,True,False,False,3,0.52,2026-06-07,8950.0
LIM-01794,Pueblo Libre,-12.094089330695951,-77.06539788637025,79.0,3,2,6,True,True,True,23,5.619,2026-06-30,3400.0
LIM-01795,San Martín de Porres,-11.999408235257887,-77.06973021537661,90.9,3,2,2,False,True,False,9,1.165,2026-05-02,2950.0
LIM-01796,Surco (Santiago de Surco),-12.127117397865115,-76.98682762147723,54.8,1,1,9,True,False,True,36,3.045,2026-05-11,3450.0
LIM-01797,Jesús María,-12.063565622611831,-77.04395343514562,126.1,3,1,7,True,False,False,28,1.501,2026-04-09,5250.0
LIM-01798,Surco (Santiago de Surco),-12.133701388780434,-76.98280919756664,84.8,2,1,5,True,False,False,17,3.576,2026-06-10,4200.0
LIM-01799,San Borja,-12.096829997123029,-76.99616282016493,86.0,2,1,9,False,True,False,7,1.371,2026-06-16,5500.0
LIM-01800,Jesús María,-12.064825235177437,-77.06873599239587,109.2,3,2,8,True,False,True,13,3.798,2026-03-18,6550.0
LIM-01801,Jesús María,-12.060244597243694,-77.05353745047759,85.2,3,2,3,False,False,True,16,2.077,2026-02-27,4150.0
LIM-01802,Jesús María,-12.06178836813427,-77.07065282907337,110.3,3,1,12,False,True,True,2,3.889,2026-03-09,5150.0
LIM-01803,Miraflores,-12.102260261646713,-77.0215116220855,91.0,3,2,9,False,True,False,8,1.378,2026-05-10,5550.0
LIM-01804,Pueblo Libre,-12.075636317998796,-77.0523456019285,80.1,1,1,8,False,False,False,3,3.124,2026-07-24,2900.0
LIM-01805,Lince,-12.101024696508338,-77.0219995730944,75.1,2,1,5,False,True,False,8,1.359,2026-05-21,3100.0
LIM-01806,Lince,-12.077135375075775,-77.02743086360924,47.5,2,1,7,True,True,False,13,1.506,2026-03-14,2200.0
LIM-01807,San Isidro,-12.087833361728128,-77.02508489844732,81.0,3,2,9,False,True,False,19,1.667,2026-04-20,7000.0
LIM-01808,Magdalena del Mar,-12.076660055279426,-77.0946192400592,110.3,4,3,6,True,False,False,7,6.902,2026-02-22,
LIM-01809,La Molina,-12.071424515725964,-76.94649080306154,82.5,2,2,6,False,True,False,15,6.749,2026-05-15,3800.0
LIM-01810,San Isidro,-12.073854330529626,-77.0536789918657,67.6,2,2,11,False,False,False,20,3.05,2026-06-11,5350.0
LIM-01811,Barranco,-12.141961752236082,-77.02569995535367,52.8,2,1,12,False,True,True,11,1.087,2026-07-30,3400.0
LIM-01812,Magdalena del Mar,-12.092754272896736,-77.0563049791688,81.9,2,1,10,False,False,False,6,4.928,2026-06-06,3450.0
LIM-01813,San Miguel,-12.09401979745591,-77.07968115381173,122.2,4,3,8,False,True,False,13,6.616,2026-04-27,5100.0
LIM-01814,Barranco,-12.14570284158583,-77.0134525751223,83.4,3,2,9,True,True,True,16,0.479,2026-04-28,6700.0
LIM-01815,Surquillo,-12.121330040282455,-77.01967944274321,32.4,1,1,4,False,True,False,5,0.719,2026-07-18,1150.0
LIM-01816,San Borja,-12.105761879838811,-77.01052313741334,110.8,3,2,2,False,False,True,8,0.438,2026-06-11,8400.0
LIM-01817,San Miguel,-12.076745841764286,-77.09055566779459,67.7,2,2,8,False,False,False,1,6.501,2026-06-15,3300.0
LIM-01818,Magdalena del Mar,-12.089839196933799,-77.06237189001813,91.8,2,1,7,True,True,False,1,5.043,2026-02-15,4600.0
LIM-01819,San Borja,-12.109467968514462,-76.99368154212888,85.8,2,1,6,False,False,False,4,1.84,2026-02-26,6650.0
LIM-01820,Jesús María,-12.06237975771121,-77.06802828947022,60.7,2,1,2,False,False,False,28,3.635,2026-04-05,2050.0
LIM-01821,San Martín de Porres,-12.031577851754502,-77.07934466923462,88.0,3,2,4,True,True,True,12,4.377,2026-03-09,2850.0
LIM-01822,San Borja,-12.106020077098107,-77.02155993830479,78.1,3,2,11,True,True,False,6,1.26,2026-08-06,4500.0
LIM-01823,San Borja,-12.09387012265017,-76.98894979400272,99.3,3,2,5,True,False,False,6,1.921,2026-03-31,5950.0
LIM-01824,Jesús María,-12.051159417898527,-77.0573160929768,60.3,2,2,13,False,False,False,10,2.3,2026-05-10,3600.0
LIM-01825,San Miguel,-12.06861646393938,-77.10747745679824,54.4,3,2,16,False,True,False,18,7.958,2026-03-05,
LIM-01826,San Isidro,-12.076981403729011,-77.02688483204722,107.4,3,2,8,True,False,False,5,1.448,2026-07-10,9750.0
LIM-01827,San Borja,-12.106272768050895,-76.9918874659538,128.3,4,4,7,False,False,False,1,2.07,2026-04-11,7650.0
LIM-01828,Magdalena del Mar,-12.095465649088874,-77.07291121245103,93.9,2,1,6,True,True,False,4,6.234,2026-05-01,4050.0
LIM-01829,San Martín de Porres,-11.992547012281268,-77.05429950463419,73.1,1,1,3,False,False,False,9,0.766,2026-06-15,2250.0
LIM-01830,San Borja,-12.108338331394693,-76.99098000196493,71.0,3,2,17,True,True,False,11,2.138,2026-03-27,4800.0
LIM-01831,Magdalena del Mar,-12.104888289616207,-77.08343948315913,62.7,2,1,6,False,True,False,28,7.704,2026-05-24,2300.0
LIM-01832,Ate,-12.052582882929583,-76.90976955359018,122.3,4,3,2,True,False,False,6,11.21,2026-05-26,3050.0
LIM-01833,Magdalena del Mar,-12.108845834872913,-77.07913292812076,59.9,2,2,7,False,False,True,14,7.171,2026-06-30,3350.0
LIM-01834,Miraflores,-12.114759474861618,-77.01419889413724,99.5,3,2,6,False,False,False,37,0.33,2026-08-04,7700.0
LIM-01835,Barranco,-12.149263298249995,-77.01802827351804,85.8,2,1,4,False,False,True,29,0.272,2026-05-06,4500.0
LIM-01836,Miraflores,-12.125423433401098,-77.02484092055839,111.4,4,2,7,False,False,True,12,1.092,2026-05-30,9050.0
LIM-01837,San Isidro,-12.104000205082048,-77.05400842092234,119.4,4,3,8,True,True,True,12,4.629,2026-05-08,12800.0
LIM-01838,Magdalena del Mar,-12.089439323845603,-77.07496378056597,92.8,2,1,6,True,True,True,9,5.893,2026-06-15,5400.0
LIM-01839,San Miguel,-12.06803462183268,-77.09347519025118,48.8,1,1,2,True,False,True,3,6.466,2026-07-12,2250.0
LIM-01840,Pueblo Libre,-12.087166167958063,-77.07539056146253,91.2,3,2,14,False,False,False,18,5.754,2026-06-28,2950.0
LIM-01841,San Isidro,-12.112652216037308,-77.03935801783666,88.2,3,2,12,True,True,False,20,2.835,2026-03-16,7450.0
LIM-01842,Jesús María,-12.06214588053255,-77.043770970677,71.0,2,1,9,False,True,False,15,1.361,2026-06-21,3600.0
LIM-01843,Miraflores,-12.137601598861863,-77.02945219519212,116.0,3,3,10,True,True,False,15,1.551,2026-08-07,7950.0
LIM-01844,Callao,-12.05003015799413,-77.135045196299,81.0,2,1,8,False,False,True,6,10.107,2026-07-11,2500.0
LIM-01845,Miraflores,-12.101697089614952,-77.03267860199836,63.3,2,2,8,True,True,False,9,2.478,2026-07-06,5450.0
LIM-01846,Jesús María,-12.054169182359283,-77.05461629746848,114.6,3,2,7,True,False,False,19,2.012,2026-02-16,4650.0
LIM-01847,Surco (Santiago de Surco),-12.126145528912415,-76.99267783772363,83.4,2,1,4,True,False,True,6,2.406,2026-07-12,4550.0
LIM-01848,Lince,-12.076594285816135,-77.03227360925726,56.5,2,1,6,True,True,False,10,2.036,2026-04-20,2400.0
LIM-01849,La Molina,-12.059777110597643,-76.95013935674534,76.7,3,2,7,False,False,True,1,6.879,2026-08-08,4800.0
LIM-01850,San Miguel,-12.105412747954727,-77.09820796132108,60.0,3,2,4,True,True,False,7,8.956,2026-07-28,2300.0
LIM-01851,Barranco,-12.154972028112967,-77.02059332894419,55.3,2,1,10,False,True,True,3,0.611,2026-06-28,3400.0
LIM-01852,San Martín de Porres,-11.988718097811082,-77.06904427894017,109.8,3,2,5,False,False,True,10,1.449,2026-03-29,3500.0
LIM-01853,San Borja,-12.112347444094103,-76.9952563137275,65.0,1,1,11,True,True,True,19,1.694,2026-07-18,5050.0
LIM-01854,San Miguel,-12.062522660296716,-77.0757231680965,43.0,2,1,7,False,True,False,14,4.443,2026-06-18,1550.0
LIM-01855,Chorrillos,-12.175172248723722,-77.0045017082539,90.4,3,2,5,True,True,False,12,1.447,2026-07-01,2700.0
LIM-01856,Comas,-11.941419073675949,-77.04403981004549,77.6,3,2,6,False,False,False,14,3.981,2026-05-02,1450.0
LIM-01857,Barranco,-12.152696095970951,-77.00497646817837,69.6,2,1,9,False,False,True,9,1.264,2026-05-09,4550.0
LIM-01858,Surco (Santiago de Surco),-12.141270131505696,-76.97624460579911,143.2,4,2,2,False,True,False,16,4.29,2026-03-16,7100.0
LIM-01859,Barranco,-12.155965319557772,-77.03523771372565,71.6,2,1,4,False,True,False,4,2.093,2026-05-13,4100.0
LIM-01860,Barranco,-12.14614600443796,-77.01363088466508,113.5,4,3,5,False,False,False,16,0.513,2026-05-02,7850.0
LIM-01861,Jesús María,-12.082894779589875,-77.03438015336565,78.3,2,1,4,True,False,False,3,2.327,2026-03-30,3400.0
LIM-01862,Comas,-11.931561541398104,-77.04521167213773,131.1,4,3,4,False,False,False,5,4.901,2026-07-10,3750.0
LIM-01863,Comas,-11.935161288904766,-77.07124862575617,79.7,2,1,8,False,True,False,27,4.207,2026-07-19,1300.0
LIM-01864,San Borja,-12.095107002708362,-76.99071143370082,93.2,4,3,10,True,False,False,10,1.786,2026-02-22,6000.0
LIM-01865,Lince,-12.098647092271916,-77.0323975632206,50.4,1,1,7,False,False,False,18,2.38,2026-07-25,1850.0
LIM-01866,Chorrillos,-12.195093718561436,-76.99593527720391,63.2,1,1,2,False,False,False,5,3.018,2026-04-22,2100.0
LIM-01867,Callao,-12.05665022906758,-77.13474749949273,79.1,2,1,1,False,False,False,19,10.524,2026-07-24,1500.0
LIM-01868,Miraflores,-12.086314392637286,-77.03863147497707,49.0,1,1,17,False,True,False,18,2.878,2026-03-02,3250.0
LIM-01869,San Borja,-12.093105494662865,-77.02032760589954,94.7,3,2,6,False,False,False,36,1.089,2026-07-09,4500.0
LIM-01870,Surquillo,-12.12135335570208,-77.0157646045556,59.0,2,1,7,False,True,False,25,0.459,2026-06-12,2250.0
LIM-01871,Surco (Santiago de Surco),-12.129905854386823,-76.96783391676877,102.4,2,2,9,False,True,True,2,5.127,2026-03-03,5850.0
LIM-01872,Magdalena del Mar,-12.086768957110674,-77.0762320994224,51.2,1,1,17,False,True,False,5,5.793,2026-05-25,2800.0
LIM-01873,Comas,-11.959420658888794,-77.0607876001297,118.9,3,2,10,False,True,False,13,1.428,2026-02-17,2850.0
LIM-01874,Comas,-11.926564489571584,-77.05539713475252,163.5,5,4,14,False,False,False,14,5.129,2026-05-06,3800.0
LIM-01875,San Martín de Porres,-12.000909089521851,-77.08199548582009,144.8,4,3,6,False,True,False,9,2.508,2026-05-25,3950.0
LIM-01876,Surquillo,-12.115788170135293,-77.01310768777027,119.5,3,1,12,True,True,False,19,0.226,2026-08-05,5000.0
LIM-01877,Surco (Santiago de Surco),-12.134714584086794,-76.99029345996807,96.3,3,2,4,True,False,False,17,2.763,2026-08-03,5400.0
LIM-01878,Surco (Santiago de Surco),-12.121265518328306,-77.00514667982513,84.9,2,1,18,True,True,True,5,1.021,2026-05-03,5400.0
LIM-01879,San Borja,-12.117362185898417,-76.99972856053859,105.2,3,2,11,False,True,True,14,1.457,2026-07-20,6800.0
LIM-01880,Jesús María,-12.094083640057415,-77.04009680488213,74.1,1,1,6,True,False,False,4,3.202,2026-04-11,4050.0
LIM-01881,San Borja,-12.1044245364852,-76.98745708660124,51.6,2,1,12,True,True,True,8,2.584,2026-02-13,4950.0
LIM-01882,Jesús María,-12.098123897034078,-77.03341798012568,104.0,3,2,12,False,True,False,15,2.484,2026-06-03,4400.0
LIM-01883,La Molina,-12.090413243141628,-76.9411747671986,102.1,2,2,9,True,False,True,17,7.039,2026-05-03,6500.0
LIM-01884,San Miguel,-12.063157508521694,-77.08853057146506,48.8,2,1,1,False,False,False,20,5.815,2026-05-08,1450.0
LIM-01885,Surco (Santiago de Surco),-12.128050873157894,-76.98599778161743,80.7,3,2,13,False,True,False,4,3.142,2026-03-28,4700.0
LIM-01886,Surco (Santiago de Surco),-12.122491727211296,-77.00213724256287,88.8,2,1,7,False,False,False,13,1.375,2026-03-29,5100.0
LIM-01887,Miraflores,-12.113655783617567,-77.03702934862386,75.3,2,2,12,False,False,False,9,2.565,2026-05-05,4450.0
LIM-01888,Miraflores,-12.092175986134599,-77.03089757429184,75.6,2,1,6,False,True,True,12,2.233,2026-02-16,6200.0
LIM-01889,Chorrillos,-12.181758875531882,-77.03340021239465,127.1,4,3,4,False,False,False,14,1.778,2026-08-05,3550.0
LIM-01890,Magdalena del Mar,-12.090722419875899,-77.0708171907396,51.6,1,1,5,False,False,False,14,5.686,2026-07-18,2050.0
LIM-01891,Barranco,-12.154657445654552,-77.00881101556598,66.7,2,1,5,True,False,False,16,0.92,2026-05-24,4250.0
LIM-01892,San Miguel ,-12.065918384761023,-77.10132052373805,58.9,1,1,2,False,False,False,5,7.239,2026-02-23,2400.0
LIM-01893,San Borja,-12.109038898512607,-76.99337820972137,134.5,4,2,7,False,True,True,30,1.874,2026-02-20,6900.0
LIM-01894,San Isidro,-12.076573861446672,-77.0442495726113,71.0,2,1,7,True,True,False,24,2.827,2026-05-27,4600.0
LIM-01895,Surco (Santiago de Surco),-12.141369791464824,-77.00719890602394,85.1,3,2,8,False,False,False,8,0.927,2026-06-04,4050.0
LIM-01896,Miraflores,-12.104214481691397,-77.00473326747488,104.9,3,2,11,False,True,False,14,0.883,2026-06-18,8100.0
LIM-01897,Lince,-12.077982325633473,-77.0453267976322,103.9,2,1,14,True,False,True,31,3.013,2026-07-06,3750.0
LIM-01898,Surco (Santiago de Surco),-12.135389532829043,-77.01035183181706,152.2,4,3,1,False,False,True,16,0.605,2026-04-22,12400.0
LIM-01899,San Isidro,-12.090690691945682,-77.03412341523533,50.2,2,2,8,False,True,False,10,2.609,2026-04-30,3700.0
LIM-01900,San Isidro,-12.094064827349651,-77.03347774225847,99.2,3,2,17,True,True,False,25,2.484,2026-05-29,6900.0
LIM-01901,Jesús María,-12.06932854383698,-77.04099321430573,87.2,2,1,8,False,False,False,12,1.953,2026-04-16,3150.0
LIM-01902,San Isidro,-12.099682452877133,-77.01268526335788,83.6,2,2,13,True,True,True,7,0.483,2026-02-27,9850.0
LIM-01903,Chorrillos,-12.18311906209066,-77.02742555778234,83.8,3,1,6,False,True,True,14,1.22,2026-03-11,3000.0
LIM-01904,Miraflores,-12.125120853439551,-77.03634124205568,113.2,3,2,15,True,False,True,9,2.343,2026-03-18,10700.0
LIM-01905,Jesús María,-12.093797739735379,-77.02969433403233,111.5,2,1,7,True,True,True,22,2.077,2026-06-12,6100.0
LIM-01906,Magdalena del Mar,-12.085396620009607,-77.06443051481394,103.9,3,2,7,False,True,True,6,4.784,2026-02-15,7650.0
LIM-01907,Magdalena del Mar,-12.110321967666104,-77.06609902394686,83.3,2,1,4,True,False,False,21,5.745,2026-06-13,3150.0
LIM-01908,San Isidro,-12.09981176466283,-77.04377842434609,175.8,5,4,7,True,True,False,15,3.624,2026-06-28,16350.0
LIM-01909,Surquillo,-12.106923459502227,-77.00398934135505,57.2,1,1,7,False,False,False,15,0.782,2026-05-06,2050.0
LIM-01910,Los Olivos,-11.9588272393948,-77.06186180615782,52.5,1,1,4,False,False,False,9,1.48,2026-07-27,1100.0
LIM-01911,San Isidro,-12.118495823242048,-77.03442555278257,78.1,2,1,5,False,False,True,3,2.244,2026-02-23,7300.0
LIM-01912,Miraflores,-12.122202176902702,-77.0364191337228,76.4,2,2,8,False,False,True,4,2.382,2026-03-13,6150.0
LIM-01913,San Martín de Porres,-11.993383063606615,-77.07931965334734,136.6,4,3,7,True,False,True,34,2.236,2026-06-25,4450.0
LIM-01914,San Borja,-12.107675806688851,-76.9788181573382,76.4,2,2,9,False,False,False,21,3.463,2026-03-09,4200.0
LIM-01915,Miraflores,-12.104971100507917,-77.04252761303124,87.8,2,1,7,False,True,False,3,3.429,2026-07-01,6350.0
LIM-01916,Miraflores,-12.130961682798976,-77.03899758881676,46.7,1,1,9,False,True,True,15,2.554,2026-03-22,4350.0
LIM-01917,Lince,-12.109688493562283,-77.04083362922084,96.1,2,1,10,True,True,False,20,3.071,2026-06-10,3850.0
LIM-01918,Pueblo Libre,-12.063876087798779,-77.06802985387212,76.7,2,1,3,True,False,False,15,3.689,2026-08-05,3500.0
LIM-01919,Jesús María,-12.080045033435423,-77.04918884023826,73.1,2,1,4,True,False,False,4,3.383,2026-05-14,3750.0
LIM-01920,Callao,-12.077702487171031,-77.10659714766157,168.1,5,4,5,True,False,False,16,8.156,2026-06-13,6500.0
LIM-01921,San Borja,-12.110202148686797,-76.99306303062698,126.7,3,2,6,False,True,False,6,1.907,2026-05-06,7550.0
LIM-01922,Surco (Santiago de Surco),-12.120233304288819,-76.99426990739396,68.1,2,2,8,False,True,False,7,2.127,2026-08-07,5000.0
LIM-01923,Magdalena del Mar,-12.110659031413752,-77.07237607829903,75.3,2,2,7,True,True,False,3,6.416,2026-07-24,3900.0
LIM-01924,Surco (Santiago de Surco),-12.106968048552632,-76.98751210847564,228.0,5,4,8,True,True,False,5,2.528,2026-05-29,15600.0
LIM-01925,Barranco,-12.15945457913444,-77.04158047135475,131.9,5,4,18,True,True,True,2,2.687,2026-02-18,10850.0
LIM-01926,San Isidro,-12.096155869750492,-77.02384098969894,114.2,3,2,6,True,True,False,21,1.429,2026-07-23,10750.0
LIM-01927,Surco (Santiago de Surco),-12.149629589014172,-77.00491695531464,52.6,2,1,10,False,True,False,7,1.271,2026-03-24,2550.0
LIM-01928,Pueblo Libre,-12.073100675815649,-77.06842212445413,114.9,3,3,7,True,True,True,32,4.192,2026-02-13,8150.0
LIM-01929,San Isidro,-12.098804973861105,-77.03261477613955,69.4,2,1,13,True,True,True,22,2.406,2026-03-14,6300.0
LIM-01930,Magdalena del Mar,-12.113373926827972,-77.07660486993605,119.1,4,4,2,False,False,False,21,6.845,2026-06-03,5450.0
LIM-01931,Lince,-12.05119007637259,-77.02745683470688,54.0,1,1,9,False,False,False,33,0.622,2026-05-10,1850.0
LIM-01932,Jesús María,-12.079544046028225,-77.04729806497853,93.5,3,2,6,False,True,False,1,3.251,2026-06-03,3550.0
LIM-01933,San Miguel,-12.083333550687673,-77.09627198744474,63.5,2,2,6,False,False,False,17,7.382,2026-08-06,2500.0
LIM-01934,Surquillo,-12.103071569447755,-76.99915490196749,57.9,1,1,5,False,False,False,26,1.446,2026-04-12,1650.0
LIM-01935,Pueblo Libre,-12.051828941399819,-77.05460321361588,91.5,3,2,4,False,False,True,22,2.002,2026-06-23,4400.0
LIM-01936,Miraflores,-12.107582757583948,-77.02577459209837,49.2,1,1,9,False,False,False,15,1.667,2026-02-28,2250.0
LIM-01937,Magdalena del Mar,-12.109914161476318,-77.06738976190968,166.6,5,4,7,False,True,False,3,5.89,2026-05-31,8000.0
LIM-01938,Jesús María,-12.071033091886065,-77.0574639539125,57.6,2,2,8,True,True,False,4,3.105,2026-08-08,3150.0
LIM-01939,Barranco,-12.17197646978862,-76.9953027390982,49.5,1,1,10,False,False,False,9,2.504,2026-02-16,3650.0
LIM-01940,San Isidro,-12.086379539024133,-77.049751646413,103.8,2,2,10,False,False,False,11,4.042,2026-04-10,8000.0
LIM-01941,Barranco,-12.169022257662366,-77.02004197610047,105.8,2,1,9,True,True,True,6,0.848,2026-05-13,8900.0
LIM-01942,Magdalena del Mar,-12.10513841588331,-77.07913711534341,70.3,2,2,7,False,False,False,42,7.239,2026-05-31,2450.0
LIM-01943,La Molina,-12.086838418048377,-76.94909297250513,78.1,3,1,9,True,True,False,33,6.181,2026-06-07,3850.0
LIM-01944,Miraflores,-12.115759921266308,-77.03485108107577,55.8,2,1,13,True,False,False,8,2.299,2026-07-09,3950.0
LIM-01945,Surquillo,-12.117831215480743,-77.02676052001198,46.7,1,1,9,False,False,False,4,1.409,2026-03-19,2300.0
LIM-01946,San Martín de Porres,-11.980670995879207,-77.0663398935423,99.3,2,2,3,False,False,False,17,1.024,2026-07-29,1900.0
LIM-01947,Miraflores,-12.112421125013693,-77.04385643353498,73.3,2,2,3,False,False,True,11,3.32,2026-05-23,6300.0
LIM-01948,San Martín de Porres,-11.99116330295123,-77.0687972332158,103.1,3,2,3,False,False,False,19,1.259,2026-03-19,2300.0
LIM-01949,San Isidro,-12.111952810823817,-77.02891754718334,95.5,2,1,9,True,True,False,25,1.763,2026-07-30,7200.0
LIM-01950,San Martín de Porres,-11.978507585229456,-77.08517069358015,117.2,4,3,4,False,False,False,3,2.525,2026-03-08,3200.0
LIM-01951,Callao,-12.066236781731341,-77.11170871259448,74.5,1,1,13,False,True,False,10,8.354,2026-04-21,1850.0
LIM-01952,San Isidro,-12.076349490804155,-77.03859478821235,67.1,1,1,9,False,True,False,6,2.49,2026-04-15,4600.0
LIM-01953,San Miguel,-12.053133659316893,-77.10601207606211,82.0,2,1,8,False,True,False,39,7.592,2026-08-01,2250.0
LIM-01954,Ate,-12.040248121611635,-76.92908520385605,90.4,2,2,6,False,False,False,6,8.829,2026-03-17,3250.0
LIM-01955,San Martín de Porres,-11.986515842827847,-77.07273470180236,97.6,3,3,5,False,True,False,7,1.913,2026-03-15,2750.0
LIM-01956,Ate,-12.083395037156683,-76.90875715611578,73.3,2,1,1,False,False,False,19,10.581,2026-05-30,1350.0
LIM-01957,San Borja,-12.110640028985884,-76.99569586302816,110.5,3,2,8,False,False,False,7,1.624,2026-03-21,7250.0
LIM-01958,San Isidro,-12.083974012320967,-77.04139819847208,58.3,1,1,13,True,False,False,4,3.097,2026-08-06,5550.0
LIM-01959,Chorrillos,-12.163605876780231,-77.02038517840357,71.2,2,1,3,False,True,False,33,0.409,2026-04-02,2250.0
LIM-01960,Jesús María,-12.0882366800572,-77.05290663788597,114.8,3,2,3,False,False,False,13,4.379,2026-03-04,4350.0
LIM-01961,Jesús María,-12.077124664478415,-77.06996332962213,55.7,2,1,8,False,True,False,6,4.587,2026-07-04,2950.0
LIM-01962,La Molina,-12.117236386062414,-76.94446496099692,153.9,5,4,11,True,True,True,4,7.239,2026-03-10,10450.0
LIM-01963,Jesús María,-12.068644085917928,-77.04273054166549,51.0,1,1,6,True,False,False,5,1.941,2026-02-20,2200.0
LIM-01964,Miraflores,-12.143699940814722,-77.02858869441465,45.2,1,2,8,True,True,True,6,1.414,2026-05-24,3700.0
LIM-01965,San Miguel,-12.06383426588655,-77.07157020993577,48.4,2,1,12,True,False,False,10,4.051,2026-03-01,1700.0
LIM-01966,San Isidro,-12.083007301671392,-77.04875474573795,88.2,3,3,15,True,False,True,25,3.667,2026-07-04,8800.0
LIM-01967,Pueblo Libre,-12.079292401772879,-77.07103324460273,94.7,3,2,3,True,False,False,16,4.826,2026-05-05,3750.0
LIM-01968,Chorrillos,-12.168444688834551,-77.0165037720518,124.0,3,2,6,True,False,False,24,0.719,2026-06-16,6250.0
LIM-01969,Magdalena del Mar,-12.098105184688725,-77.07277479827769,115.0,3,2,4,True,False,False,17,6.453,2026-07-03,5700.0
LIM-01970,San Borja,-12.105397099259822,-77.02141450350031,118.6,3,2,7,True,False,False,14,1.269,2026-05-31,7550.0
LIM-01971,Surco (Santiago de Surco),-12.148767113078918,-76.98776762400149,72.8,2,2,12,False,True,False,4,3.128,2026-02-14,4100.0
LIM-01972,Ate,-12.038930088521122,-76.91302019792533,70.3,2,2,8,True,True,True,21,10.278,2026-03-05,1950.0
LIM-01973,Pueblo Libre,-12.093294222762694,-77.088532715326,96.5,2,1,4,False,False,False,5,7.284,2026-02-17,4350.0
LIM-01974,Surco (Santiago de Surco),-12.156959161947952,-76.99640051122662,149.7,4,3,9,False,False,True,22,2.277,2026-07-26,7350.0
LIM-01975,Miraflores,-12.122563139800004,-77.03910249826326,53.9,1,1,6,True,False,False,34,2.665,2026-05-18,3250.0
LIM-01976,Barranco,-12.151934919355336,-77.02683987917176,105.9,4,3,20,True,True,True,16,1.127,2026-02-16,9450.0
LIM-01977,Magdalena del Mar,-12.092232379233378,-77.09175720941613,42.2,2,1,3,False,True,False,8,7.491,2026-05-03,2350.0
LIM-01978,Callao,-12.064394089882835,-77.11310573585591,96.3,3,2,3,False,False,False,3,8.469,2026-03-04,3550.0
LIM-01979,Pueblo Libre,-12.050971700010574,-77.04195868343317,72.5,3,2,8,True,False,False,18,0.646,2026-02-27,3150.0
LIM-01980,Barranco,-12.147472740127446,-77.01821971710996,65.6,2,1,6,False,False,False,12,0.455,2026-03-20,4450.0
LIM-01981,Chorrillos,-12.171905418657804,-77.04401260922117,82.8,3,2,3,True,False,False,3,2.96,2026-05-28,2450.0
LIM-01982,La Molina,-12.084433193471115,-76.941772847552,83.7,2,1,7,False,False,False,13,6.991,2026-03-08,5050.0
LIM-01983,Chorrillos,-12.162665081572623,-77.0204356655064,94.6,3,2,4,False,False,False,45,0.381,2026-05-27,2950.0
LIM-01984,Barranco,-12.142487791026186,-77.03461215041705,71.4,1,1,3,False,False,True,6,2.057,2026-05-21,5350.0
LIM-01985,Jesús María,-12.068295785203501,-77.04475651402332,107.9,3,2,6,False,True,False,5,1.997,2026-03-05,5850.0
LIM-01986,San Martín de Porres,-11.990068190741614,-77.07004282326247,149.7,3,3,6,False,True,False,23,1.44,2026-04-11,
LIM-01987,Barranco,-12.171295375644567,-77.02942192178271,72.9,2,1,8,False,False,False,13,1.495,2026-08-05,4000.0
LIM-01988,Pueblo Libre,-12.09504217180703,-77.08282479372974,57.7,1,1,6,False,False,False,5,6.942,2026-07-10,2100.0
LIM-01989,Comas,-11.943912704943617,-77.0861400668745,66.0,2,2,5,False,False,False,6,4.027,2026-05-19,1750.0
LIM-01990,Miraflores,-12.123472086592184,-77.03738822112302,129.1,3,1,19,True,True,False,14,2.468,2026-06-26,8650.0
LIM-01991,Miraflores,-12.114142281871422,-77.03126604163111,124.0,4,3,8,False,False,False,4,1.94,2026-03-09,8800.0
LIM-01992,Lince,-12.084859797173799,-77.03949206676364,90.3,3,2,7,False,False,False,16,2.92,2026-04-23,3750.0
LIM-01993,SURCO (SANTIAGO DE SURCO),-12.128017620786549,-77.00319938511196,96.8,4,3,7,False,False,False,1,1.287,2026-02-15,5400.0
LIM-01994,San Isidro,-12.112147143234736,-77.02988520567446,1432.3,4,3,6,False,True,False,14,1.855,2026-05-24,8700.0
LIM-01995,Magdalena del Mar,-12.095628934844903,-77.07014608744625,118.4,3,2,9,False,False,True,13,6.061,2026-07-18,6050.0
LIM-01996,San Miguel,-12.093492680855494,-77.09040487916687,64.0,2,2,11,True,False,False,45,7.458,2026-02-26,2500.0
LIM-01997,Surco (Santiago de Surco),-12.130357704787542,-76.98520214658788,95.9,3,1,9,False,False,False,7,3.259,2026-04-19,4050.0
LIM-01998,Surco (Santiago de Surco),-12.15753942050836,-77.00287568823354,66.7,2,2,2,False,False,True,12,1.613,2026-06-18,3100.0
LIM-01999,Chorrillos,-12.17052027881751,-77.03123471082071,78.7,2,1,4,False,False,False,3,1.709,2026-06-02,2900.0
LIM-02000,San Borja,-12.125927992570766,-77.00486800409072,147.5,5,4,10,True,True,False,15,1.08,2026-07-20,11200.0
LIM-02001,Chorrillos,-12.179302333518661,-77.02519563326018,115.8,5,3,9,False,True,False,37,0.849,2026-06-20,3800.0
LIM-02002,Magdalena del Mar,-12.084760867702608,-77.10031547347256,81.4,3,2,3,False,True,False,8,7.846,2026-04-02,3650.0
LIM-02003,Callao,-12.053871440136819,-77.12464682367457,35.9,1,1,2,False,False,False,8,9.484,2026-04-20,1000.0
LIM-02004,Lince,-12.104847922684693,-77.02004179333781,55.1,2,1,7,False,False,False,12,1.16,2026-07-08,2000.0
LIM-02005,Miraflores,-12.129168726136328,-77.01978975883259,77.5,2,2,10,True,False,False,6,0.666,2026-03-19,5600.0
LIM-02006,Los Olivos,-11.986916542305721,-77.06519779371652,82.1,2,2,4,True,False,False,17,1.346,2026-06-24,2250.0
LIM-02007,Magdalena del Mar,-12.115837101995261,-77.07412058348116,78.8,3,2,14,False,True,False,4,6.542,2026-05-25,2800.0
LIM-02008,Miraflores,-12.119688041886393,-77.01201321768629,81.1,2,2,19,True,False,False,16,0.294,2026-04-01,8350.0
LIM-02009,Miraflores,-12.11437641987728,-77.04212201473841,63.2,1,1,6,False,False,False,2,3.101,2026-08-06,3750.0
LIM-02010,Pueblo Libre,-12.068312728951412,-77.07467792546356,74.8,2,1,2,False,False,False,7,4.543,2026-07-05,3400.0
LIM-02011,San Isidro,-12.089968478221444,-77.02320845671574,81.0,3,2,10,False,True,True,6,1.507,2026-06-11,8150.0
LIM-02012,Surco (Santiago de Surco),-12.13514293021063,-76.99466874123794,75.9,2,1,10,True,False,False,10,2.29,2026-05-10,4200.0
LIM-02013,Miraflores,-12.124380682625,-77.03745413968453,135.4,4,3,15,False,False,False,14,2.467,2026-03-17,12300.0
LIM-02014,Magdalena del Mar,-12.108376831924748,-77.06907690447892,67.0,2,1,5,False,True,False,18,6.098,2026-06-01,3100.0
LIM-02015,La Molina,-12.092080956061006,-76.95046160354026,53.5,2,2,5,True,False,False,9,6.037,2026-07-06,3000.0
LIM-02016,San Borja,-12.124156180623913,-77.00865030594566,159.2,4,3,9,False,True,False,8,0.69,2026-04-20,13200.0
LIM-02017,Surco (Santiago de Surco),-12.145141986325523,-77.00538422175441,72.5,2,2,6,True,False,False,16,1.175,2026-07-17,2900.0
LIM-02018,San Isidro,-12.096132877554744,-77.03284140766769,113.4,3,3,10,False,True,False,9,2.408,2026-03-02,11750.0
LIM-02019,Jesús María,-12.075013673050492,-77.04653021404044,64.3,3,1,8,False,True,False,6,2.754,2026-08-02,3050.0
LIM-02020,La Molina,-12.050023263545263,-76.92699903880013,132.0,4,3,7,False,False,False,17,9.612,2026-07-20,6800.0
LIM-02021,Lince,-12.101249547170061,-77.03678107095922,67.0,2,1,3,False,True,False,20,2.9,2026-06-01,2550.0
LIM-02022,Miraflores,-12.122601184649982,-77.03308579338557,103.3,3,3,7,False,False,False,21,2.018,2026-03-24,7550.0
LIM-02023,San Isidro,-12.114284785334446,-77.01942439763367,79.4,2,1,8,True,True,False,11,0.72,2026-06-23,6600.0
LIM-02024,Barranco,-12.15405343051164,-77.00957223848067,56.8,1,1,6,False,False,False,42,0.817,2026-02-19,2700.0
LIM-02025,Magdalena del Mar,-12.099665118185381,-77.07396122035485,84.7,2,1,2,False,False,False,5,6.669,2026-02-26,3800.0
LIM-02026,La Molina,-12.076661439685202,-76.96393215267098,97.3,3,2,17,False,True,True,9,4.765,2026-07-10,6450.0
LIM-02027,Surquillo,-12.120095998470614,-77.0272422573874,35.1,2,2,3,False,False,True,9,1.485,2026-04-24,1500.0
LIM-02028,La Molina,-12.089095835200673,-76.95784913756866,90.7,3,2,10,True,False,False,18,5.225,2026-06-12,5250.0
LIM-02029,San Borja,-12.113463815549666,-76.99816257867721,225.4,5,3,5,True,False,False,1,1.415,2026-04-27,
LIM-02030,Jesús María,-12.090412620928687,-77.0551000933745,44.7,1,1,5,False,True,True,3,4.7,2026-04-05,2600.0
LIM-02031,San Isidro,-12.105025228461518,-77.01746514128588,91.8,3,2,10,False,False,False,12,0.91,2026-07-25,8050.0
LIM-02032,San Borja,-12.112883240581006,-77.01745724656529,83.3,3,3,6,True,False,True,7,0.667,2026-04-08,7250.0
LIM-02033,Surco (Santiago de Surco),-12.134114089399123,-77.00893607660295,171.0,4,4,14,False,True,False,21,0.736,2026-05-02,9900.0
LIM-02034,la molina,-12.080092632553303,-76.94226445458145,77.1,2,2,20,False,True,False,12,6.99,2026-03-03,2900.0
LIM-02035,Miraflores,-12.123915158116533,-77.02314276740283,77.5,1,1,4,True,True,False,26,0.928,2026-07-24,4950.0
LIM-02036,San Miguel,-12.080426115167777,-77.12384563477075,97.2,3,2,10,True,False,True,2,10.027,2026-03-05,4800.0
LIM-02037,Callao,-12.077249757901845,-77.13892492190998,80.3,2,2,5,False,False,False,13,11.507,2026-07-08,
LIM-02038,San Isidro,-12.090723185792925,-77.03986324431769,66.5,1,1,9,True,True,False,11,3.192,2026-02-14,5250.0
LIM-02039,Jesús María,-12.0819507746458,-77.03272747642218,79.4,2,1,10,False,False,False,16,2.128,2026-06-05,3900.0
LIM-02040,San Miguel,-12.068434521141244,-77.0701468693774,70.6,2,1,10,False,True,False,10,4.099,2026-06-04,3400.0
LIM-02041,Surco (Santiago de Surco),-12.119202720625749,-76.99997396988196,86.0,2,1,7,False,False,False,8,1.512,2026-02-20,5750.0
LIM-02042,Surquillo,-12.116954980320315,-77.01954776372904,87.6,3,2,11,False,False,False,6,0.63,2026-02-20,4050.0
LIM-02043,Jesús María,-12.085879735369192,-77.05904238908742,91.0,2,1,2,False,False,False,8,4.475,2026-02-24,3550.0
LIM-02044,San Martín de Porres,-11.999100383357037,-77.07300152320137,107.4,3,2,6,False,True,False,14,1.512,2026-08-02,3050.0
LIM-02045,Comas,-11.938815576023776,-77.04365764498607,105.6,3,2,4,True,True,False,3,4.252,2026-06-26,3150.0
LIM-02046,San Isidro,-12.100986240014961,-77.02162775115144,115.6,3,2,11,True,True,False,2,1.321,2026-05-22,9000.0
LIM-02047,Magdalena del Mar,-12.102268460912551,-77.07604800735186,118.4,3,2,11,True,False,False,3,6.982,2026-06-03,7500.0
LIM-02048,San Borja,-12.101537613471631,-77.00866238046162,82.1,3,2,10,False,True,False,18,0.675,2026-06-15,4600.0
LIM-02049,Miraflores,-12.11512906070367,-77.02930163594827,97.5,3,2,20,False,True,False,9,1.709,2026-02-18,7150.0
LIM-02050,Surco (Santiago de Surco),-12.139155475683925,-76.97843055954681,62.7,2,2,18,True,True,True,7,4.064,2026-08-02,3450.0
LIM-02051,Comas,-11.962848793983127,-77.06680620518016,46.2,1,1,3,False,False,False,8,1.113,2026-04-22,1200.0
LIM-02052,San Isidro,-12.091723461775448,-77.05848514835218,152.5,5,2,6,True,True,True,20,4.999,2026-03-15,10950.0
LIM-02053,Magdalena del Mar,-12.104707926321296,-77.0800201110398,70.1,2,1,7,True,True,True,2,7.343,2026-07-14,4150.0
LIM-02054,Chorrillos,-12.172127907095556,-77.02144830904186,88.9,2,2,3,False,True,False,20,0.781,2026-06-26,2850.0
LIM-02055,Surco (Santiago de Surco),-12.133186113219852,-77.01685557793523,64.2,1,1,6,False,True,True,5,0.149,2026-02-24,4600.0
LIM-02056,Magdalena del Mar,-12.118167369124512,-77.07291555201601,51.9,2,2,7,True,False,False,22,6.373,2026-04-02,2300.0
LIM-02057,Ate,-12.045427019787061,-76.90992794404093,73.2,2,2,5,False,True,True,38,10.914,2026-03-07,2200.0
LIM-02058,Magdalena del Mar,-12.089325609695505,-77.05338128862218,95.8,3,2,6,True,True,True,9,4.508,2026-07-22,5550.0
LIM-02059,Miraflores,-12.113454171016274,-77.04538852348212,63.6,2,1,7,True,False,False,7,3.467,2026-06-28,5200.0
LIM-02060,San Isidro,-12.095791610986845,-77.02793374282453,76.3,2,1,3,False,True,False,28,1.874,2026-02-23,5700.0
LIM-02061,Callao,-12.080326232527394,-77.10649796618588,67.0,2,1,7,False,False,True,5,8.251,2026-07-25,2150.0
LIM-02062,Surco (Santiago de Surco),-12.119675027253761,-76.98876454882878,138.0,5,4,12,True,True,False,10,2.62,2026-03-10,9300.0
LIM-02063,San Borja,-12.10336772798949,-77.01068161959412,118.8,4,2,12,True,True,False,8,0.704,2026-03-29,6650.0
LIM-02064,Miraflores,-12.135539831952446,-77.04217912016891,64.2,2,1,6,True,False,False,12,2.884,2026-02-28,4300.0
LIM-02065,La Molina,-12.0962531564819,-76.9440336389726,136.9,5,3,9,True,False,False,5,6.775,2026-07-06,7850.0
LIM-02066,San Martín de Porres,-11.996125309488466,-77.07951786808185,83.2,2,1,8,False,True,False,17,2.215,2026-04-06,2250.0
LIM-02067,San Borja,-12.10014258968042,-77.00531320589555,80.8,2,1,9,False,False,False,12,0.759,2026-02-25,5450.0
LIM-02068,Ate,-12.052255554276172,-76.9005003558376,90.5,2,1,4,False,False,True,12,12.167,2026-07-07,2450.0
LIM-02069,Barranco,-12.139493695111451,-77.0262090189899,86.0,3,2,18,False,True,True,13,1.176,2026-02-27,5950.0
LIM-02070,San Borja,-12.129813201949203,-77.02132440892943,67.6,2,1,16,False,True,False,4,0.762,2026-05-14,4150.0
LIM-02071,Chorrillos,-12.187209508133124,-77.02078867817406,96.3,2,2,4,False,False,False,17,1.085,2026-07-24,3350.0
LIM-02072,Magdalena del Mar,-12.120272368118105,-77.06993671982104,173.5,5,3,5,True,False,True,3,6.025,2026-06-08,10750.0
LIM-02073,Surco (Santiago de Surco),-12.145768861714435,-76.99089646617527,100.7,2,1,5,True,False,False,10,2.729,2026-04-21,4750.0
LIM-02074,Chorrillos,-12.15660307378547,-77.01408932895433,82.9,2,2,2,False,False,False,26,0.655,2026-07-14,2250.0
LIM-02075,La Molina,-12.062106373184976,-76.92727213182772,107.1,4,4,14,True,True,False,4,9.057,2026-08-03,6200.0
LIM-02076,San Borja,-12.105484914381234,-77.01197748686042,104.9,3,3,9,False,False,False,7,0.492,2026-06-10,5900.0
LIM-02077,Ate,-12.054061150487223,-76.9210845001802,55.0,2,2,3,False,False,False,9,10.007,2026-03-31,1400.0
LIM-02078,Miraflores,-12.123759678810211,-77.01085935154387,129.3,3,2,10,False,True,True,10,0.48,2026-02-26,10650.0
LIM-02079,Surco (Santiago de Surco),-12.129319921310003,-77.01860819864358,130.0,4,3,15,True,False,False,8,0.577,2026-02-20,8700.0
LIM-02080,San Isidro,-12.115955770219669,-77.03734433336643,69.2,2,1,5,False,True,True,21,2.567,2026-03-26,4100.0
LIM-02081,La Molina,-12.093669990111774,-76.93045294661715,111.1,4,3,14,False,True,False,2,8.22,2026-07-01,5900.0
LIM-02082,Miraflores,-12.103881283106597,-77.01483180498879,62.7,1,1,9,False,False,False,24,0.794,2026-05-07,3950.0
LIM-02083,Lince,-12.09764852083194,-77.02537860352584,74.8,3,2,8,True,False,False,8,1.609,2026-03-04,3800.0
LIM-02084,Miraflores,-12.130088298791138,-77.02117472837885,76.5,2,1,12,False,True,False,18,0.731,2026-06-12,5450.0
LIM-02085,Lince,-12.084941676128222,-77.04579227747666,73.2,3,1,14,False,False,False,17,3.587,2026-06-29,3350.0
LIM-02086,Barranco,-12.146002292885944,-77.00492187499285,50.4,2,1,6,False,True,True,8,1.253,2026-05-08,4500.0
LIM-02087,Surco (Santiago de Surco),-12.142500048554393,-77.00940074053544,81.4,3,3,20,False,True,False,6,0.687,2026-03-21,4850.0
LIM-02088,Surco (Santiago de Surco),-12.134076427400977,-77.00868495623249,137.1,4,3,4,True,False,False,34,0.763,2026-02-13,7200.0
LIM-02089,Pueblo Libre,-12.066304725595128,-77.05844551042604,63.2,1,1,4,True,False,False,34,2.871,2026-05-13,2550.0
LIM-02090,Magdalena del Mar,-12.071962578114835,-77.0816161739486,33.5,1,1,9,False,True,False,12,5.396,2026-07-06,1500.0
LIM-02091,Surco (Santiago de Surco),-12.136514932553217,-76.99251963961153,90.5,3,2,14,False,False,True,21,2.537,2026-03-16,
LIM-02092,Chorrillos,-12.175195567784087,-77.01293079504865,177.4,5,3,3,False,False,False,10,0.586,2026-07-02,6600.0
LIM-02093,Jesús María,-12.055270571848247,-77.0276626831275,105.0,2,2,3,True,False,True,8,0.514,2026-03-14,6150.0
LIM-02094,Barranco,-12.155989990299577,-77.01619530497321,58.1,2,1,17,True,True,False,13,0.534,2026-03-16,4300.0
LIM-02095,Los Olivos,-11.984792236393146,-77.0789224116499,86.6,3,2,3,False,True,False,5,2.243,2026-04-03,2450.0
LIM-02096,Surco (Santiago de Surco),-12.131997012292093,-76.98688214450178,118.1,3,2,6,False,False,False,5,3.115,2026-05-09,7550.0
LIM-02097,San Isidro,-12.084285899698946,-77.04668105040098,48.5,1,1,11,False,False,True,27,3.666,2026-05-25,2950.0
LIM-02098,San Borja,-12.103967434377603,-76.98764213370748,68.4,3,2,8,True,False,False,16,2.576,2026-04-20,
LIM-02099,Miraflores,-12.122264187890567,-77.02862446496516,85.2,1,1,13,False,True,False,6,1.551,2026-03-30,7300.0
LIM-02100,Barranco,-12.166780720477618,-77.01659347420612,116.6,3,2,5,False,False,False,17,0.533,2026-05-23,9300.0
LIM-02101,San Miguel,-12.078100430943222,-77.11416784772537,67.8,2,1,2,False,False,False,8,8.947,2026-06-09,3300.0
LIM-02102,Miraflores,-12.106302140884203,-77.05640894714217,123.8,5,3,12,True,True,False,9,4.803,2026-08-05,9750.0
LIM-02103,Surquillo,-12.129509404978469,-77.03551709078896,51.1,1,1,7,False,False,True,7,2.209,2026-05-01,2150.0
LIM-02104,Callao,-12.05953696608564,-77.09715074973161,28.8,1,1,7,False,False,True,13,6.675,2026-07-12,850.0
LIM-02105,Jesús María,-12.0782498167859,-77.06277785787417,101.5,3,2,9,False,False,False,15,4.076,2026-03-25,4800.0
LIM-02106,Pueblo Libre,-12.081972454847653,-77.05431228237615,89.2,3,2,3,True,False,False,9,3.833,2026-04-18,4650.0
LIM-02107,Pueblo Libre,-12.070624923945772,-77.07080289358693,94.9,4,3,8,True,False,True,5,4.274,2026-07-28,5600.0
LIM-02108,Comas,-11.937680337104927,-77.06488036119063,118.7,3,3,5,False,False,False,18,3.833,2026-05-29,3850.0
LIM-02109,Surco (Santiago de Surco),-12.12980607714248,-76.99553664306083,101.0,3,2,3,False,False,False,7,2.143,2026-05-29,5950.0
LIM-02110,Miraflores,-12.132821717163381,-77.00967465886626,69.0,2,1,15,False,True,False,16,0.666,2026-07-30,5800.0
LIM-02111,San Borja,-12.128051804332005,-76.9915859336305,83.9,3,2,5,False,False,False,27,2.537,2026-03-14,3800.0
LIM-02112,San Borja,-12.105151338761631,-76.99397960231614,77.7,2,1,5,True,False,False,27,1.876,2026-03-03,4700.0
LIM-02113,Miraflores,-12.127171028497791,-77.01383961881466,66.0,2,1,13,True,True,False,4,0.194,2026-07-24,6850.0
LIM-02114,Jesús María,-12.05154025144376,-77.05659836236515,44.8,2,2,3,False,False,True,7,2.22,2026-04-11,2650.0
LIM-02115,San Isidro,-12.074585883647822,-77.02387988427658,57.6,2,1,9,True,True,True,14,1.177,2026-07-05,4400.0
LIM-02116,San Martín de Porres,-11.975011722467249,-77.0697843688581,85.4,2,1,3,False,False,False,21,0.816,2026-03-05,1800.0
LIM-02117,Barranco,-12.160681330812416,-77.01072120764108,34.2,1,1,7,False,True,False,4,0.698,2026-06-04,2100.0
LIM-02118,San Isidro,-12.090367570959096,-77.03856020043493,44.7,1,1,7,False,False,False,23,3.048,2026-04-27,3000.0
LIM-02119,Miraflores,-12.110648569792982,-77.03464777874933,67.4,2,2,20,True,True,False,15,2.398,2026-06-14,4800.0
LIM-02120,Barranco,-12.140299749197467,-77.03183788374203,67.2,2,1,12,False,True,False,24,1.764,2026-04-03,5950.0
LIM-02121,SURCO (SANTIAGO DE SURCO),-12.139252775330325,-77.00468618837961,85.9,2,2,5,False,True,False,4,1.236,2026-06-01,4450.0
LIM-02122,San Isidro,-12.081850021164417,-77.0477041578127,39.7,1,1,3,False,False,False,9,3.505,2026-04-20,2950.0
LIM-02123,Surco (Santiago de Surco),-12.134994300163601,-76.99059782685809,156.1,5,3,5,False,False,False,15,2.732,2026-04-25,8650.0
LIM-02124,Miraflores,-12.119562726500774,-77.03214003575924,47.4,2,1,11,True,True,False,10,2.005,2026-07-23,3750.0
LIM-02125,La Molina,-12.105254001421326,-76.94002319762784,84.7,2,1,6,True,True,True,9,7.387,2026-05-16,7100.0
LIM-02126,La Molina,-12.079062820365124,-76.93934541576417,73.5,2,1,9,True,False,False,2,7.32,2026-07-04,4550.0
LIM-02127,Surco (Santiago de Surco),-12.138124940562868,-77.00771707265146,144.0,4,2,4,True,True,False,9,0.969,2026-04-08,8200.0
LIM-02128,Surco (Santiago de Surco),-12.129422653654794,-77.00807722238531,108.7,3,2,7,False,False,False,4,0.84,2026-07-30,5700.0
LIM-02129,Miraflores,-12.118278635602344,-77.03214392459807,64.5,1,1,14,False,True,False,39,1.995,2026-07-20,4600.0
LIM-02130,San Isidro,-12.095028761080036,-77.04600144868336,71.4,2,1,11,True,False,True,15,3.839,2026-05-02,7700.0
LIM-02131,Miraflores,-12.1216485628696,-77.03996494567431,79.4,2,1,8,False,True,False,45,2.773,2026-06-28,5350.0
LIM-02132,San Miguel,-12.067960803184075,-77.0724517558911,52.3,1,1,8,False,False,True,8,4.305,2026-05-29,2100.0
LIM-02133,Comas,-11.945386710442621,-77.08040025726253,107.3,3,3,1,False,True,False,10,3.528,2026-05-19,2400.0
LIM-02134,San Martín de Porres,-12.016362369033436,-77.05632322687266,75.5,3,1,7,False,False,False,28,2.121,2026-06-27,1850.0
LIM-02135,San Borja,-12.101472532723513,-76.99513348339968,106.3,4,3,3,True,False,False,10,1.806,2026-02-22,8700.0
LIM-02136,San Borja,-12.11800806629894,-76.98676514060378,105.1,3,2,12,True,True,True,30,2.751,2026-05-17,7600.0
LIM-02137,Surco (Santiago de Surco),-12.150891142112185,-76.98458000619205,78.6,1,1,6,False,False,True,35,3.47,2026-05-02,3550.0
LIM-02138,San Miguel,-12.089666920009712,-77.0853964898728,40.4,1,1,2,False,False,True,12,6.767,2026-06-09,1600.0
LIM-02139,San Miguel,-12.074000011447717,-77.07285801841027,72.1,1,1,9,True,True,False,26,4.654,2026-05-22,2100.0
LIM-02140,Chorrillos,-12.175858225637137,-77.03108900026173,51.6,1,1,10,False,True,True,20,1.496,2026-02-13,2250.0
LIM-02141,Los Olivos,-11.994492196356074,-77.07337654053335,90.2,3,2,4,True,False,False,2,1.578,2026-07-10,2600.0
LIM-02142,Magdalena del Mar,-12.100103871316632,-77.08593416295001,71.9,1,1,11,False,True,False,30,7.575,2026-03-19,3450.0
LIM-02143,San Miguel,-12.063369225300304,-77.11315295437238,64.6,2,1,7,True,False,True,18,8.456,2026-07-11,2900.0
LIM-02144,Surquillo,-12.1201155480512,-77.0254348934227,42.9,1,1,7,False,False,False,12,1.293,2026-02-17,2150.0
LIM-02145,Surco (Santiago de Surco),-12.136985718641132,-76.97252942666132,138.9,4,2,13,True,True,False,11,4.706,2026-05-22,9150.0
LIM-02146,San Martín de Porres,-11.986384102752075,-77.08268160036901,77.8,3,1,5,False,False,False,38,2.674,2026-02-22,1800.0
LIM-02147,Miraflores,-12.111554128901545,-77.00559781144,159.3,4,3,14,True,True,False,11,0.582,2026-07-14,14300.0
LIM-02148,Comas,-11.93073898694818,-77.03697007403868,96.1,3,1,12,False,False,False,16,5.395,2026-03-22,1850.0
LIM-02149,San Miguel,-12.110670643320645,-77.05685843563565,87.3,2,1,9,False,True,False,23,4.746,2026-07-13,3200.0
LIM-02150,Miraflores,-12.100297723538695,-77.00653408377082,75.9,2,1,8,False,False,True,20,0.675,2026-06-23,5700.0
LIM-02151,Lince,-12.077463194774866,-77.005002417616,75.9,2,1,7,False,False,False,10,0.936,2026-07-15,2700.0
LIM-02152,San Isidro,-12.06766228303171,-77.03279798950733,120.6,4,2,8,False,True,False,40,1.344,2026-03-12,10600.0
LIM-02153,San Miguel,-12.086787912369292,-77.09006006119576,111.1,2,1,7,False,True,False,4,6.994,2026-06-07,4400.0
LIM-02154,Surquillo,-12.135861407267786,-77.01396192766542,36.9,1,1,5,False,False,False,19,0.289,2026-04-18,1350.0
LIM-02155,Jesús María,-12.073513378519298,-77.04899925354468,105.2,3,2,8,False,False,False,9,2.729,2026-05-20,3800.0
LIM-02156,Chorrillos,-12.178004467957086,-77.016304042378,96.1,3,2,8,False,False,True,14,0.13,2026-05-08,3850.0
LIM-02157,Miraflores,-12.113256032196622,-77.02037380921816,75.9,2,2,7,True,False,False,14,0.869,2026-05-08,6650.0
LIM-02158,Surco (Santiago de Surco),-12.122100859864963,-77.00058981426356,164.3,5,4,7,True,False,False,9,1.517,2026-03-29,9100.0
LIM-02159,La Molina,-12.087847529738553,-76.96173149085371,192.7,5,4,4,False,False,False,25,4.804,2026-04-18,8550.0
LIM-02160,San Isidro,-12.100088496549754,-77.03233657442912,113.5,4,3,8,True,True,False,23,2.4,2026-04-21,9450.0
LIM-02161,Magdalena del Mar,-12.089227362165806,-77.0840136580119,65.5,1,1,8,False,False,True,6,6.618,2026-05-24,3450.0
LIM-02162,Surco (Santiago de Surco),-12.13807594398831,-77.00207128196966,64.9,1,1,6,False,True,False,42,1.544,2026-04-27,3300.0
LIM-02163,La Molina,-12.090879785210761,-76.94691303876377,140.0,5,3,15,True,False,False,10,6.417,2026-06-06,9900.0
LIM-02164,La Molina,-12.074354380735898,-76.9496657186344,170.0,5,4,3,True,False,False,16,6.328,2026-04-24,9850.0
LIM-02165,Los Olivos,-11.953782665717156,-77.0581794900898,46.0,2,1,12,False,False,True,4,2.101,2026-04-07,1250.0
LIM-02166,Surco (Santiago de Surco),-12.121992405073643,-76.99700089847428,134.5,4,3,11,False,True,False,13,1.888,2026-03-25,6750.0
LIM-02167,Los Olivos,-11.970918756552706,-77.05757460434548,81.1,2,2,7,True,False,True,22,0.594,2026-05-26,3300.0
LIM-02168,La Molina,-12.112477467853038,-76.9427278050127,61.7,1,1,11,False,True,False,6,7.348,2026-04-18,2800.0
LIM-02169,Surco (Santiago de Surco),-12.136778473036713,-76.99606234802323,110.4,3,2,10,True,True,False,13,2.159,2026-03-26,6850.0
LIM-02170,San Borja,-12.117395760152124,-76.99670135416456,120.4,3,2,7,False,False,True,15,1.737,2026-03-31,10650.0
LIM-02171,La Molina,-12.088356700228127,-76.96069955836825,98.3,2,2,11,False,True,False,16,4.915,2026-05-29,5900.0
LIM-02172,Barranco,-12.157453090712611,-77.01734307372635,49.9,1,1,10,False,True,False,1,0.507,2026-04-13,3700.0
LIM-02173,San Borja,-12.108548878265587,-76.98840972844421,155.7,4,2,4,False,False,False,7,2.416,2026-06-18,10900.0
LIM-02174,Miraflores,-12.13357130755078,-77.01750979487784,60.6,1,1,7,True,True,False,15,0.2,2026-07-16,5300.0
LIM-02175,Surco (Santiago de Surco),-12.150368609240621,-77.01122608902453,137.7,4,2,4,True,False,False,18,0.581,2026-03-04,7100.0
LIM-02176,Jesús María,-12.05892770220915,-77.06722776242692,49.3,1,1,6,True,False,False,11,3.451,2026-04-12,2400.0
LIM-02177,La Molina,-12.098435891360412,-76.95164182230097,125.7,4,2,3,False,False,True,29,5.992,2026-06-10,5450.0
LIM-02178,Surquillo,-12.114696020496924,-77.00088405170408,73.6,2,1,8,False,True,False,15,1.193,2026-02-12,2350.0
LIM-02179,Barranco,-12.137945821840766,-77.01874829527704,92.6,3,2,13,False,True,False,12,0.559,2026-08-08,6250.0
LIM-02180,Ate,-12.035428350485246,-76.92529634287698,148.3,4,3,3,False,True,False,11,8.914,2026-07-02,3550.0
LIM-02181,Surquillo,-12.105161821541015,-77.03493527360317,50.1,2,2,7,False,True,False,13,2.688,2026-02-13,1800.0
LIM-02182,Ate,-12.042765601825982,-76.92420787165344,108.7,3,1,10,False,True,False,5,9.427,2026-05-09,2400.0
LIM-02183,Chorrillos,-12.166011960297558,-77.02711861354216,53.0,2,1,4,False,False,False,13,1.187,2026-03-10,
LIM-02184,Miraflores,-12.104622942408726,-77.01817258737626,48.3,1,1,8,False,True,False,8,0.998,2026-05-23,3250.0
LIM-02185,San Borja,-12.103199728872056,-76.98644946900735,74.8,1,1,7,False,True,False,14,2.639,2026-06-07,4150.0
LIM-02186,Miraflores,-12.14314642816177,-77.04199882246628,85.5,3,2,13,False,True,True,9,2.862,2026-05-21,6550.0
LIM-02187,Surquillo,-12.1210423984738,-77.00846200726102,111.2,3,2,5,False,True,False,11,0.689,2026-07-18,4200.0
LIM-02188,Jesús María,-12.065243559139336,-77.0411909172159,145.0,5,4,6,False,False,False,12,1.528,2026-03-28,7100.0
LIM-02189,Barranco,-12.156925151204513,-77.03555616977715,62.5,2,1,11,False,True,True,7,2.095,2026-05-31,3600.0
LIM-02190,San Martín de Porres,-11.979458726326497,-77.08160582438595,99.2,4,3,6,True,False,True,14,2.193,2026-07-02,2900.0
LIM-02191,Miraflores,-12.121858157937998,-77.02531016014211,101.4,3,2,8,False,True,True,17,1.22,2026-04-18,9900.0
LIM-02192,Jesús María,-12.072577014743688,-77.0470411749754,102.2,3,3,4,False,True,True,18,2.534,2026-02-22,5950.0
LIM-02193,Pueblo Libre,-12.06010306961318,-77.08362649292171,71.0,2,1,5,True,True,False,28,5.228,2026-07-13,2800.0
LIM-02194,San Isidro,-12.099394198767712,-77.0351258105458,87.1,3,2,10,True,True,False,10,2.686,2026-05-16,6300.0
LIM-02195,Jesús María,-12.071484675571263,-77.04136482130282,77.2,3,2,8,False,True,False,18,2.195,2026-06-06,3050.0
LIM-02196,Surquillo,-12.10391051819201,-76.99854486997359,60.8,2,2,6,False,False,True,22,1.46,2026-03-26,2400.0
LIM-02197,San Isidro,-12.114867247390006,-77.04472549440176,76.2,3,2,6,False,False,True,6,3.377,2026-02-12,7250.0
LIM-02198,San Borja,-12.11172357794865,-77.00514543787834,86.6,1,1,7,False,False,False,14,0.634,2026-07-04,4500.0
LIM-02199,Barranco,-12.13945016045545,-77.02390640119047,61.5,2,2,3,False,False,False,25,0.936,2026-06-06,3850.0
LIM-02200,Lince,-12.084312798219889,-77.0298054089442,47.3,1,1,7,False,False,False,14,1.901,2026-03-10,1900.0
LIM-02201,Miraflores,-12.103491994255071,-77.02823578678853,98.8,3,2,6,True,True,True,26,2.038,2026-02-17,9150.0
LIM-02202,Callao,-12.075511080298243,-77.1108483041444,100.3,3,2,2,True,False,True,16,8.514,2026-05-25,3300.0
LIM-02203,Los Olivos,-11.989180021215354,-77.08500223850658,160.4,5,3,4,True,False,False,27,2.955,2026-05-19,5300.0
LIM-02204,Miraflores,-12.111863761800528,-77.02463775572843,84.4,3,2,11,False,False,False,26,1.345,2026-05-27,5550.0
LIM-02205,Surco (Santiago de Surco),-12.124610313420806,-77.00390658456271,83.1,2,1,7,False,False,True,25,1.19,2026-05-28,3850.0
LIM-02206,Jesús María,-12.075919000081983,-77.05072000682468,65.5,1,1,15,False,True,False,15,3.055,2026-07-06,3200.0
LIM-02207,Pueblo Libre,-12.068795267199452,-77.04260383647294,76.1,3,2,2,False,False,False,18,1.952,2026-03-19,3000.0
LIM-02208,Magdalena del Mar,-12.086557516268423,-77.0924789137052,93.1,2,1,3,False,False,True,15,7.202,2026-03-09,4550.0
LIM-02209,Miraflores,-12.130866358470222,-77.03275360962127,69.4,2,1,7,True,False,False,5,1.884,2026-03-07,5700.0
LIM-02210,Miraflores,-12.129582180500591,-77.04469574926772,46.9,2,1,14,True,False,True,5,3.189,2026-03-04,4700.0
LIM-02211,Comas,-11.940723285849616,-77.06016318430538,75.0,2,2,3,False,False,False,20,3.502,2026-03-18,1650.0
LIM-02212,Magdalena del Mar,-12.084650932481274,-77.06312120501532,78.5,2,1,4,False,False,True,45,4.629,2026-04-12,3950.0
LIM-02213,Chorrillos,-12.188691483116296,-77.01606413857387,103.9,3,3,7,False,False,False,8,1.199,2026-04-05,2850.0
LIM-02214,Magdalena del Mar,-12.09787537158322,-77.07710059024002,48.5,1,1,5,True,False,False,13,6.734,2026-04-11,2450.0
LIM-02215,San Martín de Porres,-12.001830839580455,-77.06465917205138,98.0,2,2,9,True,False,True,14,0.765,2026-07-17,3950.0
LIM-02216,San Isidro,-12.092184490739488,-77.03273397078273,91.2,2,1,10,False,True,False,9,2.429,2026-04-28,
LIM-02217,Miraflores,-12.121204380440107,-77.01956520732425,64.9,2,1,14,False,True,False,15,0.72,2026-06-22,
LIM-02218,San Martín de Porres,-12.005450603005634,-77.07201691135786,74.6,2,1,4,False,False,False,17,1.651,2026-05-24,1600.0
LIM-02219,Callao,-12.04161721063091,-77.15261488484988,67.2,1,2,5,True,False,False,21,11.282,2026-02-17,2350.0
LIM-02220,Surco (Santiago de Surco),-12.141471089779449,-76.99592002566746,99.4,3,2,12,True,True,False,15,2.151,2026-04-01,7750.0
LIM-02221,Surco (Santiago de Surco),-12.138505156356258,-77.00793689362658,136.2,3,3,3,False,False,False,4,0.929,2026-07-31,8100.0
LIM-02222,Magdalena del Mar,-12.114597971631035,-77.08565180272988,114.4,3,3,2,False,False,True,33,7.801,2026-07-19,8800.0
LIM-02223,La Molina,-12.095363510522152,-76.92750496671209,76.8,2,2,3,True,False,False,14,8.553,2026-07-12,
LIM-02224,Miraflores,-12.114907087083932,-77.03389766654387,70.6,2,1,6,True,False,False,10,2.207,2026-05-19,6200.0
LIM-02225,Los Olivos,-11.965052776523741,-77.04878918165033,43.6,1,1,9,False,True,False,9,1.723,2026-05-10,1150.0
LIM-02226,Barranco,-12.14220579611921,-77.03829226104325,72.5,2,2,19,False,True,True,5,2.456,2026-03-17,5700.0
LIM-02227,Pueblo Libre,-12.066988212568653,-77.07610404936334,90.8,2,2,6,False,True,False,12,4.633,2026-07-29,3250.0
LIM-02228,San Isidro,-12.072147431564458,-77.02755179206858,140.5,5,3,9,False,False,True,10,1.532,2026-05-17,14550.0
LIM-02229,San Isidro,-12.106174305929363,-77.0407964582371,48.0,1,1,12,True,True,False,24,3.203,2026-07-12,3400.0
LIM-02230,Lince,-12.104533084921218,-77.02961207196078,48.0,2,2,4,False,False,False,6,2.145,2026-02-28,1900.0
LIM-02231,Surco (Santiago de Surco),-12.147606635952858,-76.99634768191645,99.5,3,2,8,False,True,False,7,2.194,2026-05-25,6600.0
LIM-02232,Lince,-12.09354382202998,-77.03501091485559,40.5,1,1,11,False,True,False,17,2.655,2026-04-06,1850.0
LIM-02233,Miraflores,-12.132791923239402,-77.03305083282478,79.2,2,1,11,True,False,True,11,1.89,2026-07-02,5950.0
LIM-02234,Callao,-12.055476069828261,-77.11594607967511,103.8,2,1,2,True,False,False,33,8.679,2026-06-13,2250.0
LIM-02235,San Miguel,-12.062368141133316,-77.08510034054966,51.8,1,1,5,True,True,False,8,5.432,2026-04-11,1800.0
LIM-02236,Los Olivos,-11.950424091124361,-77.05212693418834,91.8,3,2,14,False,True,True,19,2.68,2026-05-08,2700.0
LIM-02237,Miraflores,-12.115048297977841,-77.03183015042411,50.9,2,1,12,False,True,False,20,1.982,2026-07-04,3100.0
LIM-02238,Surco (Santiago de Surco),-12.109304733414552,-76.99972365954764,147.5,4,3,5,True,False,False,4,1.183,2026-05-06,9450.0
LIM-02239,Surco (Santiago de Surco),-12.139276476678797,-77.00126953867752,101.5,2,1,5,False,False,True,12,1.598,2026-02-15,5600.0
LIM-02240,San Borja,-12.127890228504029,-76.9809625937396,73.3,2,1,6,True,False,True,4,3.687,2026-06-15,4450.0
LIM-02241,Surco (Santiago de Surco),-12.122361863185342,-76.98671610123463,63.9,1,1,10,True,True,False,9,2.954,2026-03-16,3050.0
LIM-02242,San Isidro,-12.11926313270099,-77.05948840111725,96.3,3,2,12,False,True,True,2,4.911,2026-04-01,12000.0
LIM-02243,Surco (Santiago de Surco),-12.144060036272398,-77.01831744843356,146.7,4,3,4,True,False,False,8,0.365,2026-05-24,10250.0
LIM-02244,Barranco,-12.143158653210927,-77.03136069455398,54.7,2,1,13,False,False,False,15,1.707,2026-04-02,3650.0
LIM-02245,La Molina,-12.088028577760586,-76.94243825467134,95.6,3,2,18,True,True,False,7,6.901,2026-06-28,5550.0
LIM-02246,Miraflores,-12.123391433154458,-77.02980164167062,59.0,2,1,11,True,False,False,14,1.651,2026-04-05,3650.0
LIM-02247,Barranco,-12.16356948039384,-77.01522265737788,115.2,3,2,15,False,True,False,40,0.26,2026-07-13,7500.0
LIM-02248,Jesús María,-12.0737296286732,-77.05110532130621,43.4,1,1,4,False,False,False,19,2.873,2026-05-02,1600.0
LIM-02249,La Molina,-12.074756050135147,-76.92843097474345,166.0,5,4,7,False,False,False,24,8.571,2026-08-06,12600.0
LIM-02250,Surco (Santiago de Surco),-12.134760385001568,-76.98573466345472,84.2,3,2,4,False,False,False,3,3.259,2026-03-16,3900.0
LIM-02251,San Borja,-12.118262710555692,-76.9976690807146,88.0,2,1,12,True,True,True,3,1.698,2026-03-27,8000.0
LIM-02252,San Miguel,-12.09237046152717,-77.07905592683359,69.9,2,2,6,False,False,False,8,6.44,2026-06-03,2700.0
LIM-02253,La Molina,-12.096515134995467,-76.96498687469179,118.8,4,3,2,False,False,False,4,4.526,2026-05-10,6500.0
LIM-02254,Jesús María,-12.068891994971029,-77.05002089655198,63.3,2,1,4,True,False,False,1,2.371,2026-04-03,3850.0
LIM-02255,Ate,-12.042276772851684,-76.91434985232647,129.1,4,3,4,False,False,False,8,10.323,2026-08-06,2900.0
LIM-02256,San Borja,-12.117906085207148,-76.99137556200057,127.9,4,3,3,False,False,False,15,2.281,2026-04-05,8700.0
LIM-02257,San Martín de Porres,-12.025429113063785,-77.10118199203394,65.7,2,1,2,False,False,False,7,5.522,2026-07-25,1500.0
LIM-02258,Surquillo,-12.109659846835934,-77.02062488288249,80.5,2,1,10,False,True,False,9,1.09,2026-06-20,3550.0
LIM-02259,San Isidro,-12.107972488787704,-77.03189447044379,75.8,2,1,7,False,True,True,10,2.245,2026-07-31,
LIM-02260,La Molina,-12.078531250251817,-76.93947405448323,111.8,4,2,8,False,True,False,7,7.316,2026-04-12,6900.0
LIM-02261,Pueblo Libre,-12.082673315705534,-77.04886644190256,1075.5,4,3,10,False,False,False,5,3.637,2026-05-17,4650.0
LIM-02262,Comas,-11.954854805444038,-77.05286193601111,76.6,2,2,6,True,True,False,14,2.207,2026-07-08,1800.0
LIM-02263,Magdalena del Mar,-12.093661937112884,-77.07643015259247,104.9,3,1,14,False,True,False,9,6.339,2026-04-10,5000.0
LIM-02264,Miraflores,-12.092807609239683,-77.02130031501261,86.8,3,2,15,True,True,True,6,1.2,2026-06-13,7200.0
LIM-02265,Jesús María,-12.064611640106602,-77.05141636362666,75.2,2,2,7,True,True,False,33,2.14,2026-03-01,3650.0
LIM-02266,Miraflores,-12.11946536840953,-77.02763871256684,84.4,1,1,5,False,False,True,12,1.517,2026-04-28,7450.0
LIM-02267,San Miguel,-12.07309378156343,-77.08326237179823,84.5,3,3,6,True,False,False,3,5.611,2026-04-18,3700.0
LIM-02268,San Borja,-12.129313390337828,-76.99914360951826,62.1,2,1,11,False,False,False,9,1.749,2026-05-20,3950.0
LIM-02269,Pueblo Libre,-12.087068084449031,-77.05875612384563,61.8,2,2,4,True,False,False,19,4.569,2026-03-12,2600.0
LIM-02270,Chorrillos,-12.204831146380565,-77.0065642947682,58.7,2,2,10,False,True,False,9,3.212,2026-04-21,2200.0
LIM-02271,Jesús María,-12.052841513265081,-77.04045402167114,858.0,2,2,7,False,True,False,9,0.465,2026-05-06,4150.0
LIM-02272,Jesús María,-12.055271367650132,-77.03419833772944,123.0,5,3,10,False,False,False,11,0.386,2026-03-22,7550.0
LIM-02273,San Miguel,-12.072686177685421,-77.06485862042456,93.9,2,2,9,True,True,False,5,3.847,2026-03-31,3800.0
LIM-02274,Chorrillos,-12.17307861876299,-77.00966486671972,51.8,2,2,8,False,True,False,2,1.012,2026-04-07,2300.0
LIM-02275,Chorrillos,-12.193319080029971,-77.02363551061686,75.1,3,2,4,False,False,False,24,1.829,2026-06-25,2650.0
LIM-02276,San Isidro,-12.099831599523009,-77.03055812342616,91.6,3,1,20,True,True,False,14,2.205,2026-07-01,7350.0
LIM-02277,San Borja,-12.086791297459152,-76.9929741790021,114.2,4,3,15,True,True,False,12,1.427,2026-08-09,6700.0
LIM-02278,Barranco,-12.147823008021652,-77.01403787167787,56.8,1,1,9,True,False,False,11,0.461,2026-06-16,4250.0
LIM-02279,Chorrillos,-12.181475757594542,-77.00015980503315,55.2,2,2,3,True,True,False,12,1.924,2026-05-13,2250.0
LIM-02280,Lince,-12.106196847920044,-77.0535093381078,66.8,1,1,5,True,False,False,37,4.503,2026-05-03,2550.0
LIM-02281,La Molina,-12.07023633126723,-76.92703394410404,132.0,4,3,6,False,True,False,7,8.826,2026-06-23,8450.0
LIM-02282,Miraflores,-12.121941005612332,-77.0071949975833,80.9,2,1,5,True,False,True,24,0.859,2026-02-24,5800.0
LIM-02283,Surco (Santiago de Surco),-12.156080806240354,-76.98818315204076,71.6,2,1,5,False,False,False,24,3.126,2026-03-27,3350.0
LIM-02284,Pueblo Libre,-12.084691188184859,-77.05599437902532,131.5,5,4,1,False,False,False,16,4.186,2026-08-04,5600.0
LIM-02285,Miraflores,-12.136430456208299,-77.03229973768711,72.7,2,1,12,False,True,False,24,1.826,2026-06-17,5300.0
LIM-02286,Miraflores,-12.122680922308543,-77.0293241121222,79.8,3,2,9,False,False,True,13,1.614,2026-05-22,5350.0
LIM-02287,Los Olivos,-11.966411932364645,-77.06312457409022,71.2,2,1,7,False,False,False,8,0.633,2026-06-13,1450.0
LIM-02288,San Miguel,-12.083438604771343,-77.08519737128675,111.1,4,4,5,True,False,False,15,6.348,2026-07-21,4200.0
LIM-02289,Miraflores,-12.111775440842157,-77.02075148323995,90.1,3,2,4,True,False,False,45,1.003,2026-06-16,6250.0
LIM-02290,Surco (Santiago de Surco),-12.134054373114331,-76.98747997714077,105.1,4,3,4,False,False,False,14,3.068,2026-07-10,7000.0
LIM-02291,Ate,-12.033652251376735,-76.9052193203103,63.6,2,1,4,False,True,False,16,10.811,2026-03-31,1550.0
LIM-02292,Pueblo Libre,-12.07788632893697,-77.05366021596018,106.4,3,2,6,False,False,True,3,3.411,2026-04-08,6400.0
LIM-02293,Jesús María,-12.037056092895867,-77.06129218398313,101.9,2,1,4,False,False,False,4,3.218,2026-07-13,5100.0
LIM-02294,Surco (Santiago de Surco),-12.141773864681687,-76.98501278347791,131.5,4,3,5,False,True,False,8,3.336,2026-05-04,5400.0
LIM-02295,Surco (Santiago de Surco),-12.145839959901071,-76.97269696060302,96.1,3,2,11,False,True,False,11,4.694,2026-06-30,5050.0
LIM-02296,San Isidro,-12.10951560660115,-77.03701952102347,83.0,3,2,4,True,False,True,18,2.683,2026-04-24,6850.0
LIM-02297,Pueblo Libre,-12.076131288718653,-77.04510624062422,70.8,2,2,7,False,False,False,32,2.811,2026-04-16,2300.0
LIM-02298,San Isidro,-12.11783443309039,-77.04770754359893,176.3,5,3,9,True,False,True,5,3.683,2026-07-17,18550.0
LIM-02299,San Isidro,-12.093665245874067,-77.03705715143532,71.5,3,2,15,True,True,False,11,2.876,2026-06-11,6600.0
LIM-02300,Pueblo Libre,-12.096463645234778,-77.07079389782173,51.3,1,1,17,False,True,False,20,6.177,2026-08-04,1500.0
LIM-02301,Callao,-12.054659948911313,-77.10154934497092,75.4,2,1,2,True,False,False,6,7.111,2026-03-22,1850.0
LIM-02302,San Miguel,-12.093615020929157,-77.07311428134709,65.8,1,1,8,True,False,False,34,6.092,2026-06-08,2200.0
LIM-02303,Magdalena del Mar,-12.100075520888561,-77.07689035344104,116.7,4,3,9,True,True,True,12,6.905,2026-07-12,7150.0
LIM-02304,Magdalena del Mar,-12.088245515210412,-77.06164726172806,50.5,2,2,4,True,True,False,8,4.852,2026-04-02,2950.0
LIM-02305,Magdalena del Mar,-12.067851547793483,-77.05589248046516,65.2,2,1,5,True,True,False,10,2.745,2026-06-16,2950.0
LIM-02306,Surco (Santiago de Surco),-12.147936006249374,-76.99539502629554,101.0,3,2,6,False,False,False,3,2.304,2026-07-31,5650.0
LIM-02307,San Borja,-12.110103809393117,-76.99704298065843,135.1,4,3,10,True,False,False,28,1.475,2026-05-11,10700.0
LIM-02308,La Molina,-12.095485104097307,-76.93639661556448,138.2,4,2,8,False,False,False,13,7.591,2026-06-29,7100.0
LIM-02309,Jesús María,-12.08403844387073,-77.05911045577825,134.3,4,3,13,True,True,False,31,4.311,2026-05-13,6700.0
LIM-02310,Los Olivos,-11.977479679959634,-77.07017882885742,98.3,3,3,3,False,False,False,12,0.992,2026-07-11,2900.0
LIM-02311,Comas,-11.933111202292356,-77.03628655472558,89.0,2,1,4,False,False,True,40,5.213,2026-07-06,1700.0
LIM-02312,San Isidro,-12.103056670370766,-77.042700162243,111.8,3,2,12,True,False,False,4,3.539,2026-04-28,9200.0
LIM-02313,La Molina,-12.059808247620749,-76.93495408511153,71.0,2,1,6,True,False,False,21,8.369,2026-05-05,3950.0
LIM-02314,Miraflores,-12.116108248929264,-77.02311434664635,43.4,1,1,6,False,False,True,8,1.028,2026-03-05,2950.0
LIM-02315,Surco (Santiago de Surco),-12.14712012793409,-76.99696519090443,129.8,3,2,12,True,True,False,31,2.115,2026-04-07,5900.0
LIM-02316,Surco (Santiago de Surco),-12.13940046218574,-76.9923401388851,101.6,3,2,8,True,False,False,9,2.556,2026-05-11,5150.0
LIM-02317,Miraflores,-12.13072216388048,-77.00836856090552,102.1,3,1,4,False,False,False,3,0.872,2026-04-17,7900.0
LIM-02318,San Miguel,-12.067799176164641,-77.08615683424105,59.4,2,2,4,True,False,False,5,5.696,2026-04-04,2500.0
LIM-02319,San Borja,-12.127965355878782,-76.99008217652086,135.8,3,2,5,False,False,True,5,2.699,2026-04-19,8600.0
LIM-02320,San Martín de Porres,-12.01499141656523,-77.06138965244499,111.5,3,2,11,True,True,False,6,1.959,2026-06-04,3300.0
LIM-02321,San Isidro,-12.104298553424991,-77.04017292524398,84.2,2,1,9,True,False,False,4,3.231,2026-03-25,7350.0
LIM-02322,San Isidro,-12.089004638482342,-77.04926297891805,90.8,3,2,19,False,True,True,23,4.07,2026-02-14,8800.0
LIM-02323,La Molina,-12.072003276702127,-76.92397983130091,122.9,4,3,9,True,False,False,13,9.106,2026-06-19,8750.0
LIM-02324,San Isidro,-12.080633493710726,-77.03506173860858,891.3,2,1,12,False,False,False,7,2.353,2026-06-03,4200.0
LIM-02325,Barranco,-12.14304238176063,-77.01067678979821,61.9,1,1,6,True,False,True,11,0.558,2026-06-23,4900.0
LIM-02326,Comas,-11.943994674436295,-77.07114795022743,105.6,3,2,3,False,False,False,29,3.251,2026-08-06,2350.0
LIM-02327,Barranco,-12.139864490252233,-77.01673768433704,61.1,1,1,4,False,False,True,15,0.263,2026-06-06,5600.0
LIM-02328,Miraflores,-12.13483400740918,-77.04256319341833,46.9,2,2,15,True,True,False,8,2.922,2026-03-09,3250.0
LIM-02329,Jesús María,-12.095735886664196,-77.04823512192327,87.9,2,1,11,False,False,False,7,4.081,2026-04-26,4050.0
LIM-02330,San Borja,-12.103060349067762,-77.00637507822213,117.6,3,2,10,False,False,False,30,0.87,2026-02-26,7050.0
LIM-02331,Jesús María,-12.085668141005787,-77.05953185201896,112.6,4,3,7,True,True,False,7,4.486,2026-05-08,5750.0
LIM-02332,La Molina,-12.087583680785986,-76.9488374720324,130.4,4,3,7,False,False,False,2,6.206,2026-05-10,6950.0
LIM-02333,Surquillo,-12.113264475809526,-77.04502068771562,84.5,2,1,13,True,True,True,21,3.43,2026-05-03,3450.0
LIM-02334,Miraflores,-12.11812256528986,-77.04331882925332,102.9,3,2,16,True,True,False,4,3.21,2026-08-04,8900.0
LIM-02335,La Molina,-12.0755465015377,-76.93581103012488,112.8,2,1,8,True,False,True,21,7.766,2026-03-20,6150.0
LIM-02336,Pueblo Libre,-12.0636150977405,-77.05892800332543,38.1,1,1,5,False,False,True,6,2.768,2026-06-17,1850.0
LIM-02337,Chorrillos,-12.172359999193988,-77.03099024336356,118.8,2,1,4,False,False,False,5,1.595,2026-07-20,3700.0
LIM-02338,Surco (Santiago de Surco),-12.140304183365632,-76.98842551716642,71.4,2,2,15,False,True,False,2,2.971,2026-05-12,4600.0
LIM-02339,Jesús María,-12.072306854935885,-77.05953855686583,55.7,1,1,4,False,False,False,14,3.368,2026-03-13,2500.0
LIM-02340,San Isidro,-12.1043545250001,-77.02803643355503,59.7,2,1,10,True,False,False,19,1.987,2026-07-06,3600.0
LIM-02341,Miraflores,-12.123457147064075,-77.03078766888154,166.1,5,4,12,True,True,False,12,1.756,2026-07-10,16000.0
LIM-02342,San Isidro,-12.065781918917036,-77.0406014778047,97.9,3,2,15,False,True,False,9,1.563,2026-05-07,6550.0
LIM-02343,Pueblo Libre,-12.071413723589398,-77.06419276348474,53.7,2,2,7,True,False,False,7,3.706,2026-02-26,2300.0
LIM-02344,Surco (Santiago de Surco),-12.129597059795548,-76.96428565852001,76.3,2,1,7,False,False,False,8,5.5,2026-05-09,3650.0
LIM-02345,Pueblo Libre,-12.082065767788364,-77.07220561823428,75.0,2,2,6,True,True,False,12,5.12,2026-07-14,3250.0
LIM-02346,San Isidro,-12.084959119002843,-77.0339812960048,101.1,2,1,10,False,True,True,10,2.351,2026-08-04,9850.0
LIM-02347,Chorrillos,-12.165576730928038,-77.0087235754861,89.7,3,2,3,False,False,False,8,0.984,2026-04-09,4200.0
LIM-02348,Chorrillos,-12.165491769344138,-77.02964895418907,60.9,1,1,8,False,False,False,8,1.429,2026-07-21,1550.0
LIM-02349,Miraflores,-12.118521305038959,-77.04853109404887,83.0,2,1,8,True,False,False,25,3.753,2026-04-01,5100.0
LIM-02350,San Isidro,-12.0847897188508,-77.04391317771554,69.9,2,2,6,False,False,False,3,3.384,2026-05-29,5850.0
LIM-02351,San Isidro,-12.081939777640384,-77.02758644158669,118.8,3,2,7,True,False,False,45,1.586,2026-03-04,8800.0
LIM-02352,Chorrillos,-12.171302812967808,-77.02220404142075,83.5,2,2,6,True,False,True,39,0.903,2026-03-18,2450.0
LIM-02353,Barranco,-12.150775348308004,-77.02417327117634,54.9,1,1,12,True,True,False,5,0.835,2026-06-29,4800.0
LIM-02354,San Borja,-12.097565148118623,-76.98767076418449,112.2,4,3,9,False,False,False,28,2.199,2026-05-05,6150.0
LIM-02355,La Molina,-12.097649503678717,-76.95487611695394,124.4,4,2,7,True,False,False,10,5.63,2026-07-16,7850.0
LIM-02356,Surquillo,-12.123315523367383,-77.01856506373375,55.8,2,1,6,False,False,False,2,0.488,2026-04-12,2500.0
LIM-02357,Magdalena del Mar,-12.096139604114619,-77.0938660924958,98.5,3,2,4,True,False,False,16,7.935,2026-08-01,4550.0
LIM-02358,San Borja,-12.129196284821258,-76.99475137127129,110.1,3,2,13,True,True,False,8,2.214,2026-07-12,6100.0
LIM-02359,Comas,-11.933068856717238,-77.05924591510518,139.6,3,2,2,False,False,False,26,4.358,2026-04-15,2800.0
LIM-02360,Miraflores,-12.13265496664959,-77.019853564422,94.1,2,1,11,True,True,False,41,0.472,2026-06-14,5600.0
LIM-02361,Surquillo,-12.12035789225802,-77.03124307358006,60.7,3,2,9,True,True,True,4,1.884,2026-06-18,3700.0
LIM-02362,San Isidro,-12.099759355148159,-77.03900265096927,49.5,1,1,12,False,True,False,6,3.109,2026-02-24,4650.0
LIM-02363,Magdalena del Mar,-12.095028558141152,-77.0910416443255,82.8,2,2,9,False,True,False,10,7.618,2026-05-21,4300.0
LIM-02364,Los Olivos,-11.973023839317076,-77.07445328023387,98.2,4,2,3,False,False,False,14,1.261,2026-03-30,2750.0
LIM-02365,Lince,-12.085908452566764,-77.0155185430947,69.1,2,1,8,True,True,False,5,0.915,2026-06-18,4100.0
LIM-02366,Lince,-12.085815531588686,-77.03714903307169,25.9,1,1,10,False,True,False,17,2.708,2026-03-02,1300.0
LIM-02367,Barranco,-12.154764371491526,-77.03779103789094,87.0,3,2,12,False,False,False,4,2.348,2026-03-08,6200.0
LIM-02368,La Molina,-12.096078333491665,-76.9533585511797,82.2,2,1,11,True,False,False,4,5.767,2026-04-21,5550.0
LIM-02369,Surco (Santiago de Surco),-12.122022312907733,-77.014331422001,118.3,4,3,6,False,True,False,22,0.412,2026-05-17,7750.0
LIM-02370,San Borja,-12.1335528684272,-77.01414927454569,155.1,5,3,13,True,True,False,10,0.173,2026-07-02,
LIM-02371,Magdalena del Mar,-12.097968581908113,-77.06764815663006,71.9,2,1,7,False,True,False,10,6.113,2026-06-10,4000.0
LIM-02372,Surco (Santiago de Surco),-12.14062679366261,-77.01235539884836,109.3,3,2,6,False,False,False,20,0.394,2026-03-23,3850.0
LIM-02373,Surco (Santiago de Surco),-12.129974502159282,-76.99125205691574,96.0,4,3,15,False,True,False,1,2.604,2026-06-07,5900.0
LIM-02374,Barranco,-12.166851513558228,-77.0210910878894,82.8,2,1,3,False,False,True,9,0.699,2026-05-08,5900.0
LIM-02375,Surco (Santiago de Surco),-12.140997424094923,-77.00137833898913,98.2,3,2,7,True,False,False,12,1.561,2026-05-27,6050.0
LIM-02376,Miraflores,-12.122328316807877,-77.0266718002393,63.6,2,1,7,True,False,True,4,1.344,2026-06-05,4550.0
LIM-02377,Chorrillos,-12.161859116675554,-77.02935193811217,61.4,3,2,8,False,False,False,11,1.343,2026-03-16,1850.0
LIM-02378,Jesús María,-12.069613780398456,-77.03890986719009,133.1,3,2,4,False,False,True,24,1.937,2026-03-23,8100.0
LIM-02379,Miraflores,-12.135301858530427,-77.03778008358286,86.3,2,2,5,False,False,False,17,2.405,2026-07-22,6400.0
LIM-02380,Pueblo Libre,-12.079449720624648,-77.06773640266329,97.8,4,3,5,True,False,True,1,4.561,2026-04-28,5750.0
LIM-02381,Chorrillos,-12.16406738376807,-77.02416421206478,93.2,3,3,4,False,True,False,10,0.812,2026-04-30,3350.0
LIM-02382,Barranco,-12.163809298391076,-77.0131263172271,95.7,3,2,7,False,True,False,25,0.467,2026-05-31,5250.0
LIM-02383,Miraflores,-12.122043731220469,-77.02286667303788,56.3,1,1,5,False,False,True,19,0.967,2026-04-25,3800.0
LIM-02384,San Isidro,-12.097309445430316,-77.06816041399108,87.3,3,2,10,False,True,False,9,6.084,2026-06-08,6500.0
LIM-02385,San Isidro,-12.101829396719051,-77.03364908476466,99.9,3,2,5,False,True,True,21,2.584,2026-07-10,9350.0
LIM-02386,San Miguel,-12.045050978606413,-77.1137351139819,118.0,3,2,5,False,True,True,23,7.946,2026-07-05,5200.0
LIM-02387,Comas,-11.94795277751337,-77.06609586054627,223.5,5,4,4,True,False,False,7,2.707,2026-06-27,5450.0
LIM-02388,San Isidro,-12.091802818087587,-77.03799808826096,96.8,2,2,19,False,True,False,20,3.001,2026-06-23,8050.0
LIM-02389,San Miguel,-12.086595613442633,-77.09702469875438,63.1,1,1,7,True,True,False,7,7.629,2026-06-19,1850.0
LIM-02390,San Isidro,-12.090867024096008,-77.0306901693348,58.0,1,1,5,False,False,False,6,2.242,2026-06-04,3000.0
LIM-02391,Jesús María,-12.063150548837777,-77.04035908120706,59.9,3,2,8,False,True,False,14,1.278,2026-03-15,3200.0
LIM-02392,San Miguel,-12.084455568440953,-77.10208158951383,60.9,1,1,13,False,False,True,5,8.002,2026-03-11,3400.0
LIM-02393,Surco (Santiago de Surco),-12.135656421782622,-77.00471756402997,37.5,1,1,5,False,False,False,9,1.21,2026-05-26,1250.0
LIM-02394,San Isidro,-12.10794335723869,-77.03713163464383,68.5,1,1,10,True,False,True,6,2.759,2026-03-25,6050.0
LIM-02395,Jesús María,-12.0873328457446,-77.0675247849668,100.6,4,3,6,False,False,False,10,5.166,2026-06-12,6200.0
LIM-02396,Comas,-11.930558454809997,-77.06772373570224,97.3,2,2,4,False,False,False,33,4.649,2026-06-18,1550.0
LIM-02397,Barranco,-12.156048011350604,-77.00522306599935,64.4,1,1,2,True,False,False,44,1.339,2026-04-09,4150.0
LIM-02398,Miraflores,-12.150063347942098,-77.04747560678253,44.6,1,1,9,False,True,False,5,3.37,2026-02-13,3100.0
LIM-02399,Miraflores,-12.099915726122077,-77.03348140831176,105.0,3,2,9,True,False,True,37,2.519,2026-03-05,9250.0
LIM-02400,San Borja,-12.117925143876752,-77.00570760975516,106.0,3,2,6,True,False,False,7,0.88,2026-03-16,8350.0
LIM-02401,Jesús María,-12.076556476524978,-77.02493678542335,79.7,2,1,6,True,False,False,21,1.242,2026-04-23,3800.0
LIM-02402,Surquillo,-12.095009121934067,-77.02395433448004,32.1,2,1,6,False,False,False,6,1.444,2026-03-19,1100.0
LIM-02403,San Miguel,-12.079100905130252,-77.0985577306243,66.7,2,1,6,True,True,False,14,7.402,2026-04-25,2400.0
LIM-02404,Los Olivos,-11.970860039226421,-77.08386917913361,101.1,2,1,6,False,True,False,18,2.285,2026-06-17,2600.0
LIM-02405,Surquillo,-12.129438076534605,-77.01738813835719,64.4,1,1,11,False,True,True,22,0.502,2026-05-12,
LIM-02406,Barranco,-12.16901800439553,-77.01815799533972,74.4,2,1,11,False,False,True,38,0.79,2026-06-08,5100.0
LIM-02407,San Borja,-12.110296635175153,-77.00922983817144,112.1,3,1,9,False,False,True,8,0.163,2026-05-31,6000.0
LIM-02408,Surco (Santiago de Surco),-12.130646282711101,-76.98313532639133,99.8,3,2,6,False,False,False,19,3.486,2026-03-16,5800.0
LIM-02409,Surco (Santiago de Surco),-12.131333695101471,-76.99174723698854,117.0,3,2,19,True,True,True,14,2.583,2026-06-10,6300.0
LIM-02410,Callao,-12.06237513296563,-77.10787720877481,64.9,2,1,2,False,True,False,34,7.873,2026-07-15,1400.0
LIM-02411,Lince,-12.084856906407838,-77.03723762633408,46.0,1,1,8,False,False,False,25,2.684,2026-07-07,1600.0
LIM-02412,Ate,-12.068446519943937,-76.9130817880293,107.2,2,1,7,False,True,False,23,10.348,2026-04-14,3100.0
LIM-02413,La Molina,-12.081277995751654,-76.94775715793848,136.8,4,3,8,True,True,False,2,6.38,2026-06-04,9600.0
LIM-02414,San Borja,-12.106363129862759,-76.9811078214061,106.3,4,2,6,False,True,False,43,3.228,2026-05-19,6400.0
LIM-02415,Magdalena del Mar,-12.071816069269806,-77.07430483035155,81.4,3,3,9,True,True,False,3,4.672,2026-05-13,4400.0
LIM-02416,Miraflores,-12.121010244242852,-77.02929495262022,67.6,1,1,6,False,False,False,4,1.66,2026-03-04,5300.0
LIM-02417,Barranco,-12.160712032225753,-77.02689890398825,74.9,1,1,12,True,True,True,8,1.085,2026-05-22,6700.0
LIM-02418,San Borja,-12.108908677609065,-77.00479156356566,101.6,4,3,5,True,True,True,12,0.638,2026-03-30,8200.0
LIM-02419,San Isidro,-12.10113359760019,-77.03384733510211,97.8,3,2,18,False,True,True,19,2.586,2026-03-09,8500.0
LIM-02420,Callao,-12.051383505574755,-77.10826495048752,195.8,5,3,6,True,False,False,19,7.837,2026-04-20,5950.0
LIM-02421,Miraflores,-12.120777295259298,-77.03761469717492,55.9,2,1,10,False,True,False,12,2.54,2026-03-12,4050.0
LIM-02422,Miraflores,-12.136219360412632,-77.02788104867388,210.6,5,3,9,True,False,True,21,1.349,2026-03-04,20650.0
LIM-02423,San Miguel,-12.09702891945833,-77.09058996610777,52.2,2,1,6,False,False,False,45,7.72,2026-07-27,1500.0
LIM-02424,Miraflores,-12.117945101568404,-77.02509963780349,84.9,1,1,6,False,False,True,34,1.229,2026-03-06,3800.0
LIM-02425,Los Olivos,-11.95230262550717,-77.09198995682233,60.0,2,1,5,True,False,True,8,3.855,2026-06-17,
LIM-02426,Pueblo Libre,-12.07264782539138,-77.07419679239653,82.7,3,2,5,True,False,True,9,4.705,2026-02-21,3850.0
LIM-02427,San Isidro,-12.087440431752958,-77.05309013424146,116.4,3,2,9,False,True,False,6,4.307,2026-06-24,10100.0
LIM-02428,Pueblo Libre,-12.061446290149558,-77.06270538688018,75.8,3,2,17,False,True,False,18,3.053,2026-07-17,3100.0
LIM-02429,Jesús María,-12.070398497850464,-77.05981168043868,109.2,2,1,5,True,False,False,5,3.255,2026-02-23,4900.0
LIM-02430,San Miguel,-12.087173897854338,-77.09875489342112,68.1,2,2,5,True,True,True,6,7.824,2026-05-12,2700.0
LIM-02431,Surquillo,-12.112356302979453,-77.03183136628692,33.7,2,1,10,True,True,False,12,2.048,2026-05-12,1300.0
LIM-02432,Pueblo Libre,-12.059115125348795,-77.06793883844603,91.7,2,2,4,True,True,True,13,3.531,2026-04-05,4950.0
LIM-02433,Jesús María,-12.067241313404802,-77.06248924321463,80.8,2,2,13,False,True,False,15,3.301,2026-03-09,4450.0
LIM-02434,Surco (Santiago de Surco),-12.126021055886056,-76.98590509869561,81.5,3,3,6,False,False,True,2,3.141,2026-05-17,4600.0
LIM-02435,Pueblo Libre,-12.079150554900302,-77.05734926436246,65.8,2,2,4,False,False,True,6,3.76,2026-02-12,3100.0
LIM-02436,Callao,-12.059028245116945,-77.1162972486223,96.8,3,2,2,False,False,False,13,8.741,2026-03-29,2400.0
LIM-02437,Jesús María,-12.075024727730804,-77.05262330315617,61.6,1,1,12,True,True,False,28,3.085,2026-04-26,2350.0
LIM-02438,Lince,-12.085716056030442,-77.05775224119563,76.7,2,1,5,False,False,False,9,4.384,2026-05-25,3550.0
LIM-02439,Magdalena del Mar,-12.081484500207852,-77.08119847950593,114.1,3,2,6,True,False,False,36,5.865,2026-02-27,5350.0
LIM-02440,San Miguel,-12.105566084740058,-77.10193747852425,150.8,4,3,5,False,False,False,25,9.276,2026-07-19,8050.0
LIM-02441,Comas,-11.942633540345017,-77.05903270939281,148.9,5,4,3,True,False,False,2,3.303,2026-02-24,3550.0
LIM-02442,Miraflores,-12.122053956508339,-77.02196351397434,79.0,2,2,12,False,False,True,23,0.878,2026-05-08,5950.0
LIM-02443,Miraflores,-12.13755801369733,-77.02550440805008,81.4,2,2,14,False,True,False,6,1.141,2026-07-02,6400.0
LIM-02444,San Borja,-12.10023879340095,-76.98344354029048,79.2,2,1,20,False,True,True,16,2.743,2026-07-31,4150.0
LIM-02445,Magdalena del Mar,-12.10419400230334,-77.08251977081262,67.2,1,1,13,True,False,False,6,7.621,2026-05-03,3950.0
LIM-02446,Jesús María,-12.077884391792239,-77.05631731057585,105.7,3,2,7,False,False,False,4,3.58,2026-03-13,4750.0
LIM-02447,San Isidro,-12.075014617106952,-77.02424546125316,77.0,2,1,15,True,True,True,4,1.201,2026-04-29,7050.0
LIM-02448,La Molina,-12.074680316205532,-76.94320540326554,123.7,4,3,16,True,False,False,15,7.0,2026-08-01,
LIM-02449,Jesús María,-12.066706156730259,-77.05196398488651,58.8,2,1,11,False,True,False,18,2.339,2026-04-29,2250.0
LIM-02450,Jesús María,-12.069030676784267,-77.02684174626127,124.0,4,2,7,False,False,False,3,1.177,2026-02-24,6350.0
LIM-02451,Lince,-12.087076160269344,-77.0263672334314,61.3,1,1,8,False,False,False,5,1.723,2026-07-02,2350.0
LIM-02452,Pueblo Libre,-12.049607472815559,-77.06538653008721,106.2,3,2,12,True,True,False,6,3.189,2026-07-03,4900.0
LIM-02453,Lince,-12.075473988422718,-77.04153133776377,54.3,2,1,2,False,True,False,3,2.628,2026-03-15,2400.0
LIM-02454,Surquillo,-12.123694598967582,-77.001581847941,51.0,1,1,5,False,True,True,9,1.454,2026-04-15,2450.0
LIM-02455,Jesús María,-12.090401227338612,-77.04651603574933,122.4,3,3,2,True,False,True,41,3.839,2026-06-16,6150.0
LIM-02456,San Borja,-12.10149794397613,-76.99830579696554,73.7,1,1,4,False,True,False,14,1.489,2026-03-12,3800.0
LIM-02457,Jesús María,-12.074270429558542,-77.04088468287054,48.4,1,1,2,False,False,False,10,2.484,2026-04-27,2150.0
LIM-02458,Miraflores,-12.138247258003354,-77.01883894571775,53.8,3,2,9,False,False,True,19,0.539,2026-03-01,3850.0
LIM-02459,Surco (Santiago de Surco),-12.129856966011461,-76.98840156018612,125.0,3,2,15,True,True,False,23,2.907,2026-03-01,7500.0
LIM-02460,San Borja,-12.111528325923738,-76.98799229309242,114.8,4,3,14,True,True,False,6,2.466,2026-05-18,11950.0
LIM-02461,Los Olivos,-11.96253202089367,-77.06608350769316,68.9,2,1,3,False,False,False,6,1.119,2026-08-02,2000.0
LIM-02462,Lince,-12.07979911742503,-77.02664131299883,55.6,1,1,8,False,False,True,8,1.434,2026-07-27,2950.0
LIM-02463,Miraflores,-12.128399168258527,-77.03817965425812,93.0,3,2,6,True,False,True,3,2.519,2026-05-29,7150.0
LIM-02464,Jesús María,-12.066005862826911,-77.0272757534206,121.9,5,4,7,False,False,False,5,0.867,2026-04-25,6550.0
LIM-02465,Barranco,-12.15537486099162,-77.0362041199079,68.5,2,1,16,False,True,False,19,2.192,2026-03-02,4350.0
LIM-02466,Pueblo Libre,-12.078794582478173,-77.05938746862604,89.6,3,1,3,True,False,False,5,3.869,2026-05-06,4150.0
LIM-02467,Surquillo,-12.121087256879456,-77.03354120469814,86.0,2,1,7,False,False,False,5,2.101,2026-03-18,3000.0
LIM-02468,Jesús María,-12.060028306866325,-77.05017754486603,159.3,4,3,10,False,True,True,31,1.741,2026-07-13,7450.0
LIM-02469,Jesús María,-12.076966868656653,-77.05585552365443,55.3,2,1,5,True,False,False,44,3.468,2026-04-01,2200.0
LIM-02470,Surco (Santiago de Surco),-12.118530681833228,-76.99337092954387,76.7,3,2,8,True,True,True,10,2.115,2026-06-25,4750.0
LIM-02471,Magdalena del Mar,-12.074098181557757,-77.07159890782371,66.3,3,2,4,False,False,True,17,4.543,2026-03-18,2950.0
LIM-02472,Chorrillos,-12.183564629642254,-77.02957600443594,106.9,3,2,6,True,False,False,14,1.451,2026-03-10,4650.0
LIM-02473,Pueblo Libre,-12.108651943776364,-77.06345297345942,69.2,2,2,7,False,True,False,9,5.491,2026-04-17,3400.0
LIM-02474,San Borja,-12.095765885480745,-76.98187590933053,99.5,3,2,4,True,False,False,23,2.718,2026-05-06,4700.0
LIM-02475,Surco (Santiago de Surco),-12.13910366276832,-77.01074718117002,98.8,3,3,3,True,False,False,4,0.627,2026-07-15,8100.0
LIM-02476,San Isidro,-12.107594236957585,-77.04694864522995,85.0,4,3,5,False,False,False,10,3.775,2026-05-31,7750.0
LIM-02477,Miraflores,-12.128164617273836,-77.019070944225,77.6,3,2,12,False,True,False,11,0.539,2026-05-21,5650.0
LIM-02478,Miraflores,-12.126077765856392,-77.02846934224104,104.3,3,2,11,False,True,False,3,1.487,2026-03-23,8000.0
LIM-02479,La Molina,-12.071233682911675,-76.94338614084211,80.6,3,2,8,True,False,False,11,7.079,2026-03-29,4450.0
LIM-02480,Callao,-12.05468106512819,-77.1058323718157,81.1,3,2,4,True,False,False,5,7.576,2026-04-18,2050.0
LIM-02481,San Borja,-12.092896816438703,-77.00812882442158,61.0,3,2,12,False,True,True,14,0.427,2026-06-23,3400.0
LIM-02482,Barranco,-12.143469358568659,-77.02763202276117,75.3,1,1,7,True,False,False,15,1.307,2026-06-24,4450.0
LIM-02483,Miraflores,-12.124810768687405,-77.0371117023976,70.5,2,1,7,True,False,True,19,2.428,2026-04-02,6350.0
LIM-02484,Surco (Santiago de Surco),-12.139684286438511,-76.99917843656803,133.8,3,2,4,True,False,True,12,1.814,2026-04-20,6450.0
LIM-02485,Surquillo,-12.107960694991004,-77.00142573498063,64.9,2,1,6,False,False,True,14,1.016,2026-02-27,2650.0
LIM-02486,La Molina,-12.076954892448008,-76.96561296114629,95.4,3,2,8,False,False,False,19,4.581,2026-06-06,4450.0
LIM-02487,San Miguel,-12.06543848777159,-77.10713062573092,72.1,2,2,6,False,False,False,45,7.848,2026-03-24,
LIM-02488,Surquillo,-12.117838462136508,-77.03388819680751,112.8,2,1,8,False,True,False,3,2.184,2026-03-22,4350.0
LIM-02489,Miraflores,-12.118997529723147,-77.01257967259177,45.4,1,1,8,False,True,True,36,0.196,2026-06-04,3850.0
LIM-02490,Jesús María,-12.066591515088938,-77.0563727992164,65.4,2,2,20,False,False,False,2,2.702,2026-04-29,2650.0
LIM-02491,Callao,-12.061207580311242,-77.12202008375301,86.0,2,1,4,False,False,False,6,9.384,2026-03-13,2100.0
LIM-02492,La Molina,-12.100419280405633,-76.96457561013506,89.7,2,1,6,False,False,False,17,4.669,2026-08-07,4500.0
LIM-02493,San Isidro,-12.106875252800426,-77.03984863243399,99.5,2,1,9,False,True,True,6,3.077,2026-06-07,7950.0
LIM-02494,San Martín de Porres,-12.001792425310576,-77.0702017393499,88.4,2,1,5,False,True,False,11,1.288,2026-06-20,2550.0
LIM-02495,Los Olivos,-11.960953514329356,-77.06846451542073,95.5,2,1,14,False,True,True,18,1.379,2026-04-11,3600.0
LIM-02496,San Borja,-12.093192270053134,-76.99989436861559,93.5,3,2,6,False,False,False,3,0.802,2026-04-03,5400.0
LIM-02497,San Borja,-12.124572566504815,-77.01737862630542,87.1,2,2,11,True,True,True,24,0.307,2026-04-08,7500.0
LIM-02498,Barranco,-12.15656814016716,-77.0253354250477,46.3,1,1,10,False,False,False,7,1.089,2026-06-13,2600.0
LIM-02499,Surquillo,-12.118994349964758,-77.0157370228329,68.8,2,1,12,True,False,False,27,0.255,2026-02-17,2150.0
LIM-02500,San Borja,-12.09876339561232,-77.01050189828439,51.2,2,1,5,True,True,False,13,0.33,2026-07-02,4250.0
LIM-02501,San Isidro,-12.103537326424663,-77.02884130610425,68.6,3,2,13,True,True,False,9,2.098,2026-05-06,6200.0
LIM-02502,Lince,-12.09025678801937,-77.02267917744025,79.5,3,2,11,True,True,False,3,1.441,2026-03-19,4350.0
LIM-02503,Callao,-12.073543910925801,-77.12444378450385,124.4,3,2,6,False,False,False,6,9.879,2026-04-06,3150.0
LIM-02504,Surquillo,-12.10889911220832,-77.00879001367474,137.9,5,3,9,True,False,False,13,0.216,2026-02-15,5800.0
LIM-02505,Surco (Santiago de Surco),-12.136936788895158,-76.99631687516981,82.8,2,1,6,False,False,False,18,2.134,2026-04-08,3750.0
LIM-02506,San Isidro,-12.105048540419755,-77.02293434422106,64.4,2,1,12,False,False,False,7,1.437,2026-08-01,6750.0
LIM-02507,Callao,-12.059714158693785,-77.09369019207931,100.5,3,2,9,False,False,False,22,6.304,2026-06-17,2400.0
LIM-02508,Callao,-12.043076053976824,-77.1312239857832,154.6,5,3,2,False,False,False,21,9.33,2026-07-22,4600.0
LIM-02509,San Borja,-12.120358642899838,-76.98936618715743,147.0,5,4,7,False,True,False,16,2.595,2026-05-20,12450.0
LIM-02510,Lince ,-12.095199915573243,-77.01764042520604,48.8,2,1,4,False,True,False,4,0.758,2026-07-12,2250.0
LIM-02511,Magdalena del Mar,-12.080472970630412,-77.08734816408422,74.6,2,1,4,True,False,True,6,6.378,2026-06-15,4200.0
LIM-02512,La Molina,-12.085890702063773,-76.95210144801862,144.4,4,2,9,False,True,False,28,5.86,2026-07-22,6650.0
LIM-02513,Miraflores,-12.113062950839458,-77.03643652517874,100.7,3,2,11,True,False,False,6,2.514,2026-05-11,7450.0
LIM-02514,Miraflores,-12.116278977079933,-77.03099337486243,90.6,2,1,8,True,False,True,14,1.876,2026-07-16,6900.0
LIM-02515,Barranco,-12.149824014627526,-77.02567638607465,60.6,2,2,9,True,False,False,7,1.009,2026-06-11,3150.0
LIM-02516,Chorrillos,-12.178879589429782,-77.02047941505667,98.8,4,3,5,False,False,False,14,0.338,2026-08-08,3500.0
LIM-02517,Miraflores,-12.111121303730194,-77.01934414006065,101.0,3,2,4,True,False,False,8,0.948,2026-02-21,7300.0
LIM-02518,Barranco,-12.135451961186266,-77.04414974066263,51.9,3,2,5,False,False,True,15,3.098,2026-06-25,3550.0
LIM-02519,San Borja,-12.095289739835806,-77.0102867210597,137.8,3,2,11,True,False,False,18,0.072,2026-08-07,13050.0
LIM-02520,Barranco,-12.163625659603772,-77.01336086308548,96.2,3,2,5,False,True,False,4,0.435,2026-06-17,7400.0
LIM-02521,Miraflores,-12.105441067785868,-77.02276668621654,59.1,2,1,8,False,True,False,2,1.405,2026-06-30,4650.0
LIM-02522,Jesús María,-12.077895223050373,-77.0617025063284,107.6,3,2,8,False,True,False,38,3.966,2026-05-19,4250.0
LIM-02523,Surco (Santiago de Surco),-12.144060354450538,-76.98828357659636,123.2,3,2,8,False,False,False,7,2.989,2026-06-16,6900.0
LIM-02524,Jesús María,-12.075631932361222,-77.03307759651817,105.0,3,2,5,False,False,True,4,2.101,2026-06-27,5650.0
LIM-02525,San Martín de Porres,-11.988926458777016,-77.08118831817359,149.0,5,4,4,True,False,False,19,2.575,2026-07-08,3850.0
LIM-02526,Miraflores,-12.114614429791663,-77.04149553226476,74.7,1,1,8,False,False,True,10,3.03,2026-06-19,6100.0
LIM-02527,San Martín de Porres,-12.001964636942253,-77.07010054892423,100.1,3,1,4,False,True,False,10,1.285,2026-03-12,2300.0
LIM-02528,San Martín de Porres,-11.988848009597465,-77.05992345482835,38.7,2,2,10,True,False,False,3,0.965,2026-07-31,1150.0
LIM-02529,Surquillo,-12.113021673030886,-77.02813368364127,92.9,3,2,7,False,True,False,14,1.643,2026-05-07,3600.0
LIM-02530,Jesús María,-12.080475657586474,-77.0485289751126,110.9,2,2,6,True,True,False,6,3.398,2026-02-26,5650.0
LIM-02531,Jesús María,-12.082096423395503,-77.03591813238137,123.5,3,2,7,False,False,False,6,2.471,2026-05-02,7300.0
LIM-02532,Lince,-12.080177181866942,-77.03191569542044,50.4,2,1,2,False,False,False,3,2.008,2026-07-20,2450.0
LIM-02533,Pueblo Libre,-12.074590212829788,-77.0840675559961,102.0,2,2,20,False,True,False,19,5.76,2026-07-26,3350.0
LIM-02534,San Isidro,-12.113706061840965,-77.03137898737457,117.8,4,3,17,True,True,True,9,1.962,2026-07-01,10750.0
LIM-02535,Callao,-12.046434062083165,-77.12984570363588,69.0,2,1,3,True,True,False,7,9.415,2026-07-25,2100.0
LIM-02536,Jesús María,-12.079363300343493,-77.06424867118794,112.2,3,2,2,False,False,True,13,4.277,2026-06-24,6750.0
LIM-02537,San Miguel,-12.058294564224136,-77.11353297589183,90.5,3,2,5,True,False,True,17,8.435,2026-03-16,4000.0
LIM-02538,La Molina,-12.103635879821857,-76.93091511248201,63.9,2,1,12,True,True,True,20,8.314,2026-03-11,3150.0
LIM-02539,San Isidro,-12.09936850315668,-77.04671653582821,102.5,3,3,15,True,True,True,12,3.936,2026-04-02,10900.0
LIM-02540,San Borja,-12.11669973221327,-76.99459996583703,70.4,1,1,8,True,False,False,14,1.906,2026-05-18,3950.0
LIM-02541,San Borja,-12.120005070244527,-76.99165254683304,52.6,1,1,18,True,True,False,11,2.357,2026-08-03,4200.0
LIM-02542,Magdalena del Mar,-12.1013414886011,-77.07375817212221,87.7,3,2,6,False,False,False,5,6.768,2026-06-10,3750.0
LIM-02543,Surco (Santiago de Surco),-12.113753188691556,-76.99144115064031,93.0,3,2,6,False,False,False,24,2.131,2026-03-14,3700.0
LIM-02544,Barranco,-12.147679557959046,-77.01682742295121,109.7,3,2,10,True,False,False,10,0.393,2026-06-15,7650.0
LIM-02545,San Borja,-12.117800496465568,-76.99694282776025,95.4,3,2,6,False,False,False,36,1.737,2026-05-27,4200.0
LIM-02546,La Molina,-12.10874354092405,-76.95432191417179,141.1,3,2,6,False,False,False,19,6.022,2026-05-10,7250.0
LIM-02547,Ate,-12.067056350556172,-76.92619204594581,108.3,3,2,6,True,False,False,4,9.004,2026-04-16,2950.0
LIM-02548,Miraflores,-12.127537557729426,-77.03065977853011,104.0,4,3,7,True,False,False,25,1.736,2026-07-23,8900.0
LIM-02549,Surco (Santiago de Surco),-12.142604255809664,-76.9965139685766,71.5,2,1,9,False,True,False,13,2.087,2026-05-12,5050.0
LIM-02550,Surco (Santiago de Surco),-12.137688608474814,-76.98984816321088,101.2,3,2,11,True,True,False,8,2.842,2026-02-26,5600.0
LIM-02551,San Borja,-12.13556620560523,-76.98538019919401,86.0,2,2,7,False,False,True,4,3.301,2026-07-24,4800.0
LIM-02552,San Borja,-12.109400179140557,-76.99447313567316,110.9,4,2,7,True,True,False,11,1.754,2026-05-31,6800.0
LIM-02553,Lince,-12.072767242698236,-77.04303060462941,73.8,2,2,7,True,False,False,8,2.383,2026-07-10,3250.0
LIM-02554,Callao,-12.03712590503163,-77.14427386977677,69.8,2,1,3,False,False,False,20,10.248,2026-06-08,1800.0
LIM-02555,Surco (Santiago de Surco),-12.157733353775006,-77.00422724647056,85.3,3,2,6,False,False,False,17,1.467,2026-06-12,4500.0
LIM-02556,Pueblo Libre,-12.08321671311087,-77.07923388433832,127.1,3,2,3,False,False,True,11,5.8,2026-04-17,6300.0
LIM-02557,San Isidro,-12.107450806331695,-77.04546446642833,49.4,1,1,7,False,True,True,3,3.626,2026-06-26,4450.0
LIM-02558,Barranco,-12.147651342869692,-77.01849267613362,87.8,2,2,8,False,True,False,11,0.45,2026-06-29,5850.0
LIM-02559,Magdalena del Mar,-12.110137269614517,-77.07468731390594,116.0,4,3,8,True,False,True,5,6.673,2026-04-17,8300.0
LIM-02560,San Isidro,-12.07701284101528,-77.01440186859674,102.3,4,3,12,True,True,True,10,0.132,2026-04-24,14050.0
LIM-02561,Jesús María,-12.073077730339772,-77.04320302137502,150.3,4,4,5,True,False,False,7,2.422,2026-06-18,10800.0
LIM-02562,Lince,-12.086577755471591,-77.01038999260022,91.8,2,1,4,False,True,False,29,0.558,2026-03-23,4300.0
LIM-02563,San Miguel,-12.058287435194607,-77.08421832715212,88.2,4,3,4,True,True,False,4,5.263,2026-08-09,4350.0
LIM-02564,San Borja,-12.108492571489,-76.98557151908034,77.5,2,1,8,False,False,False,7,2.724,2026-03-31,3850.0
LIM-02565,Jesús María,-12.068796359122016,-77.05330682725946,91.0,2,1,4,True,False,True,16,2.605,2026-05-10,5350.0
LIM-02566,La Molina,-12.095809579279505,-76.95809411139994,136.8,5,3,3,True,False,True,23,5.253,2026-05-14,8250.0
LIM-02567,San Isidro,-12.113646024780653,-77.04208751868961,85.1,2,2,11,True,False,True,33,3.108,2026-04-07,7500.0
LIM-02568,Miraflores,-12.128424339578052,-77.02954243436812,59.1,2,2,7,False,False,True,18,1.623,2026-06-07,4600.0
LIM-02569,Lince,-12.058856289932663,-77.04083790660806,46.3,2,2,8,False,True,True,18,0.877,2026-06-10,1750.0
LIM-02570,Comas,-11.935403748620557,-77.07401370909365,100.8,2,1,12,True,False,False,26,4.256,2026-04-26,2450.0
LIM-02571,San Isidro,-12.093905581954669,-77.03169794769094,52.9,1,1,8,False,True,False,29,2.293,2026-06-19,3300.0
LIM-02572,San Borja,-12.120016480682223,-77.01066476599436,77.4,2,2,10,False,True,False,36,0.427,2026-03-27,4600.0
LIM-02573,San Miguel,-12.066464990388194,-77.11120190337742,35.8,1,1,2,False,False,False,35,8.304,2026-07-28,1200.0
LIM-02574,Surquillo,-12.130992319291765,-77.03096503336677,84.9,2,1,5,True,False,False,16,1.691,2026-06-21,3100.0
LIM-02575,San Borja,-12.127104677396188,-77.00141226585916,130.2,3,2,8,True,True,False,5,1.464,2026-06-02,10150.0
LIM-02576,Jesús María,-12.08030664547458,-77.06089102929317,82.0,3,2,2,True,False,True,21,4.103,2026-07-18,5500.0
LIM-02577,Pueblo Libre,-12.050146109056463,-77.06583707883983,134.8,4,3,12,False,True,True,27,3.233,2026-03-23,6000.0
LIM-02578,Chorrillos,-12.151925269211288,-77.01089466833665,126.2,3,2,3,False,False,False,16,0.615,2026-04-15,4100.0
LIM-02579,Miraflores,-12.126514843139006,-77.02250668343764,87.4,2,2,14,True,True,False,17,0.843,2026-03-13,7000.0
LIM-02580,San Martín de Porres,-12.006990388218377,-77.08852991090907,86.8,3,3,6,False,False,False,4,3.36,2026-07-11,2650.0
LIM-02581,San Isidro,-12.116884344486719,-77.05234729904447,76.0,1,1,20,False,False,False,11,4.192,2026-06-12,4850.0
LIM-02582,Chorrillos,-12.173763631293758,-77.0250074815818,98.2,3,2,2,True,False,True,7,0.942,2026-06-05,4000.0
LIM-02583,San Isidro,-12.095255846976144,-77.02883226228259,81.2,3,2,12,True,True,True,5,1.972,2026-03-27,8450.0
LIM-02584,Miraflores,-12.111625324949637,-77.01872964525145,89.4,3,2,9,True,False,True,8,0.862,2026-07-05,7550.0
LIM-02585,San Isidro,-12.086271509840099,-77.0324653209476,103.7,3,2,4,False,False,True,19,2.253,2026-02-24,7850.0
LIM-02586,Magdalena del Mar,-12.097869063011975,-77.06128276738805,72.5,2,1,6,False,True,False,11,5.504,2026-05-20,3600.0
LIM-02587,Surco (Santiago de Surco),-12.128327665502885,-76.97424957456457,134.9,3,2,6,True,True,False,5,4.418,2026-08-05,7100.0
LIM-02588,Miraflores,-12.129507666414158,-77.03519873513756,69.7,2,1,5,True,False,False,10,2.175,2026-04-23,5300.0
LIM-02589,Magdalena del Mar,-12.089055489599671,-77.05786124095216,78.5,2,2,6,False,True,False,23,4.708,2026-06-09,
LIM-02590,La Molina,-12.092886784938216,-76.9483265942495,80.5,2,1,6,False,False,False,24,6.275,2026-05-23,3700.0
LIM-02591,San Miguel,-12.071886497808398,-77.08056181563288,71.5,2,2,4,True,True,True,8,5.288,2026-04-09,3250.0
LIM-02592,Los Olivos,-11.964357984096575,-77.06299713037593,175.6,4,3,5,True,False,False,21,0.861,2026-07-18,5550.0
LIM-02593,Lince,-12.08427435649166,-77.05702470103103,51.0,1,1,9,True,False,True,23,4.206,2026-06-19,2950.0
LIM-02594,Miraflores,-12.111565523382088,-77.04099472561911,86.3,2,1,7,True,False,False,29,3.034,2026-08-01,5000.0
LIM-02595,Surco (Santiago de Surco),-12.153844788856327,-77.00965545499572,82.1,2,1,6,False,True,False,11,0.8,2026-04-08,3700.0
LIM-02596,San Martín de Porres,-12.011678994618652,-77.10198456437952,44.3,2,2,10,False,False,False,2,4.913,2026-06-25,1250.0
LIM-02597,Miraflores,-12.124340716082637,-77.01884822019925,89.7,3,2,9,False,False,False,9,0.465,2026-03-14,6600.0
LIM-02598,La Molina,-12.10411916065208,-76.92037473773856,92.1,3,2,5,False,False,False,26,9.45,2026-07-04,6400.0
LIM-02599,Callao,-12.061482374174656,-77.12119207005638,94.1,3,2,2,False,False,False,4,9.297,2026-04-09,2050.0
LIM-02600,Callao,-12.06109556354093,-77.1078501200156,116.7,3,2,6,False,True,False,13,7.851,2026-03-28,3200.0
LIM-02601,La Molina,-12.07108379456,-76.92738449618771,118.6,4,2,5,True,False,True,3,8.767,2026-05-02,11300.0
LIM-02602,Lince,-12.083389595572504,-77.0308000195978,75.5,1,2,4,False,False,True,7,1.967,2026-06-20,3950.0
LIM-02603,Magdalena del Mar,-12.083146845087233,-77.07600375677897,59.1,2,1,8,False,True,False,2,5.516,2026-04-08,3000.0
LIM-02604,San Miguel,-12.073779903374284,-77.0957482551329,97.8,3,2,3,False,False,False,16,6.898,2026-06-07,2950.0
LIM-02605,San Isidro,-12.103628007254786,-77.03024929341353,80.0,3,2,12,False,True,True,10,2.24,2026-06-08,7050.0
LIM-02606,Miraflores,-12.119495398307041,-77.0189036713996,39.6,1,1,6,False,True,False,5,0.59,2026-06-01,3100.0
LIM-02607,Jesús María,-12.064846883992814,-77.04345834112753,104.2,3,2,4,True,False,False,11,1.593,2026-06-28,3850.0
LIM-02608,Barranco,-12.13507918408269,-77.01627044309019,100.6,4,3,4,True,True,False,13,0.145,2026-04-06,9150.0
LIM-02609,Lince,-12.086687720755213,-77.03391443481449,109.2,2,2,4,True,False,False,5,2.415,2026-04-25,4600.0
LIM-02610,Surco (Santiago de Surco),-12.154770127726236,-77.01411545430088,190.3,5,3,12,True,True,False,6,0.474,2026-05-14,14900.0
LIM-02611,Los Olivos,-11.989513627089062,-77.06072740333492,112.7,3,2,18,False,True,False,7,0.903,2026-05-25,2700.0
LIM-02612,Surquillo,-12.118616951321401,-77.03291550143538,76.6,2,1,5,False,False,True,2,2.081,2026-07-06,3650.0
LIM-02613,San Borja,-12.136354818013775,-76.99116737229497,127.6,5,3,6,False,True,False,22,2.681,2026-02-24,8400.0
LIM-02614,San Miguel,-12.05585874641116,-77.08373116020009,58.7,2,2,8,False,False,False,19,5.183,2026-07-09,1900.0
LIM-02615,Surco (Santiago de Surco),-12.127836801223204,-77.0086851852539,55.6,1,1,8,False,False,False,5,0.706,2026-03-11,3250.0
LIM-02616,San Borja,-12.115928004113966,-77.00589360948726,77.3,3,2,12,True,False,False,9,0.861,2026-06-15,4950.0
LIM-02617,Miraflores,-12.134415771128106,-77.00394230538332,112.9,3,2,11,True,False,True,1,1.279,2026-02-17,9200.0
LIM-02618,Chorrillos,-12.162362570848286,-77.01905378685444,66.4,2,2,9,False,True,False,45,0.227,2026-05-25,2000.0
LIM-02619,Surquillo,-12.128063645867812,-77.03214256410521,75.4,2,1,6,True,False,True,7,1.902,2026-03-24,3450.0
LIM-02620,San Martín de Porres,-12.011118721163214,-77.07098944912345,108.1,3,2,10,False,False,False,11,1.984,2026-06-06,2900.0
LIM-02621,Los Olivos,-11.97809135128032,-77.08077210246688,95.2,2,1,7,False,True,False,13,2.055,2026-05-04,3000.0
LIM-02622,Callao,-12.055230951025107,-77.14114628826945,56.5,2,1,10,False,False,False,13,10.983,2026-04-27,1400.0
LIM-02623,Barranco,-12.141950430730232,-77.01516276542344,78.1,3,2,7,True,False,True,9,0.059,2026-05-27,7500.0
LIM-02624,Callao,-12.042287933199011,-77.12909941378939,74.3,2,1,4,False,False,False,10,9.088,2026-04-03,1950.0
LIM-02625,Jesús María,-12.06106034441264,-77.04514573989334,138.0,5,4,7,False,False,False,7,1.369,2026-07-27,7250.0
LIM-02626,La Molina,-12.086790715489183,-76.95495228045723,158.3,5,3,3,False,False,False,3,5.545,2026-03-28,7350.0
LIM-02627,Jesús María,-12.061353736314924,-77.04051354966877,70.7,3,2,7,False,True,False,6,1.101,2026-07-24,3100.0
LIM-02628,Surco (Santiago de Surco),-12.143051995367717,-76.99279802010473,167.2,5,4,7,True,False,False,19,2.492,2026-05-31,9600.0
LIM-02629,Surco (Santiago de Surco),-12.156850392173544,-77.02607050306752,106.0,4,3,7,False,False,False,21,1.14,2026-03-06,5800.0
LIM-02630,Barranco,-12.157453572860526,-77.01681584951154,41.0,2,2,7,False,False,True,19,0.506,2026-05-20,3500.0
LIM-02631,San Isidro,-12.106875126171316,-77.04017677594116,82.9,1,1,11,True,False,False,14,3.11,2026-03-09,7150.0
LIM-02632,San Borja,-12.11588384486159,-76.9815993882937,151.9,4,3,6,False,True,True,10,3.227,2026-02-20,11850.0
LIM-02633,Los Olivos,-11.980412496750903,-77.06675750581181,67.7,2,1,8,True,False,False,5,1.015,2026-03-18,2550.0
LIM-02634,Jesús María,-12.079133314930957,-77.03992610587497,78.3,2,2,9,False,False,False,5,2.824,2026-04-21,3650.0
LIM-02635,San Borja,-12.100859793430876,-77.00712648961225,58.2,1,1,9,False,False,False,0,0.684,2026-06-30,4100.0
LIM-02636,La Molina,-12.066216914768049,-76.95468081300982,74.9,2,1,3,True,False,False,13,6.118,2026-04-24,4300.0
LIM-02637,Magdalena del Mar,-12.116204157691108,-77.07600779197273,59.7,1,1,3,True,False,True,24,6.738,2026-03-09,3250.0
LIM-02638,Barranco,-12.164852815522808,-77.02572739352152,47.3,1,1,9,True,False,False,19,1.0,2026-04-28,3100.0
LIM-02639,Surquillo,-12.124197355104737,-77.00144389137348,53.3,2,1,3,True,False,True,15,1.462,2026-03-24,2500.0
LIM-02640,Miraflores,-12.111911097470761,-77.03123982870467,130.8,3,3,12,True,True,False,16,2.002,2026-08-01,11050.0
LIM-02641,Pueblo Libre,-12.076059369315677,-77.07779786099981,74.1,2,1,2,True,False,False,1,5.233,2026-06-05,2650.0
LIM-02642,San Miguel,-12.086089310677245,-77.10273097096426,100.3,3,2,14,False,True,False,19,8.147,2026-07-23,4750.0
LIM-02643,Jesús María,-12.064999203907536,-77.03741938698464,113.4,3,2,3,False,False,True,9,1.407,2026-04-24,6800.0
LIM-02644,Chorrillos,-12.163223316803895,-77.02010708813116,57.5,2,2,9,True,False,False,30,0.364,2026-06-22,2100.0
LIM-02645,Surco (Santiago de Surco),-12.135225119513084,-76.9976485412154,72.8,2,2,6,True,True,True,14,1.968,2026-07-08,5100.0
LIM-02646,Los Olivos,-11.978694630719446,-77.05877774916938,112.4,4,2,2,True,True,False,18,0.86,2026-03-14,3350.0
LIM-02647,Pueblo Libre,-12.070356645193176,-77.07407715826639,61.2,1,1,5,True,True,False,5,4.577,2026-07-11,2550.0
LIM-02648,Surquillo,-12.11749921850143,-77.04432211558112,81.3,2,1,11,True,False,False,12,3.318,2026-05-20,3050.0
LIM-02649,Lince,-12.087992158925426,-77.04353439975628,116.3,4,3,5,True,False,False,18,3.443,2026-07-25,5350.0
LIM-02650,Chorrillos,-12.180848802623222,-77.01519493093745,51.5,1,1,10,True,False,False,16,0.404,2026-04-11,1950.0
LIM-02651,Comas,-11.931900201032134,-77.06499413824406,84.7,3,3,4,False,False,True,18,4.476,2026-05-26,1800.0
LIM-02652,La Molina,-12.083801437284079,-76.96392515544102,103.2,3,2,10,True,False,False,41,4.6,2026-07-11,3900.0
LIM-02653,Surquillo,-12.102271589417324,-77.00530728562379,54.9,2,2,4,False,True,True,16,0.928,2026-05-16,2050.0
LIM-02654,San Miguel,-12.061364086254263,-77.09083803664699,64.2,2,2,3,False,False,False,15,6.024,2026-05-15,2150.0
LIM-02655,Magdalena del Mar,-12.0899922307736,-77.07103182366343,66.6,2,1,3,True,False,False,6,5.641,2026-02-19,3850.0
LIM-02656,San Martín de Porres,-12.004977725378623,-77.0755646768826,89.6,3,2,5,True,False,True,28,1.965,2026-03-16,1950.0
LIM-02657,La Molina,-12.074316085213363,-76.96078229095019,116.0,3,1,9,False,False,True,2,5.17,2026-04-12,7550.0
LIM-02658,Jesús María,-12.06801202357266,-77.04536545300286,108.5,4,3,6,True,False,False,2,2.002,2026-02-18,5200.0
LIM-02659,Miraflores,-12.089859586678308,-77.01851055460158,74.4,2,2,7,False,True,False,14,1.076,2026-05-30,5250.0
LIM-02660,Barranco,-12.145678765338063,-77.00771627723555,100.1,2,2,17,False,True,False,8,0.959,2026-08-04,6900.0
LIM-02661,Chorrillos,-12.16632774353183,-77.00944484009985,67.9,2,1,5,False,False,False,14,0.952,2026-06-25,2250.0
LIM-02662,La Molina,-12.083314913304449,-76.9390424440969,74.9,2,1,9,False,False,False,26,7.297,2026-06-11,3700.0
LIM-02663,La Molina,-12.087989183102417,-76.96604905517725,99.8,2,1,6,True,False,False,17,4.334,2026-06-12,3500.0
LIM-02664,Barranco,-12.152505498595051,-77.02157921583333,81.2,3,3,4,False,False,False,10,0.571,2026-06-16,7450.0
LIM-02665,San Borja,-12.104769073864096,-77.01007889219323,118.5,4,3,5,True,False,False,19,0.551,2026-04-25,8800.0
LIM-02666,Surquillo,-12.108445890978233,-77.00211398541664,103.7,3,2,5,False,False,False,17,0.933,2026-05-25,3600.0
LIM-02667,Los Olivos,-11.955047345204267,-77.05793544609148,96.6,3,2,2,False,False,True,9,1.972,2026-03-26,3450.0
LIM-02668,San Isidro,-12.093493793300356,-77.04810634572864,108.2,4,3,13,True,True,False,7,4.075,2026-03-27,12250.0
LIM-02669,Jesús María,-12.079154670105103,-77.04955173820449,124.0,3,2,6,True,False,False,29,3.31,2026-04-25,8550.0
LIM-02670,Magdalena del Mar,-12.099422247959188,-77.0727178866779,60.8,2,2,6,False,False,False,4,6.565,2026-08-01,3350.0
LIM-02671,Jesús María,-12.089475243314839,-77.03819050491013,74.8,3,2,2,True,False,False,43,2.967,2026-03-14,3100.0
LIM-02672,Magdalena del Mar,-12.075565433877133,-77.0958074189984,189.3,5,3,6,False,False,False,16,6.975,2026-02-24,8600.0
LIM-02673,La Molina,-12.09329408336225,-76.97171546776605,144.7,4,3,8,False,False,False,1,3.747,2026-05-29,7150.0
LIM-02674,Magdalena del Mar,-12.083890714478345,-77.07524221786991,91.8,2,1,4,True,False,False,7,5.503,2026-03-10,5300.0
LIM-02675,Jesús María,-12.07028138971069,-77.07937700186851,106.5,3,2,5,True,False,False,11,5.099,2026-06-02,5650.0
LIM-02676,San Borja,-12.104655218029928,-76.99669713108226,58.7,2,1,8,True,True,False,12,1.612,2026-07-28,4000.0
LIM-02677,Magdalena del Mar,-12.096909374503268,-77.06859350671701,63.4,1,1,4,True,False,False,22,6.075,2026-05-29,2950.0
LIM-02678,Surquillo,-12.12415358666352,-77.00266704110007,47.0,1,1,4,True,False,False,5,1.33,2026-06-11,1350.0
LIM-02679,San Miguel,-12.089022424805904,-77.10027081901507,89.2,3,2,4,False,False,True,16,8.07,2026-05-30,3300.0
LIM-02680,Surco (Santiago de Surco),-12.11425841533434,-76.99306582024639,84.4,2,2,9,False,True,False,8,1.973,2026-05-11,3050.0
LIM-02681,Surquillo,-12.113332467053953,-77.00968188192408,67.0,2,2,9,False,False,False,10,0.416,2026-07-07,3000.0
LIM-02682,Chorrillos,-12.161196787045748,-77.03220864010098,74.2,3,1,5,True,True,True,24,1.656,2026-04-30,2600.0
LIM-02683,Miraflores,-12.104481116748257,-77.01841582642697,44.6,1,1,8,False,False,False,4,1.029,2026-07-31,3200.0
LIM-02684,Jesús María,-12.078530163161192,-77.04570789209727,106.2,2,1,9,False,False,False,4,3.084,2026-04-17,4700.0
LIM-02685,Surco (Santiago de Surco),-12.129917930808865,-77.00226535596848,54.1,1,1,3,False,False,False,3,1.441,2026-05-19,3500.0
LIM-02686,San Miguel,-12.076859870694104,-77.09110343313328,61.8,1,1,5,False,True,False,32,6.56,2026-05-12,1950.0
LIM-02687,Barranco,-12.163286565636202,-77.02307201382216,45.9,1,1,14,False,True,False,12,0.675,2026-06-15,2800.0
LIM-02688,Lince,-12.087325759710852,-77.02393911259702,51.3,2,2,4,False,False,False,11,1.537,2026-03-20,1950.0
LIM-02689,Barranco,-12.142349920917129,-77.02572552108177,74.7,2,2,10,True,False,False,13,1.091,2026-05-16,4500.0
LIM-02690,San Borja,-12.11428835106013,-76.99587491407945,133.6,4,3,11,True,True,True,28,1.68,2026-02-22,8800.0
LIM-02691,Callao,-12.060498118344462,-77.12555117941784,51.6,2,1,4,True,True,False,7,9.758,2026-07-25,1400.0
LIM-02692,La Molina,-12.088880402264628,-76.9564541140643,92.0,3,3,4,False,False,False,8,5.376,2026-05-31,5200.0
LIM-02693,Los Olivos,-11.943561648024279,-77.06944160649708,50.3,1,1,3,False,False,True,9,3.252,2026-04-28,1250.0
LIM-02694,Comas,-11.965008587245253,-77.07276121200422,78.3,3,2,5,False,False,False,25,1.331,2026-04-30,1400.0
LIM-02695,Los Olivos,-11.962880280411673,-77.06189303650261,90.0,2,1,6,True,False,True,3,1.031,2026-03-07,3450.0
LIM-02696,Miraflores,-12.124140068927026,-77.02229320961386,95.9,3,2,9,False,False,True,7,0.833,2026-03-08,6900.0
LIM-02697,Surquillo,-12.122387858902028,-77.02668137347612,33.0,1,1,2,False,False,False,12,1.343,2026-06-29,1150.0
LIM-02698,San Isidro,-12.100534508485875,-77.03413463481752,101.4,2,2,6,True,False,True,15,2.602,2026-03-21,9750.0
LIM-02699,La Molina,-12.078791485074,-76.954436398804,80.6,2,2,7,False,True,False,10,5.71,2026-05-08,4250.0
LIM-02700,Chorrillos,-12.166005716871753,-77.03735175366963,55.6,2,1,3,True,True,False,13,2.257,2026-06-25,1900.0
LIM-02701,Pueblo Libre,-12.071367794530783,-77.07026670200938,76.6,2,1,3,False,False,False,18,4.263,2026-03-02,2900.0
LIM-02702,San Borja,-12.09518710420252,-76.99920380195127,110.0,3,2,3,False,False,False,7,1.002,2026-08-04,5750.0
LIM-02703,La Molina,-12.071574004058792,-76.93894309530104,106.5,3,2,4,True,True,False,6,7.534,2026-06-30,8250.0
LIM-02704,Surquillo,-12.104903488696591,-77.01570624083435,45.8,1,1,16,False,True,False,14,0.77,2026-04-20,1600.0
LIM-02705,Pueblo Libre,-12.080154309413768,-77.05220790461966,72.6,2,2,6,True,False,False,10,3.543,2026-05-08,3750.0
LIM-02706,Magdalena del Mar,-12.089566701409446,-77.08747399405699,61.8,2,2,8,False,False,False,21,6.94,2026-05-28,3000.0
LIM-02707,Los Olivos,-11.962909592090337,-77.07602038065495,106.8,2,1,4,False,False,True,36,1.755,2026-07-18,2200.0
LIM-02708,Barranco,-12.159187577203758,-77.00166759957881,98.8,3,2,12,True,False,False,14,1.696,2026-08-07,5650.0
LIM-02709,Miraflores,-12.13993326672865,-77.0525729606354,103.7,2,1,11,False,False,False,7,4.015,2026-02-16,7550.0
LIM-02710,Lince,-12.109373307456496,-77.0387234516711,67.6,2,1,6,False,False,False,26,2.863,2026-08-08,3450.0
LIM-02711,Ate,-12.045561734118655,-76.92885792737314,131.8,3,3,4,True,True,False,8,9.181,2026-05-08,4350.0
LIM-02712,Barranco,-12.145823523421598,-77.02374478085105,50.5,1,1,6,True,False,True,45,0.972,2026-02-28,4050.0
LIM-02713,Barranco,-12.163581378931829,-77.02661336984923,123.8,4,3,5,True,False,True,3,1.06,2026-02-22,10350.0
LIM-02714,Miraflores,-12.108547612009383,-77.02217413474291,54.0,2,2,10,False,True,True,14,1.265,2026-07-25,5650.0
LIM-02715,Chorrillos,-12.172873382208442,-77.01503375208709,42.8,1,1,8,False,False,False,13,0.63,2026-08-04,1750.0
LIM-02716,Barranco,-12.133206568621016,-77.03706741086292,108.4,3,2,14,False,True,True,6,2.324,2026-03-16,5200.0
LIM-02717,San Borja,-12.103853569560197,-77.00565794487815,71.7,2,1,10,False,False,False,22,0.843,2026-06-28,3550.0
LIM-02718,Comas,-11.955796002862549,-77.06200140458951,98.6,3,2,8,True,True,False,31,1.816,2026-03-30,2050.0
LIM-02719,San Isidro,-12.091700625440518,-77.02782742939152,61.1,1,1,16,True,False,False,15,1.917,2026-08-09,4100.0
LIM-02720,San Borja,-12.100258671661535,-76.96940452458384,191.7,5,3,7,True,False,False,8,4.161,2026-05-01,13100.0
LIM-02721,San Borja,-12.114871483030644,-76.99016645053253,161.2,5,4,15,True,True,False,8,2.295,2026-05-21,14450.0
LIM-02722,Surquillo,-12.132005115967718,-77.0296499990466,106.6,2,1,5,False,True,False,4,1.531,2026-03-20,4150.0
LIM-02723,Surco (Santiago de Surco),-12.13379644722832,-76.9961261430648,97.7,3,3,6,False,True,True,31,2.128,2026-06-25,4800.0
LIM-02724,La Molina,-12.098810135623795,-76.9430282856596,150.6,5,3,9,True,False,False,7,6.922,2026-04-21,9500.0
LIM-02725,Miraflores,-12.107649348043267,-77.03563269044412,73.7,2,1,15,False,True,False,4,2.624,2026-07-17,5650.0
LIM-02726,San Miguel,-12.08228612016512,-77.08715690632879,111.7,2,1,4,False,False,False,9,6.461,2026-05-08,4350.0
LIM-02727,Surquillo,-12.09400478672208,-77.0447565250608,57.0,2,1,5,True,False,False,3,3.708,2026-05-14,1950.0
LIM-02728,Miraflores,-12.146589904010225,-77.02276220454407,124.5,4,3,8,True,False,True,25,0.852,2026-07-31,12900.0
LIM-02729,La Molina,-12.085182452750258,-76.95091664906917,94.9,3,2,4,True,False,False,13,5.993,2026-04-18,4150.0
LIM-02730,Los Olivos,-11.951747288318783,-77.07281646278035,78.7,2,1,3,False,False,False,11,2.507,2026-07-15,1850.0
LIM-02731,San Isidro ,-12.10788365179065,-77.01911132473168,73.2,1,1,7,True,False,True,2,0.947,2026-07-28,8200.0
LIM-02732,Surco (Santiago de Surco),-12.136910411227523,-77.01013820610731,101.0,3,2,9,True,True,True,1,0.691,2026-04-06,8700.0
LIM-02733,San Borja,-12.113136428572368,-76.99532736865675,79.5,3,2,7,False,False,False,16,1.704,2026-07-28,4150.0
LIM-02734,Surco (Santiago de Surco),-12.143205211705828,-76.98547294105192,111.0,3,3,5,False,True,True,14,3.289,2026-04-09,6050.0
LIM-02735,Surco (Santiago de Surco),-12.132064528306628,-76.99295596250057,81.4,2,1,8,True,True,True,16,2.478,2026-04-30,4400.0
LIM-02736,Magdalena del Mar,-12.111045059211989,-77.09507030766623,100.5,2,1,8,True,True,True,6,8.867,2026-04-09,5050.0
LIM-02737,Miraflores,-12.122431625375963,-77.01319524047238,121.9,3,3,15,False,True,False,3,0.403,2026-06-05,9700.0
LIM-02738,San Borja,-12.102108069147786,-77.00113624860487,92.3,3,2,3,False,False,False,21,1.254,2026-04-09,4350.0
LIM-02739,Pueblo Libre,-12.07618112453664,-77.06943049020094,152.5,5,4,9,True,False,False,8,4.478,2026-03-14,6750.0
LIM-02740,Jesús María,-12.085602450399831,-77.05272579458632,114.8,2,2,4,False,True,False,3,4.106,2026-05-02,5350.0
LIM-02741,Miraflores,-12.108737775216783,-77.03398575669206,148.7,5,3,10,False,False,False,16,2.41,2026-03-10,
LIM-02742,Chorrillos,-12.165936916460597,-77.032382156073,80.4,2,1,3,True,False,False,9,1.728,2026-04-06,3200.0
LIM-02743,Miraflores,-12.133594246055646,-77.02742059296706,44.1,2,2,12,False,True,False,16,1.275,2026-08-08,3200.0
LIM-02744,San Miguel,-12.09292929078027,-77.09996679609496,62.2,2,2,4,True,False,False,26,8.27,2026-05-18,2350.0
LIM-02745,Surco (Santiago de Surco),-12.146423092991926,-76.98694934073421,78.3,3,2,8,True,False,False,5,3.164,2026-07-07,4250.0
LIM-02746,San Miguel,-12.070856722014154,-77.08658885407661,57.5,3,2,4,False,True,False,26,5.851,2026-05-29,1850.0
LIM-02747,Barranco,-12.146093125212449,-77.00189196705884,34.7,1,1,4,True,False,False,12,1.569,2026-04-29,2200.0
LIM-02748,Miraflores,-12.111619007450651,-77.03193959772047,104.1,3,2,7,False,True,True,6,2.085,2026-08-04,9650.0
LIM-02749,San Borja,-12.112213802616607,-77.00823899701254,49.6,1,1,9,False,False,False,13,0.38,2026-05-02,3100.0
LIM-02750,San Isidro,-12.108296810850002,-77.05433690802182,114.4,3,2,9,False,True,False,15,4.529,2026-03-27,8200.0
LIM-02751,Barranco,-12.138373842139027,-76.9950798793671,140.9,4,3,11,False,True,True,15,2.278,2026-02-15,10450.0
LIM-02752,Pueblo Libre,-12.080241382161415,-77.05515470404181,58.5,2,2,5,False,False,False,34,3.719,2026-06-05,2350.0
LIM-02753,Chorrillos,-12.172461423329752,-77.02640903905416,92.8,2,1,6,False,False,False,4,1.148,2026-06-15,3400.0
LIM-02754,San Isidro,-12.115799098069385,-77.01638213892879,74.8,2,1,5,True,True,True,17,0.351,2026-03-02,6650.0
LIM-02755,Los Olivos,-11.975737725091873,-77.05522605139336,114.7,3,2,5,True,True,False,7,0.928,2026-03-26,3350.0
LIM-02756,Surquillo,-12.102587244148701,-77.03371533002947,44.4,1,1,8,False,False,True,21,2.614,2026-06-11,1200.0
LIM-02757,Chorrillos,-12.183295294800038,-77.02714169850101,78.6,2,2,2,False,False,False,34,1.202,2026-04-23,2850.0
LIM-02758,Pueblo Libre,-12.063825954142583,-77.06468789814193,107.4,3,2,3,False,True,False,9,3.348,2026-05-11,6300.0
LIM-02759,Lince,-12.11307223635426,-77.04614102115202,66.9,2,2,14,True,True,False,14,3.554,2026-03-12,3550.0
LIM-02760,San Borja,-12.115012699915718,-76.99975895355493,53.4,2,2,8,True,False,True,38,1.318,2026-03-16,3000.0
LIM-02761,Lince,-12.087156255750537,-77.02475645664272,101.2,3,2,5,False,False,False,7,1.591,2026-06-10,4350.0
LIM-02762,San Martín de Porres,-11.977989516359893,-77.09707913029987,59.4,2,1,3,False,False,False,30,3.775,2026-02-24,1150.0
LIM-02763,Miraflores,-12.135128754560174,-77.0258839934243,76.9,2,2,3,True,False,False,20,1.116,2026-02-20,5350.0
LIM-02764,Surco (Santiago de Surco),-12.126948080454635,-76.98097802429481,114.5,3,3,9,True,False,False,25,3.68,2026-03-13,6200.0
LIM-02765,San Isidro,-12.084516818625016,-77.03189735712876,88.3,2,1,9,True,True,False,7,2.121,2026-02-21,8200.0
LIM-02766,Callao,-12.06525787576693,-77.11900739625736,191.5,4,3,4,True,False,True,8,9.117,2026-03-20,5850.0
LIM-02767,Magdalena del Mar,-12.099982287385272,-77.08371722111491,98.6,2,1,10,False,True,False,17,7.395,2026-03-19,4600.0
LIM-02768,Lince,-12.083400454714258,-77.02332989753481,63.7,2,1,6,True,True,False,15,1.222,2026-06-28,2050.0
LIM-02769,Chorrillos,-12.19247781960631,-77.03222304134458,99.4,2,1,9,False,True,False,17,2.27,2026-04-05,4000.0
LIM-02770,Comas,-11.948461238542336,-77.05908649826685,101.6,2,1,1,False,False,False,5,2.661,2026-07-31,1800.0
LIM-02771,Miraflores,-12.105786655508643,-77.02909381120335,76.1,2,1,11,True,False,True,9,2.057,2026-03-10,6500.0
LIM-02772,Surquillo,-12.108428142269625,-77.00399266768548,70.3,2,1,4,False,True,False,7,0.732,2026-06-12,3050.0
LIM-02773,Los Olivos,-11.970781015473799,-77.07849298513283,76.6,2,2,5,False,False,False,8,1.702,2026-07-10,2350.0
LIM-02774,San Isidro,-12.095843131657963,-77.04267282974271,91.0,3,2,9,False,False,False,22,3.476,2026-07-04,7100.0
LIM-02775,San Miguel,-12.070429135613644,-77.10770237844757,66.4,2,1,10,True,False,True,19,8.029,2026-07-20,3500.0
LIM-02776,Surco (Santiago de Surco),-12.125731078225078,-76.9897525887048,51.8,1,1,9,False,True,True,9,2.723,2026-03-14,2700.0
LIM-02777,Lince,-12.09177696976855,-77.03838579011638,97.9,3,2,5,False,False,False,6,3.043,2026-02-21,4500.0
LIM-02778,San Borja,-12.089883348680644,-77.00894488772724,75.1,2,1,6,True,False,False,24,0.345,2026-02-17,4050.0
LIM-02779,Barranco,-12.133603821585544,-77.03060179520013,73.2,2,1,10,False,True,True,2,1.62,2026-07-19,6450.0
LIM-02780,Miraflores,-12.112972908435761,-77.02295473404244,58.8,2,1,8,False,True,False,45,1.126,2026-07-28,3650.0
LIM-02781,Miraflores,-12.131215518390151,-77.04263552599667,59.4,2,1,10,True,True,False,4,2.943,2026-06-03,4650.0
LIM-02782,Miraflores,-12.133342686881248,-77.04156999157975,53.8,1,1,11,False,True,True,15,2.813,2026-04-05,4050.0
LIM-02783,Lince,-12.08901924555916,-77.02254366289378,92.1,2,1,9,False,True,False,45,1.492,2026-04-15,3750.0
LIM-02784,Surco (Santiago de Surco),-12.134270818828266,-76.99699344690995,139.0,4,2,6,False,False,False,20,2.034,2026-04-04,6450.0
LIM-02785,Barranco,-12.170621902386708,-77.00993465896819,70.6,1,1,5,False,False,True,16,1.162,2026-06-15,4600.0
LIM-02786,Pueblo Libre,-12.067663682397457,-77.06741226978372,63.2,2,2,10,True,False,False,3,3.795,2026-07-29,2850.0
LIM-02787,Pueblo Libre,-12.05815045283382,-77.06311351079276,43.6,1,1,9,False,False,False,37,2.996,2026-05-18,1450.0
LIM-02788,San Borja,-12.101382310322029,-76.99672440873677,116.1,4,3,9,False,True,False,6,1.641,2026-03-30,7700.0
LIM-02789,Callao,-12.06471263363365,-77.10145256479424,68.5,2,1,6,False,False,False,27,7.227,2026-07-03,1800.0
LIM-02790,La Molina,-12.096332840768806,-76.92952952608547,76.9,3,2,7,True,False,False,4,8.344,2026-02-14,4750.0
LIM-02791,Chorrillos,-12.17110177186991,-77.0042611555417,82.8,3,2,7,True,False,False,16,1.631,2026-03-27,2850.0
LIM-02792,San Isidro,-12.099039644584058,-77.04424582643922,76.4,3,3,17,False,False,False,2,3.665,2026-06-28,6100.0
LIM-02793,San Miguel,-12.07208350590893,-77.1046419548326,48.0,1,2,3,True,False,False,9,7.758,2026-02-18,2550.0
LIM-02794,Comas,-11.935779343528733,-77.05287050244327,61.1,1,1,2,True,False,False,9,4.183,2026-05-23,1150.0
LIM-02795,Chorrillos,-12.161597313653264,-77.00157888357239,91.3,3,3,7,False,True,False,12,1.677,2026-03-24,2850.0
LIM-02796,Jesús María,-12.087185481147156,-77.03504617521457,64.9,1,1,2,False,False,False,7,2.55,2026-06-18,2550.0
LIM-02797,Jesús María,-12.070940572625808,-77.048843408912,94.2,2,1,12,False,False,False,15,2.478,2026-06-22,4400.0
LIM-02798,Surco (Santiago de Surco),-12.139361700047536,-76.98626629746151,99.6,2,2,14,False,True,False,1,3.213,2026-03-31,4800.0
LIM-02799,Lince,-12.086283620527224,-77.02435534816297,95.1,2,2,4,False,False,False,8,1.496,2026-04-27,3700.0
LIM-02800,San Miguel,-12.067027093767976,-77.09101268650345,59.8,2,2,3,False,False,False,6,6.178,2026-04-08,2700.0
LIM-02801,Comas,-11.931322489523385,-77.05969151650315,102.3,3,2,2,False,False,True,11,4.548,2026-03-05,2100.0
LIM-02802,San Borja,-12.091518676195395,-76.99742165595836,110.4,3,2,8,False,False,False,29,0.963,2026-05-17,6400.0
LIM-02803,San Isidro,-12.09209291699558,-77.04615715839934,69.6,2,2,5,True,False,True,3,3.876,2026-07-18,8250.0
LIM-02804,Jesús María,-12.07492020148907,-77.05723262925068,114.7,3,2,10,True,True,False,14,3.391,2026-06-03,6450.0
LIM-02805,Miraflores,-12.124134541633405,-77.03781788433811,44.0,2,2,13,False,False,True,5,2.508,2026-07-25,3750.0
LIM-02806,Barranco,-12.170217060028737,-77.04059084132139,53.6,2,1,9,False,False,False,17,2.655,2026-03-18,3400.0
LIM-02807,Surco (Santiago de Surco),-12.118923179461216,-76.99328568087182,55.1,1,1,5,False,False,False,15,2.144,2026-03-12,3650.0
LIM-02808,Pueblo Libre,-12.077462780965428,-77.06358688047406,59.3,2,2,4,True,False,False,21,4.079,2026-07-23,2500.0
LIM-02809,Miraflores,-12.115029235279966,-77.02025643037179,71.4,3,2,12,False,False,True,18,0.762,2026-04-06,5750.0
LIM-02810,Miraflores,-12.112952041691091,-77.01427139260424,97.9,2,1,15,False,False,False,8,0.53,2026-03-01,9550.0
LIM-02811,San Isidro,-12.112143786108602,-77.02080846762183,80.9,2,1,8,False,True,True,2,0.981,2026-04-07,7150.0
LIM-02812,Los Olivos,-11.979980156709516,-77.05447841450028,72.7,1,1,9,False,False,True,21,1.268,2026-05-28,2100.0
LIM-02813,Pueblo Libre,-12.055035761115334,-77.07218497232748,809.8,1,1,7,False,True,False,37,3.924,2026-04-14,2150.0
LIM-02814,San Isidro,-12.093714773811799,-77.05388351133584,57.6,2,2,17,False,True,False,5,4.701,2026-04-29,5400.0
LIM-02815,San Isidro,-12.104167027971583,-77.0255310770632,93.9,2,2,9,False,False,False,17,1.736,2026-02-25,6000.0
LIM-02816,San Borja,-12.10981616413353,-76.98201439874158,119.3,3,2,4,True,True,False,4,3.108,2026-04-25,8050.0
LIM-02817,surco (santiago de surco),-12.121965157142006,-76.97632809063347,83.1,2,2,12,True,False,False,14,3.968,2026-03-30,4900.0
LIM-02818,Jesús María,-12.06238822624319,-77.0431800454837,117.9,4,3,4,False,False,False,35,1.345,2026-03-19,4950.0
LIM-02819,Magdalena del Mar,-12.113092981146876,-77.09966044737124,57.6,2,1,10,False,False,False,17,9.332,2026-08-01,2450.0
LIM-02820,San Martín de Porres,-11.979288593875937,-77.07621268643881,79.4,2,2,1,False,False,False,5,1.654,2026-07-19,1750.0
LIM-02821,Surco (Santiago de Surco),-12.123406223628015,-76.98833470958509,86.1,3,2,7,False,False,False,5,2.84,2026-05-19,4900.0
LIM-02822,Lince,-12.0869297029921,-77.0182750997449,110.9,4,3,7,False,False,False,22,1.125,2026-07-07,6500.0
LIM-02823,San Isidro,-12.111500669317042,-77.0195444556722,88.7,3,2,11,False,False,False,10,0.93,2026-07-22,7700.0
LIM-02824,Callao,-12.043951896319268,-77.10718439915938,47.8,1,1,5,False,False,False,15,7.343,2026-05-08,1350.0
LIM-02825,Comas,-11.937282869996464,-77.06904734677954,128.8,3,2,3,False,False,False,5,3.929,2026-06-04,2650.0
LIM-02826,San Miguel,-12.094893580536935,-77.10514940777463,140.8,3,2,5,True,False,False,11,8.862,2026-04-14,5150.0
LIM-02827,Magdalena del Mar,-12.0982849369043,-77.0692924661782,72.0,2,2,8,False,True,True,31,6.243,2026-03-23,3100.0
LIM-02828,Barranco,-12.11188592468649,-77.03090898132511,52.5,2,2,14,False,False,False,20,1.969,2026-07-12,3250.0
LIM-02829,Surquillo,-12.114501978911026,-76.9997983547179,85.7,3,2,4,False,False,False,14,1.29,2026-07-09,3300.0
LIM-02830,San Miguel,-12.086303647132029,-77.11325470724822,146.2,4,2,8,True,True,False,17,9.188,2026-06-23,5000.0
LIM-02831,Barranco,-12.16150195950368,-77.01459736065127,91.8,3,2,5,False,False,False,28,0.267,2026-07-07,5250.0
LIM-02832,Magdalena del Mar,-12.074234812198846,-77.07186558030308,46.4,2,1,8,True,False,False,19,4.576,2026-06-10,2150.0
LIM-02833,Magdalena del Mar,-12.085326886125067,-77.07818120001038,99.3,2,1,5,True,False,False,19,5.852,2026-07-04,4750.0
LIM-02834,Surquillo,-12.097810730632993,-77.02860139529166,74.0,2,1,3,True,False,False,2,1.959,2026-03-19,3100.0
LIM-02835,Lince,-12.082121776590895,-77.05804131562931,50.1,1,1,7,True,False,False,22,4.07,2026-06-17,2400.0
LIM-02836,Lince,-12.070051769176008,-77.03967714423287,102.7,3,3,12,True,True,True,8,1.999,2026-06-02,5100.0
LIM-02837,Lince,-12.095279844674575,-77.03946659817481,78.2,2,1,4,False,False,False,14,3.128,2026-08-06,4050.0
LIM-02838,Surco (Santiago de Surco),-12.13304890822902,-76.98165916009383,144.7,4,2,4,False,True,False,9,3.694,2026-02-24,5650.0
LIM-02839,Surco (Santiago de Surco),-12.131555357820327,-77.00439426765936,67.6,2,2,7,False,True,False,11,1.256,2026-03-07,4200.0
LIM-02840,San Isidro,-12.080610636817498,-77.03126675263724,1088.6,3,2,7,False,False,False,27,1.944,2026-06-13,8200.0
LIM-02841,Surquillo,-12.110873883518314,-77.0330068776413,48.8,1,1,6,False,False,False,26,2.222,2026-04-22,1400.0
LIM-02842,Magdalena del Mar,-12.103006140900835,-77.069937021671,84.4,3,2,5,False,False,False,6,6.318,2026-07-16,5250.0
LIM-02843,Magdalena del Mar,-12.094731113932955,-77.10255240422622,125.1,4,3,3,False,False,True,6,8.615,2026-05-30,6800.0
LIM-02844,Barranco,-12.169516958429522,-76.99625644586483,44.3,1,1,6,False,True,False,9,2.405,2026-07-23,2700.0
LIM-02845,Barranco,-12.177251624799244,-77.02309281032157,45.2,1,1,13,True,False,False,14,0.614,2026-05-25,3450.0
LIM-02846,Jesús María,-12.063623903558701,-77.08253400869279,108.6,4,2,5,False,False,False,5,5.191,2026-04-06,5200.0
LIM-02847,Barranco,-12.153896926635676,-77.03001299370672,69.7,3,2,8,False,True,True,7,1.499,2026-07-26,5000.0
LIM-02848,San Isidro,-12.100337007587765,-77.04720794679703,123.7,4,3,7,True,True,False,10,4.001,2026-04-08,10950.0
LIM-02849,San Miguel,-12.067428639847602,-77.10066981758239,60.2,2,2,6,True,False,False,8,7.207,2026-05-23,2700.0
LIM-02850,La Molina,-12.070035875379466,-76.94957569674959,111.8,4,3,10,True,False,False,16,6.477,2026-04-02,5900.0
LIM-02851,La Molina,-12.08038614454207,-76.9531514058399,137.1,4,2,7,False,True,False,15,5.815,2026-02-18,
LIM-02852,La Molina,-12.063663126037387,-76.95499694492482,117.7,3,3,6,False,False,True,11,6.211,2026-06-01,6700.0
LIM-02853,Surquillo,-12.108667730391312,-77.03140419542399,36.7,2,2,9,False,True,False,9,2.161,2026-06-06,
LIM-02854,Surco (Santiago de Surco),-12.13137343843704,-76.9851385269128,234.4,5,4,7,True,False,False,3,3.286,2026-06-05,13800.0
LIM-02855,San Miguel,-12.074515334129945,-77.07838637261716,83.5,2,1,10,True,False,True,5,5.205,2026-03-27,3050.0
LIM-02856,Callao,-12.072025946745603,-77.12115488587884,55.4,2,1,6,False,False,False,3,9.492,2026-08-09,1450.0
LIM-02857,Lince,-12.07362801673232,-77.03351163980038,75.2,2,1,5,True,False,False,18,1.928,2026-04-12,3450.0
LIM-02858,Magdalena del Mar,-12.124845592240183,-77.08921597032231,89.5,3,2,3,False,True,False,14,8.055,2026-06-05,5250.0
LIM-02859,San Miguel,-12.08443503428731,-77.09194775161995,107.2,4,2,8,True,False,False,2,7.031,2026-06-21,6050.0
LIM-02860,magdalena del mar,-12.095224835793188,-77.07294043485415,104.9,2,3,11,True,False,False,30,6.216,2026-07-28,4950.0
LIM-02861,La Molina,-12.096277147880961,-76.94783278331657,102.7,3,2,4,False,True,False,6,6.365,2026-07-06,5600.0
LIM-02862,San Borja,-12.113721071076874,-76.99384710026676,51.9,2,2,7,False,False,True,1,1.875,2026-04-27,3250.0
LIM-02863,Surco (Santiago de Surco),-12.112927493205273,-76.99129549461539,110.1,3,2,9,True,False,False,17,2.129,2026-03-22,6450.0
LIM-02864,Miraflores,-12.10785171337062,-77.04204967266908,44.3,1,1,8,False,True,False,3,3.261,2026-07-28,2750.0
LIM-02865,La Molina,-12.09502993216968,-76.93088342983525,162.3,4,3,7,True,False,False,7,8.184,2026-07-18,8700.0
LIM-02866,Miraflores,-12.126734798131668,-77.03189175511795,59.3,2,1,18,False,True,False,6,1.862,2026-03-04,3400.0
LIM-02867,La Molina,-12.102124047382622,-76.925093140777,134.8,4,3,8,False,True,False,15,8.906,2026-03-02,7300.0
LIM-02868,San Borja,-12.099840074567926,-76.99355495292697,73.0,2,2,5,False,False,False,27,1.804,2026-05-08,3850.0
LIM-02869,San Martín de Porres,-12.001896909404927,-77.05694880243554,76.9,2,1,4,False,False,True,10,0.547,2026-05-01,1950.0
LIM-02870,San Isidro,-12.120797597650736,-77.02259676996832,65.8,2,1,10,True,False,True,7,1.008,2026-03-15,5600.0
LIM-02871,Jesús María,-12.07239059689828,-77.04627372446231,100.6,3,2,4,False,False,False,4,2.478,2026-04-28,
LIM-02872,Magdalena del Mar,-12.090232253396778,-77.08437728239943,63.9,2,1,16,True,False,False,17,6.719,2026-04-28,2800.0
LIM-02873,San Isidro,-12.0856423083219,-77.04511880969723,108.7,3,1,4,True,False,True,6,3.534,2026-08-10,8800.0
LIM-02874,Barranco,-12.150280257534922,-77.01500358858021,57.9,2,1,4,True,False,False,12,0.192,2026-04-22,3700.0
LIM-02875,Miraflores,-12.125572053953437,-77.02768248699451,69.6,2,1,6,False,False,False,16,1.401,2026-04-14,5100.0
LIM-02876,Barranco,-12.125564823834125,-77.0284683148319,70.8,1,1,4,False,False,True,34,1.486,2026-03-27,4550.0
LIM-02877,Surco (Santiago de Surco),-12.134920966126804,-76.98500328062869,99.8,3,3,3,True,True,False,34,3.339,2026-02-26,4950.0
LIM-02878,La Molina,-12.078165258020825,-76.94473474403573,81.8,2,1,14,False,True,False,6,6.759,2026-07-22,3700.0
LIM-02879,San Borja,-12.114774475720514,-76.98853188221639,112.7,4,2,10,False,True,False,26,2.465,2026-06-18,5100.0
LIM-02880,San Isidro,-12.08892108418037,-77.04840564080041,77.9,2,1,15,True,True,True,26,3.978,2026-07-17,5150.0
LIM-02881,Miraflores,-12.138567547908849,-77.01740633998389,89.3,3,2,8,False,True,False,9,0.424,2026-07-19,6350.0
LIM-02882,Miraflores,-12.126644810548624,-77.02338805316782,74.6,3,3,15,False,False,True,23,0.94,2026-02-28,6450.0
LIM-02883,San Borja,-12.122799290873113,-76.98422916402646,108.6,4,3,10,False,True,False,14,3.216,2026-03-05,5950.0
LIM-02884,Surco (Santiago de Surco),-12.142259679862434,-76.98327083399141,83.3,3,2,5,False,False,False,16,3.525,2026-07-14,3450.0
LIM-02885,San Borja,-12.093294359517227,-76.99961944080849,69.9,2,1,10,False,False,False,35,0.833,2026-04-06,3100.0
LIM-02886,Barranco,-12.156747910671644,-77.02338449448771,80.2,2,2,4,True,True,True,7,0.907,2026-02-24,6300.0
LIM-02887,San Isidro,-12.088580926494313,-77.0153036280889,72.6,2,1,12,True,True,True,12,0.946,2026-07-30,8250.0
LIM-02888,Callao,-12.038392817815316,-77.12158682163258,135.6,3,1,4,False,True,False,39,8.168,2026-07-22,2750.0
LIM-02889,Miraflores,-12.12143092776324,-77.02041879561394,76.6,2,2,17,True,False,False,28,0.774,2026-04-11,4950.0
LIM-02890,Miraflores,-12.109174794739324,-77.03397664390627,48.3,2,1,14,False,True,True,19,2.39,2026-04-19,3050.0
LIM-02891,Miraflores,-12.114726968502335,-77.05174259696165,62.2,1,1,5,True,False,False,14,4.138,2026-02-17,5050.0
LIM-02892,Comas,-11.941602756832998,-77.07672806917367,69.0,1,1,2,False,True,False,24,3.71,2026-03-18,1350.0
LIM-02893,Jesús María,-12.064596212928198,-77.04412894938166,112.8,4,3,16,False,False,True,13,1.607,2026-04-20,4950.0
LIM-02894,Jesús María,-12.051520742920099,-77.04058641960475,102.5,3,3,5,False,False,True,31,0.487,2026-04-01,4450.0
LIM-02895,Comas,-11.950647226950101,-77.05708943908935,1076.9,3,1,2,True,False,False,5,2.468,2026-02-24,2350.0
LIM-02896,Miraflores,-12.132610410802114,-77.01564860598327,82.3,2,1,12,False,False,False,12,0.144,2026-03-23,7150.0
LIM-02897,Ate ,-12.058614974547865,-76.91130487813719,89.5,2,2,9,False,False,True,4,10.827,2026-07-20,2400.0
LIM-02898,Miraflores,-12.10916686436316,-77.038702816476,98.8,3,2,8,False,True,False,4,2.869,2026-06-06,8350.0
LIM-02899,Jesús María,-12.06004758852246,-77.04186837382233,94.5,2,2,8,False,False,False,6,1.05,2026-05-17,4850.0
LIM-02900,La Molina,-12.093244443200007,-76.94316470446884,137.6,4,3,7,True,False,False,10,6.837,2026-02-25,10650.0
LIM-02901,La Molina,-12.112432162593272,-76.95210669605939,103.5,3,2,10,True,True,True,37,6.367,2026-07-22,5250.0
LIM-02902,San Martín de Porres,-12.006997080879078,-77.0749297683824,73.5,2,1,2,False,False,True,2,2.011,2026-05-06,2700.0
LIM-02903,Miraflores,-12.114525749866317,-77.02844755800778,92.8,3,2,10,False,True,False,9,1.631,2026-04-08,7850.0
LIM-02904,Comas,-11.943800677667793,-77.06926000661065,156.1,4,3,7,False,False,False,11,3.222,2026-07-05,3300.0
LIM-02905,La Molina,-12.084635827038936,-76.94733438928276,156.7,5,3,6,True,False,True,10,6.386,2026-05-22,11500.0
LIM-02906,Lince,-12.091380133019308,-77.01633719437349,112.8,4,3,10,True,False,False,10,0.786,2026-02-28,5350.0
LIM-02907,Ate,-12.034230930503483,-76.89942934620716,96.9,4,3,6,False,True,False,7,11.421,2026-05-21,2750.0
LIM-02908,San Isidro,-12.093081698378946,-77.03444227032875,62.3,2,1,6,False,False,True,8,2.599,2026-03-13,5750.0
LIM-02909,San Martín de Porres,-11.991862438331635,-77.07991279410535,67.9,2,2,2,True,True,False,5,2.338,2026-08-09,1850.0
LIM-02910,Jesús María,-12.07169121180368,-77.06619655184717,124.4,4,3,9,False,False,False,4,3.904,2026-04-21,8050.0
LIM-02911,Pueblo Libre,-12.06730758203667,-77.0424676186396,41.3,1,1,4,False,False,False,15,1.792,2026-03-29,1600.0
LIM-02912,Miraflores,-12.115597139741828,-77.01696389735157,121.4,3,2,3,False,False,False,7,0.416,2026-05-27,9350.0
LIM-02913,San Borja,-12.119436895537628,-76.98957658115154,69.9,2,1,8,True,False,True,6,2.529,2026-03-28,5450.0
LIM-02914,Lince,-12.080623242855498,-77.06059676860508,125.8,4,3,6,False,False,False,11,4.109,2026-03-14,6350.0
LIM-02915,Magdalena del Mar,-12.08600190193664,-77.07520892819213,76.3,1,1,9,False,True,False,17,5.653,2026-02-24,3850.0
LIM-02916,Miraflores,-12.107238302405662,-77.03092554449982,94.5,2,2,16,True,True,False,11,2.195,2026-03-23,8250.0
LIM-02917,Barranco,-12.144406714220596,-77.01320621474039,150.2,4,3,9,False,True,False,10,0.381,2026-07-23,15100.0
LIM-02918,Chorrillos,-12.186283006224778,-77.02351236976256,73.8,2,1,6,False,False,False,18,1.129,2026-05-08,2450.0
LIM-02919,San Isidro,-12.106935807954889,-77.03948052259744,76.1,3,2,5,False,False,True,22,3.038,2026-06-18,6350.0
LIM-02920,Pueblo Libre,-12.078821776975037,-77.05566704473254,60.0,1,1,5,False,False,False,24,3.621,2026-06-27,2600.0
LIM-02921,Comas,-11.94072643310236,-77.07128294040506,68.9,2,1,14,False,False,True,19,3.606,2026-06-03,1600.0
LIM-02922,San Isidro,-12.098666833215692,-77.04358851220091,76.5,2,1,13,True,True,True,13,3.59,2026-04-02,6100.0
LIM-02923,Miraflores,-12.13458478478757,-77.02708008032286,62.8,2,1,16,True,True,False,5,1.239,2026-07-19,4700.0
LIM-02924,Lince,-12.09865664041178,-77.0172381715598,45.6,1,1,5,False,True,True,17,0.779,2026-03-14,2100.0
LIM-02925,San Isidro,-12.122382261298881,-77.02699836315331,79.5,2,2,8,True,False,False,16,1.377,2026-06-20,8500.0
LIM-02926,Jesús María,-12.111033699086416,-77.03609515117282,92.4,4,3,5,False,False,False,8,2.535,2026-07-09,4000.0
LIM-02927,Lince,-12.08668138187546,-77.0325401983254,51.1,2,1,10,False,False,False,10,2.279,2026-07-26,1800.0
LIM-02928,Jesús María,-12.045757235498286,-77.03105906371461,75.9,2,2,6,False,True,False,15,0.497,2026-07-17,4250.0
LIM-02929,Surco (Santiago de Surco),-12.113438645714503,-77.01589418909403,149.0,5,3,3,False,False,False,11,0.526,2026-08-03,10800.0
LIM-02930,Pueblo Libre,-12.085338776945477,-77.03883312937919,47.6,1,1,5,False,True,False,10,2.866,2026-03-26,1600.0
LIM-02931,Jesús María,-12.071801160431313,-77.02317889229785,148.4,4,3,5,True,True,False,6,1.164,2026-03-05,11350.0
LIM-02932,Barranco,-12.166974954120603,-77.01592060380555,56.4,2,2,13,True,False,True,8,0.565,2026-03-08,4100.0
LIM-02933,Jesús María,-12.089345314370298,-77.03901284835078,85.3,2,1,16,False,False,True,17,3.042,2026-07-29,3050.0
LIM-02934,Los Olivos,-11.983269671171564,-77.07195599836807,132.5,3,2,2,False,False,False,2,1.585,2026-06-16,3250.0
LIM-02935,Lince,-12.087805984213302,-77.03581482035688,112.9,2,1,8,False,True,False,4,2.655,2026-05-18,5150.0
LIM-02936,Magdalena del Mar,-12.097689515322543,-77.08303044450437,90.7,3,2,11,True,True,False,6,7.162,2026-04-26,4650.0
LIM-02937,Surco (Santiago de Surco),-12.131967576350318,-76.99558814419518,76.1,2,2,10,False,False,True,11,2.197,2026-06-08,4300.0
LIM-02938,San Isidro,-12.08924140332355,-77.03002879829273,66.2,2,2,8,False,False,False,6,2.187,2026-07-21,4950.0
LIM-02939,Barranco,-12.153442571080742,-77.01636139383403,58.2,1,1,7,False,False,False,13,0.25,2026-05-02,3100.0
LIM-02940,San Isidro,-12.09676557635205,-77.0128607631397,155.6,4,3,10,True,True,True,15,0.258,2026-03-23,19200.0
LIM-02941,Comas,-11.956125750080282,-77.06079670545037,84.0,3,2,2,False,False,True,4,1.791,2026-02-24,2050.0
LIM-02942,Barranco,-12.165533964291086,-77.03926594273614,77.6,2,1,9,False,False,False,5,2.452,2026-03-18,
LIM-02943,Surquillo,-12.13268766815258,-76.99776827254531,46.5,2,1,11,False,False,True,16,1.954,2026-05-28,2050.0
LIM-02944,Miraflores,-12.113309026386462,-77.04405145133912,51.8,1,1,12,True,False,True,6,3.325,2026-07-11,4200.0
LIM-02945,Surco (Santiago de Surco),-12.13905489417706,-77.00171269110606,95.8,4,3,3,True,False,False,21,1.555,2026-02-21,4700.0
LIM-02946,La Molina,-12.109253443153893,-76.94193908230379,99.1,3,2,7,True,False,False,31,7.31,2026-03-29,3650.0
LIM-02947,Surco (Santiago de Surco),-12.135757067432204,-76.98999389901284,87.6,3,3,16,False,False,False,45,2.802,2026-03-26,4450.0
LIM-02948,Surquillo,-12.129685855981432,-77.03484525982716,40.5,2,1,3,False,False,True,32,2.133,2026-06-02,1500.0
LIM-02949,Callao,-12.036675454172324,-77.12705766683648,83.0,2,1,6,False,False,False,9,8.57,2026-07-04,2300.0
LIM-02950,Los Olivos,-11.975845860659042,-77.08926938953527,144.5,3,2,2,True,True,False,26,2.898,2026-05-09,3650.0
LIM-02951,Miraflores,-12.11292192817017,-77.02193944324013,57.1,2,2,12,True,True,False,10,1.032,2026-02-16,4800.0
LIM-02952,San Miguel,-12.06433244367138,-77.07859944138356,103.9,4,3,5,False,True,False,20,4.798,2026-02-28,3500.0
LIM-02953,Miraflores,-12.132559141430685,-77.04406205653095,25.0,1,1,17,True,True,False,12,3.087,2026-05-18,1600.0
LIM-02954,San Martín de Porres,-11.997987434589344,-77.06865208056342,69.6,2,1,10,False,False,True,12,1.029,2026-03-09,2400.0
LIM-02955,San Borja,-12.101658385183342,-76.9874306550681,48.8,1,1,4,True,True,False,16,2.452,2026-04-03,2750.0
LIM-02956,Surco (Santiago de Surco),-12.13361344593108,-77.00290884947894,1224.2,4,2,6,False,False,False,27,1.391,2026-05-25,6300.0
LIM-02957,Miraflores,-12.116766790888283,-77.05319094843041,99.4,3,2,8,False,False,True,10,4.284,2026-08-05,6500.0
LIM-02958,San Isidro,-12.113155552722711,-77.04955507223033,61.0,2,1,14,True,True,False,8,3.92,2026-03-13,
LIM-02959,Barranco,-12.142751565363426,-77.0285430910429,76.8,2,2,20,False,True,False,22,1.399,2026-07-12,3800.0
LIM-02960,San Martín de Porres,-12.004733970330074,-77.0620999498383,132.2,4,3,4,False,False,False,34,0.864,2026-06-24,3100.0
LIM-02961,Surquillo,-12.11050658532059,-77.0189196309002,100.4,3,2,11,False,True,False,7,0.909,2026-03-08,3950.0
LIM-02962,Ate,-12.035360133853382,-76.92808193571189,80.8,2,1,3,True,True,False,6,8.644,2026-07-16,2100.0
LIM-02963,Miraflores,-12.113074297909781,-77.02762581734058,37.0,2,2,10,False,True,False,13,1.589,2026-08-08,2950.0
LIM-02964,Jesús María,-12.069415363294127,-77.06454417205039,60.0,2,1,6,True,False,False,33,3.617,2026-06-03,3050.0
LIM-02965,Barranco,-12.141694460445786,-77.01522791939752,89.4,2,2,12,False,False,True,20,0.062,2026-04-04,7150.0
LIM-02966,San Borja,-12.100039067353334,-77.01033196871126,176.2,4,3,16,True,True,True,8,0.473,2026-05-14,12550.0
LIM-02967,Surco (Santiago de Surco),-12.117053986063393,-77.0049902848823,93.4,3,3,11,False,False,False,16,0.96,2026-06-10,4100.0
LIM-02968,Surco (Santiago de Surco),-12.135408608393552,-76.99049409541882,78.2,2,1,6,True,True,False,3,2.745,2026-05-03,3800.0
LIM-02969,Jesús María,-12.071632516078692,-77.02799719580638,172.4,4,3,3,True,False,False,32,1.487,2026-05-16,8000.0
LIM-02970,Miraflores,-12.109915198292287,-77.00302654927717,85.4,3,2,7,False,True,False,15,0.824,2026-07-09,7350.0
LIM-02971,Magdalena del Mar,-12.101384651317161,-77.08817838606936,52.7,1,1,12,False,False,False,5,7.849,2026-07-12,2800.0
LIM-02972,Lince,-12.101123209672137,-77.04045927592058,65.5,2,2,7,True,False,False,4,3.289,2026-05-17,4350.0
LIM-02973,Miraflores,-12.115181237905007,-77.02321361257955,103.3,3,2,11,True,False,True,34,1.061,2026-04-21,8050.0
LIM-02974,San Martín de Porres,-12.001372284215392,-77.0665745278203,88.0,2,2,7,False,False,True,24,0.91,2026-07-08,2300.0
LIM-02975,San Borja,-12.122790328940813,-77.02456900427505,116.0,5,3,8,True,True,True,10,1.11,2026-07-06,9150.0
LIM-02976,Surquillo,-12.10869349684744,-77.01645195817312,38.9,2,2,9,False,False,False,7,0.646,2026-06-05,1250.0
LIM-02977,Lince,-12.06792640381965,-77.03914571571876,43.0,2,1,6,False,False,False,13,1.756,2026-07-28,1750.0
LIM-02978,Pueblo Libre,-12.09315691055547,-77.08618825438838,59.3,2,1,5,False,False,False,14,7.077,2026-04-26,2150.0
LIM-02979,Pueblo Libre,-12.061332100057403,-77.07914601335992,68.5,3,3,3,False,True,False,12,4.774,2026-06-29,2550.0
LIM-02980,Los Olivos,-11.999344810188948,-77.07831329351569,97.9,3,2,1,True,False,False,3,2.089,2026-06-07,3750.0
LIM-02981,Jesús María,-12.078403439562178,-77.04829421976022,98.1,3,2,7,True,True,False,32,3.176,2026-05-21,4000.0
LIM-02982,Surco (Santiago de Surco),-12.112913809053088,-76.98290276567684,209.1,5,4,10,True,True,True,8,3.032,2026-08-09,13950.0
LIM-02983,Miraflores,-12.125039888582155,-77.025147822619,59.2,2,1,13,True,True,True,4,1.127,2026-04-19,4400.0
LIM-02984,Jesús María,-12.072520739250148,-77.03762952675399,72.4,3,2,12,True,False,False,6,2.098,2026-04-10,3850.0
LIM-02985,San Isidro,-12.088045605590718,-77.03637930796982,67.7,2,2,10,True,False,True,18,2.722,2026-05-16,8200.0
LIM-02986,Barranco,-12.169997682168727,-77.02985935136324,98.9,3,2,15,False,True,True,8,1.611,2026-05-12,7650.0
LIM-02987,San Isidro,-12.096334862389924,-77.03890499944644,122.2,3,2,11,False,False,False,8,3.067,2026-05-08,11350.0
LIM-02988,San Borja,-12.107529443136464,-76.99025379183037,78.0,2,1,4,True,False,False,9,2.225,2026-07-17,4200.0
LIM-02989,Miraflores,-12.098752148321015,-77.01700925396807,145.3,3,2,12,True,False,False,12,0.76,2026-07-28,12800.0
LIM-02990,Jesús María,-12.088428889971974,-77.05077449621334,63.8,2,2,4,False,True,True,10,4.208,2026-07-26,3050.0
LIM-02991,Surquillo,-12.1192784717974,-77.02864938314859,90.4,3,2,5,True,False,False,20,1.624,2026-05-10,3100.0
LIM-02992,Surquillo,-12.125840269489883,-77.01347210208615,103.5,3,2,10,False,False,False,36,0.145,2026-06-02,4150.0
LIM-02993,Surco (Santiago de Surco),-12.147412941644296,-76.9892642284339,61.4,1,1,2,False,False,False,10,2.936,2026-06-20,3450.0
LIM-02994,San Borja,-12.094771167275224,-76.98380737096736,108.3,3,2,3,True,False,False,13,2.486,2026-02-22,5750.0
LIM-02995,Jesús María,-12.07328018197599,-77.05714515447552,33.4,1,1,7,False,False,True,29,3.252,2026-05-23,1500.0
LIM-02996,Magdalena del Mar,-12.102166806357118,-77.08371356705119,101.5,3,2,5,True,False,False,8,7.571,2026-06-06,3950.0
LIM-02997,Lince,-12.09131415081371,-77.02422607762952,47.8,1,1,11,False,True,False,23,1.553,2026-06-29,1650.0
LIM-02998,Barranco,-12.156158724923344,-77.02628920285211,83.9,2,2,17,False,False,False,17,1.198,2026-02-15,7250.0
LIM-02999,Ate,-12.052085638128892,-76.92139621019214,117.1,3,1,3,False,False,False,9,10.064,2026-03-22,2550.0
LIM-03000,Miraflores,-12.136273344131471,-77.01435032155831,107.3,3,2,12,False,True,True,3,0.302,2026-04-02,9400.0
LIM-03001,Surquillo,-12.117804754510782,-77.03395206727538,86.4,2,1,2,True,False,False,19,2.191,2026-08-07,3450.0
LIM-03002,Jesús María,-12.077910480299826,-77.0243255623227,81.4,2,2,8,False,False,False,11,1.166,2026-02-16,3300.0
LIM-03003,Barranco,-12.15849356047684,-77.0287516249573,62.0,1,1,5,False,True,True,4,1.336,2026-05-22,5000.0
LIM-03004,San Miguel,-12.075539444924342,-77.0823992591664,76.2,2,1,4,True,False,False,5,5.644,2026-03-09,3450.0
LIM-03005,San Isidro,-12.094321326238584,-77.0380055959431,59.5,2,2,10,True,False,True,10,2.973,2026-06-02,5500.0
LIM-03006,San Miguel,-12.0840797665715,-77.08954365258153,72.9,3,2,4,False,False,False,17,6.786,2026-03-17,3300.0
LIM-03007,Jesús María,-12.075329609809195,-77.05215343799715,72.9,2,2,8,False,False,False,2,3.084,2026-06-13,2800.0
LIM-03008,Miraflores,-12.09519651527719,-77.0191210801756,58.3,2,1,10,False,True,False,7,0.918,2026-07-10,4150.0
LIM-03009,San Isidro,-12.071754800896775,-77.04086788648823,48.7,1,1,8,True,False,False,8,2.211,2026-04-12,4850.0
LIM-03010,San Miguel,-12.090049082281558,-77.09967535766214,51.8,1,1,4,True,False,False,28,8.072,2026-06-15,2100.0
LIM-03011,Surco (Santiago de Surco),-12.145973370799062,-76.97323989808956,34.7,1,1,9,False,False,False,19,4.637,2026-06-27,1450.0
LIM-03012,Los Olivos,-11.981612839323903,-77.07114740763583,79.7,2,2,7,True,True,True,4,1.387,2026-04-10,2900.0
LIM-03013,San Miguel,-12.064715352720334,-77.10090834673223,87.5,2,2,6,True,True,False,45,7.168,2026-05-05,3500.0
LIM-03014,Pueblo Libre,-12.07838235159491,-77.08098343907895,31.8,1,1,8,True,False,False,11,5.662,2026-06-12,1050.0
LIM-03015,Surco (Santiago de Surco),-12.132123909076844,-76.97261306362758,102.5,3,2,4,False,False,False,6,4.642,2026-03-16,5200.0
LIM-03016,Pueblo Libre,-12.04963639200063,-77.06972310451746,72.1,2,1,4,False,False,True,19,3.658,2026-04-28,3100.0
LIM-03017,Callao,-12.056725577531726,-77.09335794113798,58.3,2,1,3,False,True,False,17,6.234,2026-03-18,1300.0
LIM-03018,Miraflores,-12.112625015338912,-77.02461374778304,65.3,2,2,6,True,False,False,21,1.304,2026-07-24,4800.0
LIM-03019,Surco (Santiago de Surco),-12.128754951008395,-76.99328537759638,133.0,4,3,2,False,True,True,23,2.363,2026-05-19,7300.0
LIM-03020,Barranco,-12.156458608220351,-77.01936187425207,51.3,2,1,8,True,False,True,20,0.662,2026-05-14,3050.0
LIM-03021,La Molina,-12.074090059219097,-76.91860858872867,112.8,3,3,5,False,False,False,16,9.635,2026-07-12,5800.0
LIM-03022,San Miguel,-12.087596409709203,-77.11910662283304,87.1,2,1,5,False,False,False,5,9.828,2026-03-30,2750.0
LIM-03023,Magdalena del Mar,-12.07942144256267,-77.0731279017659,60.0,2,1,4,False,False,False,16,5.015,2026-02-16,2300.0
LIM-03024,Jesús María,-12.08064941158251,-77.05218244329036,110.5,3,1,5,False,False,False,18,3.59,2026-03-25,4200.0
LIM-03025,Surco (Santiago de Surco),-12.140735612646433,-76.997557120621,108.1,3,2,7,False,False,False,7,1.977,2026-06-28,6900.0
LIM-03026,Miraflores,-12.134161853883521,-77.02760825777429,69.2,3,2,12,False,True,False,7,1.295,2026-06-02,6050.0
LIM-03027,Surco (Santiago de Surco),-12.146091112929799,-76.99819504979396,202.4,5,4,12,False,True,True,5,1.957,2026-07-27,16900.0
LIM-03028,Chorrillos,-12.179821171867943,-77.01584243199375,113.4,3,2,4,False,False,True,27,0.271,2026-04-02,3900.0
LIM-03029,Jesús María,-12.102776182694928,-77.04928292954587,46.6,1,1,4,True,False,False,40,4.2,2026-02-23,1850.0
LIM-03030,La Molina,-12.089599988094108,-76.96096269813822,97.1,3,3,3,True,True,True,22,4.886,2026-05-02,6350.0
LIM-03031,Surquillo,-12.120795690846897,-77.01292360754627,143.1,4,3,16,True,True,False,11,0.357,2026-03-10,7050.0
LIM-03032,San Isidro,-12.08771986681666,-77.0281073465796,62.1,2,2,14,False,True,False,23,1.918,2026-06-10,5450.0
LIM-03033,Barranco,-12.144324231139718,-77.0279047874101,71.5,1,1,9,False,False,True,22,1.352,2026-05-28,5050.0
LIM-03034,Barranco,-12.157891649173191,-76.99898524706131,103.8,3,2,4,False,True,True,7,2.011,2026-07-30,8800.0
LIM-03035,Comas,-11.94850260911311,-77.04597313905202,117.1,3,2,1,False,False,False,4,3.206,2026-03-01,2550.0
LIM-03036,Pueblo Libre,-12.076415416462252,-77.05297257240996,96.8,2,1,2,True,False,True,3,3.234,2026-08-01,5350.0
LIM-03037,Jesús María,-12.055768521346291,-77.03901815107167,101.3,3,2,5,False,True,False,6,0.484,2026-05-06,4950.0
LIM-03038,San Isidro,-12.107067656165478,-77.03633883656867,85.7,2,1,7,True,False,True,12,2.721,2026-07-14,10900.0
LIM-03039,Miraflores,-12.129737127979409,-77.01570353474318,58.2,1,1,7,False,False,True,20,0.46,2026-03-30,4300.0
LIM-03040,Jesús María,-12.087143009819407,-77.03015094465526,91.9,2,2,4,False,False,False,12,2.072,2026-03-20,4200.0
LIM-03041,La Molina,-12.104584473753235,-76.93550371184625,96.7,3,2,11,False,False,False,22,7.848,2026-07-30,5200.0
LIM-03042,San Martín de Porres,-11.995215956516494,-77.08744340010175,77.2,2,2,2,False,False,False,7,3.082,2026-07-22,2800.0
LIM-03043,San Miguel,-12.074965160027123,-77.09327617725944,125.3,4,3,3,False,False,False,16,6.694,2026-02-20,5650.0
LIM-03044,Magdalena del Mar,-12.080106857765974,-77.06881595960428,69.0,2,1,4,True,True,False,16,4.698,2026-05-18,2950.0
LIM-03045,San Miguel,-12.064903091907277,-77.08274706115144,134.6,3,2,4,True,False,False,43,5.249,2026-04-13,5800.0
LIM-03046,Ate,-12.017634599425618,-76.91692972657452,99.9,2,1,1,False,False,False,5,9.044,2026-07-24,1900.0
LIM-03047,Magdalena del Mar,-12.096386473210492,-77.08250170256528,74.1,2,2,8,False,True,False,43,7.019,2026-02-20,2950.0
LIM-03048,Lince,-12.088226354765554,-77.01428951615146,38.0,1,1,4,False,False,True,38,0.916,2026-04-06,1450.0
LIM-03049,San Martín de Porres,-12.014502716141601,-77.09346783657423,177.4,5,4,4,False,True,False,5,4.179,2026-02-23,5050.0
LIM-03050,Barranco,-12.141041061990284,-77.03269598106759,69.9,3,3,8,True,False,False,12,1.851,2026-07-28,5600.0
LIM-03051,Los Olivos,-11.967477589102643,-77.08742553371401,42.6,2,2,3,False,False,False,29,2.717,2026-02-24,1250.0
LIM-03052,Miraflores,-12.113284804339871,-77.04072260983548,102.9,3,2,3,False,False,True,2,2.968,2026-04-20,10100.0
LIM-03053,Lince,-12.098769490630861,-77.01833186147456,66.9,2,2,9,False,False,False,6,0.893,2026-06-09,2950.0
LIM-03054,San Miguel,-12.07318074973168,-77.07743000692184,57.9,2,2,10,True,True,False,1,5.044,2026-04-12,2250.0
LIM-03055,Jesús María,-12.071137604584553,-77.04988854641358,107.8,3,2,3,False,False,False,21,2.561,2026-03-27,4850.0
LIM-03056,San Borja,-12.106631579521276,-76.99264422725331,39.8,1,1,5,True,True,True,2,1.982,2026-07-10,3000.0
LIM-03057,Jesús María,-12.081799190898288,-77.04912605493149,63.7,2,1,4,False,False,True,10,3.558,2026-04-10,2400.0
LIM-03058,Miraflores,-12.10682810421736,-77.04370372191143,68.1,1,1,5,False,False,True,16,3.469,2026-07-02,4700.0
LIM-03059,Barranco,-12.124796309052265,-76.9947827159079,91.9,2,1,11,True,True,True,4,2.178,2026-04-21,6400.0
LIM-03060,Surco (Santiago de Surco),-12.14832412831557,-76.97850312041916,194.6,5,3,8,False,False,False,39,4.104,2026-02-18,
LIM-03061,Jesús María,-12.064954672244886,-77.04474696713605,74.0,2,1,4,False,False,False,19,1.677,2026-06-13,3100.0
LIM-03062,Magdalena del Mar,-12.130034201816084,-77.08597067906871,90.4,3,2,4,False,False,False,22,7.651,2026-07-20,3500.0
LIM-03063,Barranco,-12.14137668060621,-77.02409921252604,168.7,5,3,9,False,False,True,12,0.916,2026-05-12,11850.0
LIM-03064,Los Olivos,-11.9913418553985,-77.07980910661703,88.1,2,2,4,True,True,False,14,2.344,2026-03-18,2850.0
LIM-03065,La Molina,-12.093099608174791,-76.94402901310886,127.8,3,2,8,True,False,True,8,6.743,2026-06-27,6350.0
LIM-03066,Magdalena del Mar,-12.11125629594105,-77.07198092190481,52.5,2,1,5,False,False,False,9,6.366,2026-04-06,2000.0
LIM-03067,La Molina,-12.089387337939392,-76.94929350592572,205.9,5,3,7,True,False,False,7,6.155,2026-05-19,12900.0
LIM-03068,Miraflores,-12.111034475619586,-77.04685295303489,59.7,1,1,13,True,True,False,4,3.669,2026-07-03,5100.0
LIM-03069,Pueblo Libre,-12.095887759164725,-77.03751529217142,81.7,3,2,5,False,False,False,8,2.916,2026-05-13,4150.0
LIM-03070,Magdalena del Mar,-12.099813756274187,-77.07284967903801,84.2,2,1,13,False,True,True,3,6.609,2026-03-06,4750.0
LIM-03071,San Isidro,-12.103360425225793,-77.03122089599766,87.4,2,2,11,True,True,False,44,2.35,2026-02-24,7400.0
LIM-03072,Ate,-12.027427415793538,-76.92106891263289,80.1,2,1,3,False,False,False,7,8.954,2026-07-29,1900.0
LIM-03073,Surquillo,-12.109518867905797,-77.03624413338395,70.2,2,1,7,False,False,False,6,2.604,2026-02-21,3000.0
LIM-03074,Pueblo Libre,-12.087726605359283,-77.06409960637077,131.6,4,3,7,True,False,True,10,4.963,2026-05-03,6000.0
LIM-03075,Chorrillos,-12.180355532548365,-77.02197866410785,170.1,5,3,7,True,True,False,15,0.553,2026-06-11,6500.0
LIM-03076,San Martín de Porres,-11.980226749139375,-77.07208558743137,85.1,3,2,4,False,False,False,5,1.347,2026-07-13,2250.0
LIM-03077,Surco (Santiago de Surco),-12.126427616198711,-76.9841270691195,82.3,3,2,13,False,True,False,15,3.336,2026-04-04,4150.0
LIM-03078,Jesús María,-12.084618801548865,-77.0398196462435,61.8,2,1,9,False,False,False,5,2.947,2026-05-03,2350.0
LIM-03079,Jesús María,-12.076804846460599,-77.037140731969,189.0,5,3,6,True,False,False,4,2.438,2026-02-28,8200.0
LIM-03080,Surco (Santiago de Surco),-12.137821309780897,-76.97335601031028,99.0,3,2,8,False,False,True,22,4.624,2026-04-29,4550.0
LIM-03081,Barranco,-12.155855783125869,-77.01672177912558,100.0,3,2,19,False,True,True,7,0.518,2026-05-31,6950.0
LIM-03082,Miraflores,-12.14162254587586,-77.01620941015028,93.7,3,3,16,False,True,False,8,0.069,2026-08-10,8500.0
LIM-03083,Lince,-12.093231460584681,-77.02737367311397,137.9,4,3,5,False,True,True,2,1.835,2026-07-08,5850.0
LIM-03084,San Miguel,-12.060729608329616,-77.11560042479974,72.1,2,2,6,False,False,True,15,8.684,2026-03-20,4300.0
LIM-03085,San Miguel,-12.081973733844736,-77.09465424339226,54.7,2,1,12,False,True,True,8,7.156,2026-08-09,2150.0
LIM-03086,Surco (Santiago de Surco),-12.136239043565531,-77.00541253808285,172.2,5,3,4,False,False,False,22,1.148,2026-07-09,6750.0
LIM-03087,Miraflores,-12.119413692237757,-77.02662280003155,100.1,4,3,7,False,True,False,22,1.407,2026-03-25,6050.0
LIM-03088,Magdalena del Mar,-12.068882303263454,-77.08519212191176,90.3,2,2,10,True,True,True,12,5.634,2026-07-22,5250.0
LIM-03089,San Borja,-12.108193502742996,-76.99133182931963,147.1,4,3,5,False,False,False,11,2.102,2026-03-22,7650.0
LIM-03090,San Martín de Porres,-11.985772655756998,-77.06882766282233,106.1,3,3,3,True,False,True,7,1.651,2026-03-24,3500.0
LIM-03091,Los Olivos,-11.976078162064614,-77.05705715944775,145.4,5,4,5,False,False,False,45,0.774,2026-03-11,4000.0
LIM-03092,San Martín de Porres,-12.002012791126031,-77.0611688612617,97.4,3,2,6,False,True,True,7,0.546,2026-07-12,3300.0
LIM-03093,Chorrillos,-12.174549367322676,-77.03821228900885,109.4,3,2,2,True,False,False,27,2.284,2026-07-27,3500.0
LIM-03094,Ate,-12.055689595302193,-76.93038800041936,108.9,4,3,6,True,False,False,12,9.008,2026-02-16,3250.0
LIM-03095,Magdalena del Mar,-12.097944613367234,-77.0405662177652,70.3,2,2,7,False,False,False,2,3.256,2026-06-13,4350.0
LIM-03096,San Isidro,-12.086543388770242,-77.02458571536168,79.6,3,2,11,False,False,False,45,1.533,2026-03-01,5250.0
LIM-03097,San Isidro,-12.106804374733104,-77.03400662434743,75.0,2,2,5,False,False,False,5,2.509,2026-07-26,5200.0
LIM-03098,La Molina,-12.086798931628437,-76.94481554987625,119.8,4,3,7,False,False,False,7,6.646,2026-07-26,7550.0
LIM-03099,Barranco,-12.140895197380129,-77.02208232176514,60.5,1,1,5,False,True,True,13,0.705,2026-05-04,4600.0
LIM-03100,Miraflores,-12.130993592585753,-77.05260495869042,86.2,2,2,17,False,True,False,22,4.025,2026-05-03,5650.0
LIM-03101,Callao,-12.04345503448862,-77.12736794925549,96.7,3,3,3,False,False,True,15,9.004,2026-05-09,3000.0
LIM-03102,Miraflores,-12.120225398243464,-77.03074217113405,80.1,3,2,16,True,True,True,9,1.837,2026-04-24,6750.0
LIM-03103,Callao,-12.058581470760071,-77.12669031850552,91.3,2,1,4,False,False,False,10,9.864,2026-07-24,2800.0
LIM-03104,San Miguel,-12.101497773669603,-77.09982163188658,65.1,3,2,11,False,False,True,9,8.813,2026-07-27,3350.0
LIM-03105,Lince,-12.089583349304162,-77.00259522293624,62.1,1,1,2,False,False,False,12,0.365,2026-05-02,2800.0
LIM-03106,Lince,-12.080640891006256,-77.03631983649879,39.8,1,2,4,True,False,False,17,2.489,2026-02-25,1700.0
LIM-03107,Surco (Santiago de Surco),-12.11405585977437,-76.9916625599008,91.4,3,2,12,True,False,False,24,2.115,2026-02-25,3600.0
LIM-03108,lince,-12.078285330150662,-77.03038956457995,49.6,2,1,14,False,True,True,13,1.826,2026-06-15,2700.0
LIM-03109,Miraflores,-12.10758540521866,-77.02232648601652,77.4,2,1,8,False,False,False,11,1.296,2026-06-20,5400.0
LIM-03110,Callao,-12.071109254883464,-77.12382739319044,67.6,2,1,3,True,False,False,34,9.753,2026-07-29,1850.0
LIM-03111,Surco (Santiago de Surco),-12.136521869947835,-76.98003622502354,49.3,1,1,3,False,False,False,8,3.888,2026-03-26,1900.0
LIM-03112,Barranco,-12.134751042692054,-77.01607725367671,143.9,5,4,3,False,False,False,11,0.103,2026-02-19,10500.0
LIM-03113,Pueblo Libre,-12.0842528026048,-77.0785459724847,69.6,2,1,2,True,False,False,8,5.809,2026-07-08,2850.0
LIM-03114,Lince,-12.073517328452324,-77.03459004799075,108.0,3,2,6,False,False,False,7,1.98,2026-07-04,3750.0
LIM-03115,Magdalena del Mar,-12.086700185624796,-77.07776577984806,65.9,2,1,6,False,True,False,16,5.914,2026-07-28,2350.0
LIM-03116,Jesús María,-12.070303316218602,-77.05161798546398,137.7,4,3,3,False,False,True,4,2.603,2026-06-06,7900.0
LIM-03117,Miraflores,-12.125044431501632,-77.02328843837331,51.9,1,1,7,False,True,True,10,0.926,2026-04-08,6150.0
LIM-03118,Lince,-12.09693554185487,-77.02568329772984,71.9,2,2,5,False,False,False,7,1.634,2026-05-11,3850.0
LIM-03119,Surco (Santiago de Surco),-12.11369544847076,-76.98880016300623,67.0,2,1,2,False,False,True,11,2.411,2026-03-27,2700.0
LIM-03120,Surco (Santiago de Surco),-12.127417649787311,-76.99093301570308,218.4,5,4,7,False,False,True,10,2.602,2026-06-24,13950.0
LIM-03121,Miraflores,-12.117012606503895,-77.02837234750812,69.3,1,1,11,True,True,True,32,1.586,2026-03-24,4850.0
LIM-03122,Surco (Santiago de Surco),-12.139954196978426,-77.02081448404935,123.8,4,3,9,True,False,False,23,0.601,2026-03-09,7600.0
LIM-03123,Surco (Santiago de Surco),-12.13454554044492,-76.98566528845275,109.7,3,2,9,True,False,False,27,3.266,2026-08-02,5450.0
LIM-03124,Magdalena del Mar,-12.093523392760359,-77.06983975085872,77.4,2,2,6,False,True,False,11,5.856,2026-05-08,3400.0
LIM-03125,Miraflores,-12.116301491783197,-77.04121713532005,88.5,2,2,17,False,True,False,14,2.985,2026-03-15,7000.0
LIM-03126,Miraflores,-12.112287916538337,-77.02603301265924,115.9,4,3,7,True,True,False,16,1.46,2026-04-27,9650.0
LIM-03127,San Borja,-12.117689658310262,-76.99082473822703,111.5,3,2,9,True,False,False,8,2.326,2026-06-11,7400.0
LIM-03128,Miraflores,-12.138699163585844,-77.0153450352173,79.0,2,2,5,False,False,True,4,0.369,2026-04-08,7050.0
LIM-03129,Pueblo Libre,-12.072588629784718,-77.05697638268192,88.6,2,1,3,True,False,False,7,3.185,2026-03-31,3850.0
LIM-03130,Callao,-12.077566608047897,-77.1142407783182,156.9,4,3,5,False,False,False,16,8.936,2026-02-21,4300.0
LIM-03131,La Molina,-12.090683931939925,-76.93383873219,96.3,4,3,4,True,False,False,23,7.837,2026-03-09,6200.0
LIM-03132,Los Olivos,-11.97501027796134,-77.07517848024233,48.6,2,1,5,False,False,False,45,1.374,2026-03-28,1350.0
LIM-03133,Miraflores,-12.11519902169358,-77.02445596136485,52.8,2,1,11,True,True,True,3,1.191,2026-06-25,5800.0
LIM-03134,San Isidro,-12.073408835574165,-77.04415335833045,61.3,2,1,19,False,True,False,19,2.491,2026-07-08,
LIM-03135,Pueblo Libre,-12.096935087486843,-77.04977643950855,56.6,3,2,3,True,False,False,13,4.251,2026-07-28,2600.0
LIM-03136,San Miguel,-12.05010977963618,-77.11211653337108,59.5,2,2,2,False,False,False,39,8.206,2026-03-27,1700.0
LIM-03137,Chorrillos,-12.177496901909429,-77.0082991539102,81.4,3,2,5,False,True,False,23,1.002,2026-06-07,2800.0
LIM-03138,San Isidro,-12.09302629581393,-77.03648749245782,92.0,2,2,16,False,True,False,8,2.821,2026-05-02,8800.0
LIM-03139,San Miguel,-12.094377985891485,-77.08121535203128,84.1,2,1,6,False,True,False,8,6.764,2026-07-08,2850.0
LIM-03140,La Molina,-12.074837541157285,-76.9545665324447,87.1,2,1,20,False,True,False,8,5.799,2026-03-02,4450.0
LIM-03141,Surco (Santiago de Surco),-12.134502329563778,-76.99392019705421,130.6,4,3,8,True,False,False,3,2.369,2026-03-18,7300.0
LIM-03142,Miraflores,-12.121837608934259,-77.02867243892322,89.0,3,2,10,True,True,True,2,1.568,2026-02-20,10000.0
LIM-03143,Comas,-11.966248621378835,-77.05679339727939,157.6,5,3,3,False,False,True,5,0.93,2026-04-27,4650.0
LIM-03144,San Isidro,-12.096314438233831,-77.04927074340777,111.5,3,2,12,True,True,True,3,4.194,2026-02-22,11200.0
LIM-03145,Surquillo,-12.1045500601142,-77.00986541894298,58.1,1,1,10,False,True,False,10,0.578,2026-05-22,2300.0
LIM-03146,Lince,-12.0879353436258,-77.05545072953687,103.3,3,2,6,True,True,True,12,4.472,2026-04-18,5900.0
LIM-03147,Pueblo Libre,-12.05950960785227,-77.07111410468542,81.9,3,3,10,True,True,False,39,3.878,2026-03-27,4550.0
LIM-03148,Pueblo Libre,-12.060005257937304,-77.08185276008568,96.8,2,1,6,False,False,True,0,5.036,2026-04-02,4750.0
LIM-03149,Chorrillos,-12.18239314459289,-77.00816136720378,103.3,3,2,2,False,False,False,9,1.126,2026-03-31,3850.0
LIM-03150,Miraflores,-12.101958633694432,-77.02459843066988,72.1,3,3,4,False,False,False,11,1.659,2026-05-30,6100.0
LIM-03151,San Isidro,-12.0966564604281,-77.03122753623721,87.9,2,1,14,False,False,True,11,2.234,2026-03-27,7200.0
LIM-03152,Jesús María,-12.073003056990547,-77.03132172724503,76.7,1,1,7,False,False,False,37,1.755,2026-03-14,2600.0
LIM-03153,Surco (Santiago de Surco),-12.133812225328766,-76.99879130002995,72.3,2,1,11,False,True,False,2,1.838,2026-06-19,3900.0
LIM-03154,Miraflores,-12.120268210988707,-77.02208497182305,37.8,1,1,13,False,True,False,9,0.945,2026-08-06,3150.0
LIM-03155,Miraflores,-12.152661600279902,-77.02860773183387,60.1,1,1,4,False,False,False,4,1.326,2026-03-01,4200.0
LIM-03156,Surco (Santiago de Surco),-12.137226076778276,-76.99603481465603,101.3,2,1,5,False,False,True,6,2.17,2026-05-15,4850.0
LIM-03157,San Isidro,-12.11356735765995,-77.02102049001505,120.3,4,3,7,False,True,False,5,0.91,2026-08-01,12150.0
LIM-03158,San Isidro,-12.077683971573412,-77.01171744763917,109.7,4,3,10,True,False,False,20,0.206,2026-03-06,13100.0
LIM-03159,San Martín de Porres,-11.979867004099347,-77.08577759995437,82.3,3,3,4,False,False,False,11,2.634,2026-07-30,2200.0
LIM-03160,surco (santiago de surco),-12.124776740010534,-76.98499536490176,76.4,3,2,3,False,False,True,18,3.229,2026-02-21,3600.0
LIM-03161,Comas,-11.945861609248066,-77.05817059704823,89.7,2,1,2,False,False,False,31,2.963,2026-04-14,1900.0
LIM-03162,Ate,-12.058496179239244,-76.91202665093058,67.3,2,1,3,True,False,True,20,10.756,2026-03-10,2050.0
LIM-03163,Miraflores,-12.128990972015307,-77.0264338672516,38.1,2,2,11,False,False,False,4,1.288,2026-07-04,3150.0
LIM-03164,Pueblo Libre,-12.050288297122888,-77.06709693589754,45.7,2,2,5,False,False,True,24,3.368,2026-08-08,2000.0
LIM-03165,Jesús María,-12.08190636863824,-77.09201976673107,124.2,4,3,4,True,True,False,11,6.9,2026-06-21,6800.0
LIM-03166,Pueblo Libre,-12.101867144252633,-77.04468228810482,135.9,3,2,3,True,False,True,13,3.756,2026-04-11,8300.0
LIM-03167,Miraflores,-12.108738013898176,-77.03773679105207,95.5,3,2,4,False,True,True,26,2.787,2026-04-14,7800.0
LIM-03168,Miraflores,-12.103093962636585,-77.0322986857394,73.6,2,1,12,True,True,True,2,2.471,2026-04-25,6700.0
LIM-03169,San Isidro,-12.077289411754002,-77.03934351480021,54.4,2,2,14,False,True,False,15,2.623,2026-04-24,4550.0
LIM-03170,Jesús María,-12.06113982394901,-77.05840564071904,76.0,1,1,11,False,True,True,2,2.603,2026-08-09,4050.0
LIM-03171,Comas,-11.928581763873183,-77.05911711829604,115.5,4,3,2,False,False,True,6,4.856,2026-05-19,3050.0
LIM-03172,Lince,-12.084464791111358,-77.03383174922506,88.7,3,2,13,False,True,False,25,2.318,2026-06-19,3550.0
LIM-03173,Pueblo Libre,-12.0985155474819,-77.07169843174596,93.5,2,2,8,False,False,False,7,6.418,2026-03-04,4400.0
LIM-03174,Comas,-11.942665427502,-77.06020837580019,139.9,5,3,6,False,False,True,11,3.286,2026-07-31,3650.0
LIM-03175,Lince,-12.077641126730967,-77.03369656031549,126.6,3,2,5,False,False,False,23,2.185,2026-06-24,5050.0
LIM-03176,San Isidro,-12.098823240678795,-77.02556593714453,74.7,1,1,8,False,True,True,9,1.651,2026-05-06,
LIM-03177,Chorrillos,-12.176870033424875,-77.03418459345218,201.2,5,3,7,True,False,False,9,1.818,2026-03-08,9000.0
LIM-03178,Surco (Santiago de Surco),-12.14656941646822,-77.0046646718507,49.8,1,1,12,False,True,False,8,1.303,2026-04-13,3050.0
LIM-03179,San Isidro,-12.109220864919266,-77.02799642866995,66.3,2,2,19,True,True,True,4,1.809,2026-07-06,6150.0
LIM-03180,San Borja,-12.086242217822807,-77.00627691532138,95.9,2,1,14,False,True,False,18,0.309,2026-04-05,6100.0
LIM-03181,Callao,-12.034107843561438,-77.12894082715054,101.3,2,1,5,False,True,False,16,8.608,2026-03-16,2800.0
LIM-03182,Barranco,-12.149431765574953,-77.0284834912921,66.0,1,1,4,False,False,True,33,1.317,2026-07-23,4000.0
LIM-03183,San Borja,-12.104921716738884,-76.99981174460027,76.8,3,3,2,False,True,False,6,1.288,2026-04-07,3850.0
LIM-03184,Miraflores,-12.132870296684445,-77.0305661472328,151.8,4,3,13,True,False,True,15,1.62,2026-05-11,13650.0
LIM-03185,San Isidro,-12.089489101800728,-77.03921950123322,71.4,2,1,7,False,True,False,6,3.069,2026-03-31,
LIM-03186,San Isidro,-12.07608420994063,-77.04904278178138,61.3,2,2,20,False,True,False,31,2.981,2026-06-01,4950.0
LIM-03187,Pueblo Libre,-12.091950769359338,-77.05382209287296,128.8,4,3,11,True,False,False,13,4.644,2026-06-09,7150.0
LIM-03188,Chorrillos,-12.16913340040357,-77.00218536285291,107.6,3,2,5,True,False,False,40,1.795,2026-05-10,3850.0
LIM-03189,Miraflores,-12.11463173308826,-77.05232514423663,106.5,3,2,10,True,False,True,8,4.202,2026-02-21,13250.0
LIM-03190,Surco (Santiago de Surco),-12.12866872182133,-77.01364248740909,101.1,4,3,9,False,False,False,13,0.353,2026-03-12,6150.0
LIM-03191,Miraflores,-12.101386187985819,-77.01736571630269,48.3,2,2,10,False,True,True,8,0.955,2026-05-05,4000.0
LIM-03192,San Isidro,-12.072767781453948,-77.01786244391249,87.3,2,2,13,False,True,False,37,0.735,2026-02-21,7450.0
LIM-03193,San Borja,-12.111101804134472,-77.02415014766045,55.4,1,1,8,False,False,False,23,1.343,2026-05-09,2800.0
LIM-03194,Pueblo Libre,-12.065521915934124,-77.05331476198467,81.0,1,1,4,False,False,False,20,2.365,2026-08-01,3150.0
LIM-03195,Lince,-12.084089195531288,-77.01364544136261,83.8,2,1,4,True,False,False,22,0.688,2026-03-16,3200.0
LIM-03196,La Molina,-12.094385383515277,-76.95554894719,155.2,4,2,6,False,False,False,23,5.507,2026-06-23,6850.0
LIM-03197,San Borja,-12.105050230117428,-76.97964398607728,87.4,3,2,8,True,True,True,16,3.367,2026-05-10,5050.0
LIM-03198,Miraflores,-12.113042005657997,-77.03153593137056,95.3,3,2,6,True,True,False,11,1.997,2026-02-25,7700.0
LIM-03199,Miraflores,-12.118496855774996,-77.02562435491312,56.2,2,2,14,False,False,True,5,1.289,2026-04-06,4350.0
LIM-03200,Callao,-12.067174174513832,-77.12673079977456,115.8,3,3,5,False,True,True,4,9.981,2026-04-19,5450.0
LIM-03201,San Miguel,-12.082962727678268,-77.08078765768774,96.8,4,4,5,False,False,False,5,5.921,2026-03-14,5100.0
LIM-03202,San Martín de Porres,-12.004370889042097,-77.07058657458862,69.7,2,2,2,False,False,False,19,1.455,2026-04-04,1600.0
LIM-03203,San Martín de Porres,-12.00900932745917,-77.05990348773125,106.6,3,3,7,False,False,False,13,1.282,2026-05-28,2650.0
LIM-03204,Lince,-12.081337525020732,-77.01601271157068,96.4,2,1,12,True,True,False,7,0.464,2026-05-27,4550.0
LIM-03205,San Martín de Porres,-11.993882654844484,-77.08070980053061,92.3,3,2,1,False,False,False,6,2.374,2026-05-10,2150.0
LIM-03206,La Molina,-12.075045788789353,-76.90789945661781,84.5,3,1,7,True,False,False,3,10.768,2026-07-19,4200.0
LIM-03207,San Isidro,-12.107491468177928,-77.02049048821831,90.0,2,1,17,True,True,False,9,1.103,2026-04-02,7650.0
LIM-03208,San Isidro,-12.104129744234747,-77.03021380757944,101.4,2,2,13,True,True,True,6,2.221,2026-06-02,9600.0
LIM-03209,Miraflores,-12.102445166576825,-77.04136585277183,57.5,1,1,4,False,True,True,5,3.415,2026-06-06,
LIM-03210,Miraflores,-12.123073950368875,-77.04776039275073,54.3,1,1,8,True,True,False,2,3.595,2026-08-01,5250.0
LIM-03211,Surco (Santiago de Surco),-12.13463842764898,-77.01234033428493,112.3,3,3,4,False,True,False,6,0.374,2026-07-07,6200.0
LIM-03212,Pueblo Libre,-12.075701244656749,-77.0743039858431,97.6,2,2,3,False,True,False,4,4.887,2026-07-17,3950.0
LIM-03213,Surquillo,-12.10110363017534,-77.00097236812931,129.3,4,3,5,True,False,False,19,1.211,2026-03-07,6900.0
LIM-03214,Jesús María,-12.05953829583142,-77.04315493303996,99.0,4,3,8,False,False,False,10,1.096,2026-05-02,6400.0
LIM-03215,Miraflores,-12.107741502792933,-77.03676047820042,50.9,1,1,7,True,False,True,18,2.731,2026-06-24,4550.0
LIM-03216,San Miguel,-12.07708118866371,-77.09443042813076,149.8,4,3,5,True,False,False,10,6.901,2026-05-15,6900.0
LIM-03217,Surco (Santiago de Surco),-12.145469231729868,-76.99809295683514,133.1,4,3,9,True,False,False,25,1.952,2026-03-12,6350.0
LIM-03218,San Isidro,-12.07409744306689,-77.02709939195371,44.7,2,1,5,True,False,False,1,1.528,2026-06-07,4500.0
LIM-03219,Surco (Santiago de Surco),-12.124724292276534,-77.00554557314923,68.3,3,2,4,False,False,False,7,1.012,2026-03-30,3300.0
LIM-03220,Surco (Santiago de Surco),-12.140479907776708,-76.99080376336661,81.2,2,1,4,True,True,False,19,2.712,2026-04-22,3350.0
LIM-03221,Surco (Santiago de Surco),-12.117914173836667,-76.99139897068865,124.2,4,4,5,True,False,False,7,2.279,2026-03-28,7100.0
LIM-03222,Surquillo,-12.121127306983109,-77.02768641612184,30.4,1,1,5,False,False,False,7,1.49,2026-04-23,1000.0
LIM-03223,San Miguel,-12.060471559161737,-77.07374392764947,75.1,3,2,6,True,False,True,3,4.18,2026-02-14,3400.0
LIM-03224,Pueblo Libre,-12.055860584927387,-77.06664685447828,96.3,2,1,4,True,False,False,7,3.333,2026-04-06,5100.0
LIM-03225,Miraflores,-12.132157793260173,-77.04131300149467,30.3,1,1,12,False,False,False,10,2.791,2026-06-12,2500.0
LIM-03226,Surquillo,-12.107718900363748,-77.00726544024576,82.5,2,1,4,False,False,False,35,0.424,2026-06-04,2550.0
LIM-03227,Lince,-12.075713711552465,-77.03264605307415,89.7,3,3,3,False,False,False,6,2.085,2026-03-19,3800.0
LIM-03228,Miraflores,-12.089721089604964,-77.02449886024809,57.2,2,1,4,True,False,True,11,1.646,2026-04-06,4200.0
LIM-03229,Lince,-12.094007613411607,-77.04751615760229,47.0,1,1,4,False,False,False,45,4.008,2026-06-30,2150.0
LIM-03230,Magdalena del Mar,-12.078309480676074,-77.06595100498029,59.2,1,1,3,False,False,False,35,4.332,2026-03-19,2800.0
LIM-03231,Magdalena del Mar,-12.095291847783598,-77.04963085962571,33.2,2,1,2,False,False,False,20,4.233,2026-05-13,1250.0
LIM-03232,Miraflores,-12.135996370202967,-77.04455400475742,67.6,2,2,19,False,True,False,17,3.145,2026-02-21,5350.0
LIM-03233,San Borja,-12.10973984603801,-76.99434949432812,96.6,3,3,2,False,False,False,10,1.767,2026-03-31,5900.0
LIM-03234,Miraflores,-12.121070422866804,-77.0388237163442,50.8,2,2,7,True,False,True,19,2.662,2026-07-22,4450.0
LIM-03235,Miraflores,-12.133806682317383,-76.99712472728483,102.4,3,2,9,True,True,True,12,2.019,2026-07-26,10150.0
LIM-03236,Miraflores,-12.117353916573782,-77.0145244102622,77.5,2,2,9,True,True,False,1,0.088,2026-04-01,7200.0
LIM-03237,Callao,-12.045106288934017,-77.11471471188364,92.4,2,1,1,True,False,False,10,8.03,2026-05-03,2400.0
LIM-03238,Surco (Santiago de Surco),-12.132141592151255,-77.00973440971043,83.5,2,1,7,True,False,True,8,0.677,2026-07-20,6600.0
LIM-03239,Surco (Santiago de Surco),-12.141502129072558,-77.00683267289732,120.5,3,2,11,True,True,True,8,0.966,2026-07-04,8200.0
LIM-03240,Surco (Santiago de Surco),-12.136781664820884,-76.98604470593182,143.6,3,2,3,True,False,False,11,3.24,2026-05-29,8050.0
LIM-03241,Los Olivos,-11.968954520281521,-77.08784990637261,77.2,3,2,4,False,False,False,7,2.736,2026-02-14,2950.0
LIM-03242,Jesús María,-12.070992140470228,-77.06497336613691,102.1,3,1,6,False,False,False,22,3.75,2026-05-20,4400.0
LIM-03243,San Martín de Porres,-11.98558203085312,-77.080494024818,115.2,3,1,3,False,False,False,27,2.431,2026-03-10,2550.0
LIM-03244,Surco (Santiago de Surco),-12.131736722959367,-76.99339899996548,108.6,4,3,17,True,True,False,24,2.421,2026-07-30,5450.0
LIM-03245,Miraflores,-12.137932359543557,-77.02483962311366,128.3,4,2,8,False,False,False,5,1.09,2026-04-15,8800.0
LIM-03246,San Borja,-12.115047852863864,-77.0038743035738,71.3,2,2,5,True,False,False,28,0.942,2026-05-24,4250.0
LIM-03247,SURCO (SANTIAGO DE SURCO),-12.13300774738924,-76.98395824144643,83.0,2,2,3,True,False,False,9,3.45,2026-06-06,4100.0
LIM-03248,Surquillo,-12.10121050618055,-77.02784177655572,50.7,2,1,10,False,True,False,45,1.958,2026-06-23,1650.0
LIM-03249,Los Olivos,-11.953325842701561,-77.06398026775733,111.0,4,3,2,False,False,False,41,2.091,2026-03-07,2250.0
LIM-03250,Magdalena del Mar,-12.07420377590095,-77.07313055185598,71.5,2,1,7,False,True,False,4,4.691,2026-06-14,3650.0
LIM-03251,Ate,-12.044832627229049,-76.90879221097245,73.6,3,2,8,True,False,False,11,10.99,2026-02-13,1800.0
LIM-03252,San Borja,-12.09914028989397,-76.9844160233769,153.2,4,2,9,False,False,False,7,2.594,2026-05-03,11900.0
LIM-03253,Surco (Santiago de Surco),-12.152453538412836,-77.00046398814126,169.5,5,3,3,True,False,False,17,1.749,2026-03-31,8250.0
LIM-03254,Magdalena del Mar,-12.090341421122062,-77.08363293038182,70.2,2,1,9,False,False,False,18,6.663,2026-04-11,2850.0
LIM-03255,San Isidro,-12.110103169217531,-77.05696072507382,54.9,1,1,7,False,False,False,26,4.768,2026-07-15,3650.0
LIM-03256,Surquillo,-12.115450470349057,-77.04172802515107,118.0,3,2,7,False,False,True,31,3.047,2026-03-05,4250.0
LIM-03257,Miraflores,-12.084741939333535,-77.03151168989683,87.2,3,2,19,False,True,False,4,2.091,2026-04-18,5050.0
LIM-03258,Surco (Santiago de Surco),-12.131357349165715,-76.99629027457044,108.7,4,3,8,True,False,True,37,2.108,2026-04-01,6250.0
LIM-03259,Jesús María,-12.083965758630164,-77.06203299748734,82.7,2,2,6,True,False,False,11,4.496,2026-04-29,4400.0
LIM-03260,San Isidro,-12.092306531928505,-77.04715319639841,65.8,2,1,3,False,False,True,11,3.982,2026-03-24,5150.0
LIM-03261,San Isidro,-12.103404902239074,-77.01841855371245,74.5,2,2,7,True,False,False,2,1.101,2026-05-23,6700.0
LIM-03262,Pueblo Libre,-12.085128929357891,-77.05258992263637,93.2,3,2,3,False,False,False,13,4.052,2026-03-27,3550.0
LIM-03263,San Isidro,-12.071962325599316,-77.05183928249666,73.7,3,1,12,True,True,False,7,2.761,2026-02-20,5700.0
LIM-03264,Magdalena del Mar,-12.082698255684798,-77.08100817661342,89.6,2,1,12,True,False,False,3,5.924,2026-07-25,4200.0
LIM-03265,Surco (Santiago de Surco),-12.13085356050005,-76.99012796770013,95.4,2,2,8,True,True,False,11,2.743,2026-08-05,6700.0
LIM-03266,Barranco,-12.15410187948297,-77.02891741229233,49.9,1,1,8,False,False,True,9,1.388,2026-06-06,3700.0
LIM-03267,Miraflores,-12.124829473795666,-77.03910434378486,126.0,4,3,9,True,True,True,31,2.644,2026-08-04,11900.0
LIM-03268,San Miguel,-12.05889021759787,-77.09685894940539,94.3,3,2,5,False,False,False,28,6.636,2026-05-01,3050.0
LIM-03269,Callao,-12.052921069548026,-77.105012069376,94.5,2,1,8,False,True,True,8,7.483,2026-02-20,3350.0
LIM-03270,Miraflores,-12.158093661715386,-77.01522318436977,89.6,3,2,12,True,True,False,15,0.475,2026-05-30,8900.0
LIM-03271,Callao,-12.027548737812094,-77.1269253618135,47.9,1,1,9,False,False,False,25,8.088,2026-04-16,1050.0
LIM-03272,Jesús María,-12.071403251716333,-77.04347338686439,68.3,2,1,12,True,False,False,3,2.256,2026-03-15,4950.0
LIM-03273,Lince,-12.080979571931183,-77.03337694103453,41.7,1,1,17,True,True,False,10,2.178,2026-07-30,1700.0
LIM-03274,Pueblo Libre,-12.060559662238783,-77.07519882590984,78.1,2,2,9,False,True,False,9,4.337,2026-05-08,2900.0
LIM-03275,Pueblo Libre,-12.068015166072263,-77.066664894159,83.2,2,1,8,False,True,False,2,3.74,2026-04-28,3250.0
LIM-03276,Surquillo,-12.105737096587397,-77.03267081025596,68.0,2,1,5,True,False,True,8,2.44,2026-07-31,2900.0
LIM-03277,Magdalena del Mar,-12.100584681608378,-77.06174333715416,113.7,3,3,7,True,True,True,1,5.549,2026-03-25,8400.0
LIM-03278,San Borja,-12.123057543887596,-76.97997033548813,55.7,2,1,12,False,True,False,3,3.646,2026-07-11,3000.0
LIM-03279,Surco (Santiago de Surco),-12.13163720662232,-76.99992687697889,73.6,3,2,6,False,False,False,7,1.733,2026-06-03,2900.0
LIM-03280,Miraflores,-12.103920624172705,-77.03718895175052,85.6,3,2,15,True,True,False,18,2.961,2026-03-20,6000.0
LIM-03281,Lince,-12.092873630700598,-77.02064486674821,74.0,2,2,6,True,False,False,3,1.129,2026-04-02,3650.0
LIM-03282,San Isidro,-12.105936287937839,-77.02210621270824,55.8,1,1,11,False,True,False,14,1.319,2026-03-07,4600.0
LIM-03283,Surco (Santiago de Surco),-12.12034776887544,-77.00837293682271,139.3,3,3,15,False,True,True,21,0.659,2026-04-02,5900.0
LIM-03284,Miraflores ,-12.126586942461694,-77.03117653602503,122.9,4,3,13,True,True,False,7,1.783,2026-02-12,10250.0
LIM-03285,Miraflores,-12.126026718966013,-77.03010726065445,85.9,2,1,10,True,False,True,17,1.665,2026-06-05,6950.0
LIM-03286,Lince,-12.089577731275355,-77.04254931528385,42.0,2,2,16,False,True,False,17,3.405,2026-03-25,
LIM-03287,Jesús María,-12.074379771771886,-77.04436821967096,84.2,2,1,5,False,False,False,10,2.6,2026-06-14,
LIM-03288,La Molina,-12.105683657150825,-76.953599344021,122.7,4,2,5,False,True,False,8,5.981,2026-03-24,5850.0
LIM-03289,Miraflores,-12.1275720813505,-77.03588312894428,68.8,2,1,6,True,True,False,9,2.301,2026-02-21,5200.0
LIM-03290,Magdalena del Mar,-12.092735583770322,-77.07691611275801,120.0,3,2,7,False,False,False,45,6.302,2026-06-10,4950.0
LIM-03291,Surco (Santiago de Surco),-12.132321144765902,-77.0128687473867,91.5,3,2,7,True,False,False,4,0.354,2026-05-29,5450.0
LIM-03292,Pueblo Libre,-12.059704083369045,-77.08777743923973,147.1,4,3,7,False,True,False,37,5.667,2026-04-08,6150.0
LIM-03293,Jesús María,-12.051527293333663,-77.03798073160034,102.8,3,2,2,False,False,True,5,0.217,2026-04-07,5150.0
LIM-03294,San Borja,-12.090150198640027,-77.00748387706933,98.3,3,2,3,True,False,False,18,0.215,2026-05-20,6750.0
LIM-03295,Magdalena del Mar,-12.084524171391113,-77.05008163100369,104.7,3,2,4,True,True,False,2,3.878,2026-07-26,5550.0
LIM-03296,Ate,-12.048184815089206,-76.892337944899,150.2,5,3,4,False,False,False,3,12.75,2026-03-23,4500.0
LIM-03297,San Miguel,-12.084876828839484,-77.09887774346062,104.0,2,1,4,False,False,False,30,7.713,2026-03-26,3950.0
LIM-03298,San Borja,-12.1080854588099,-76.970531364053,1185.6,2,1,4,False,False,False,4,4.36,2026-08-06,5550.0
LIM-03299,Magdalena del Mar,-12.088473054762725,-77.06444910564734,63.2,2,1,4,True,False,True,20,5.052,2026-07-31,2650.0
LIM-03300,San Isidro,-12.087336746421053,-77.04444376563531,59.4,1,1,14,True,True,True,14,3.514,2026-04-22,5050.0
LIM-03301,Callao,-12.049122971197809,-77.14908207687775,38.9,1,1,9,False,False,False,11,11.336,2026-08-06,1050.0
LIM-03302,Surco (Santiago de Surco),-12.136454105656512,-76.9867421383488,100.4,3,1,6,True,True,False,19,3.161,2026-06-18,4850.0
LIM-03303,Barranco,-12.139957653121893,-77.02102444950143,61.8,2,1,5,False,False,False,18,0.622,2026-02-19,3350.0
LIM-03304,Comas,-11.927869529938997,-77.05682366097108,85.4,2,2,4,True,True,False,11,4.962,2026-04-23,2450.0
LIM-03305,Pueblo Libre,-12.06303807539119,-77.06584603411805,104.2,4,2,14,False,True,False,1,3.434,2026-02-28,4100.0
LIM-03306,San Isidro,-12.097584156661961,-77.05042628316718,82.0,3,2,11,False,False,False,11,4.324,2026-03-03,5100.0
LIM-03307,San Isidro,-12.107206184310073,-77.04182431997305,155.9,3,2,11,True,True,False,38,3.263,2026-06-19,10600.0
LIM-03308,San Isidro,-12.107490809152658,-77.02822035256865,70.8,2,1,10,True,True,False,6,1.931,2026-04-19,6550.0
LIM-03309,Jesús María,-12.081774611483107,-77.05325250440849,58.6,1,1,8,False,True,False,9,3.756,2026-06-15,3300.0
LIM-03310,San Isidro,-12.094115097615902,-77.04102501428811,56.8,2,1,11,False,True,False,3,3.302,2026-05-08,6000.0
LIM-03311,Callao,-12.050362354957333,-77.13633264505668,107.1,3,2,5,False,False,False,8,10.243,2026-06-10,2800.0
LIM-03312,Callao,-12.073574387815327,-77.11700559421865,122.9,3,2,4,False,False,False,11,9.097,2026-06-15,2850.0
LIM-03313,San Borja,-12.114347941300363,-77.01194318329784,74.4,3,2,4,True,False,False,7,0.424,2026-04-16,5050.0
LIM-03314,Jesús María,-12.070680574416336,-77.03797768560364,56.9,1,1,4,False,False,False,11,1.981,2026-02-24,2500.0
LIM-03315,Surco (Santiago de Surco),-12.14579615892117,-77.00380921080277,155.0,4,3,3,True,True,True,9,1.36,2026-03-23,8250.0
LIM-03316,San Isidro,-12.091993150163285,-77.04024844908595,1131.5,1,1,13,True,True,True,29,3.24,2026-07-23,3450.0
LIM-03317,San Miguel,-12.081089139490999,-77.06683219721107,107.8,4,3,9,False,False,True,5,4.612,2026-06-21,4350.0
LIM-03318,Miraflores,-12.129781043260031,-77.0330788906724,62.5,2,2,11,True,False,False,23,1.944,2026-07-07,5350.0
LIM-03319,San Isidro,-12.096561534810615,-77.04198689779359,96.5,3,1,9,False,True,False,7,3.403,2026-05-12,7400.0
LIM-03320,Surco (Santiago de Surco),-12.13029263604505,-76.98797253616922,134.1,3,3,7,False,False,False,5,2.961,2026-02-28,6750.0
LIM-03321,San Isidro,-12.10738234697124,-77.05812314162671,99.0,3,2,11,True,False,True,19,4.953,2026-07-01,9650.0
LIM-03322,Magdalena del Mar,-12.098411348557768,-77.06069028813866,71.0,3,2,7,True,False,False,5,5.443,2026-03-29,4350.0
LIM-03323,Pueblo Libre,-12.067987859472316,-77.05117271947854,117.2,3,2,9,True,False,True,11,2.378,2026-08-09,5450.0
LIM-03324,Surquillo,-12.1238450821998,-77.01120657906151,71.3,1,1,4,False,True,False,10,0.442,2026-08-10,2950.0
LIM-03325,Jesús María,-12.093493082085088,-77.08952516992173,259.9,5,3,7,True,False,False,37,7.382,2026-03-12,12250.0
LIM-03326,Chorrillos,-12.193138886148276,-77.02121294038172,47.5,1,1,3,False,False,False,11,1.731,2026-05-26,1750.0
LIM-03327,La Molina,-12.091816610368683,-76.96047439471207,63.4,2,1,10,False,True,True,1,4.949,2026-04-13,3900.0
LIM-03328,Chorrillos,-12.19052101931566,-77.00461071859249,112.7,2,2,3,False,False,False,14,1.975,2026-03-23,3050.0
LIM-03329,San Borja,-12.112472662742114,-76.98596926695292,89.1,2,1,18,False,False,False,24,2.696,2026-08-05,4300.0
LIM-03330,Barranco,-12.129420685785927,-77.01674388132203,90.2,2,1,8,True,False,False,18,0.465,2026-02-18,6300.0
LIM-03331,Callao,-12.073143180652263,-77.13253733436568,59.8,2,1,3,True,False,False,13,10.727,2026-02-27,1600.0
LIM-03332,Surco (Santiago de Surco),-12.138391258217732,-76.9770684694737,96.7,2,2,5,True,False,False,8,4.219,2026-03-20,4800.0
LIM-03333,San Isidro,-12.071612345348743,-77.03984713366823,98.4,3,2,10,False,False,False,17,2.173,2026-03-01,6200.0
LIM-03334,Barranco,-12.144502439004292,-76.99973554719719,58.8,2,1,17,False,False,False,11,1.758,2026-06-01,4050.0
LIM-03335,Surco (Santiago de Surco),-12.139412679449707,-76.99181535519766,102.3,3,2,4,False,False,False,13,2.612,2026-06-13,5500.0
LIM-03336,Surco (Santiago de Surco),-12.136882591614231,-76.988918303773,61.4,2,2,9,False,False,True,19,2.93,2026-03-14,3300.0
LIM-03337,San Borja,-12.103147649899281,-77.00412365261475,102.1,3,3,5,True,False,True,30,1.013,2026-03-03,5850.0
LIM-03338,Los Olivos,-11.94855073683247,-77.05461653306662,139.8,4,3,2,False,False,False,7,2.769,2026-03-12,4650.0
LIM-03339,Surco (Santiago de Surco),-12.141370243289726,-76.98769879338847,63.9,1,1,8,True,False,False,7,3.045,2026-06-11,3150.0
LIM-03340,San Borja,-12.11739132339466,-76.98128529968982,59.4,2,2,6,False,True,False,13,3.3,2026-06-30,2700.0
LIM-03341,Surco (Santiago de Surco),-12.151545704793362,-76.99286950561743,139.0,3,2,7,True,False,False,11,2.569,2026-06-25,8600.0
LIM-03342,Surquillo,-12.113462847609881,-77.01806446391107,42.7,2,1,7,False,False,False,12,0.661,2026-02-24,
LIM-03343,Miraflores,-12.137968248437815,-77.02225843804521,98.1,3,2,19,False,True,True,7,0.842,2026-06-01,8100.0
LIM-03344,Miraflores,-12.126665391497863,-77.0120895138909,76.3,2,2,12,True,True,False,4,0.314,2026-06-06,7750.0
LIM-03345,San Borja,-12.119204201293323,-76.98639918831313,78.7,2,1,6,False,False,False,3,2.835,2026-06-02,4600.0
LIM-03346,Lince,-12.072210517877192,-77.03164131431414,108.7,3,3,9,True,False,False,4,1.691,2026-06-26,6350.0
LIM-03347,Surquillo,-12.1208007566484,-77.03978662209153,87.5,2,1,3,False,False,False,6,2.771,2026-05-29,3750.0
LIM-03348,Jesús María,-12.068836836063934,-77.03927536752755,87.5,2,1,6,False,False,False,35,1.858,2026-02-23,2950.0
LIM-03349,San Miguel,-12.096649104020264,-77.11006445756945,39.2,1,1,4,True,False,False,16,9.419,2026-06-08,1500.0
LIM-03350,La Molina,-12.085221916546566,-76.94477993092617,138.2,4,3,19,False,True,True,21,6.659,2026-04-07,7850.0
LIM-03351,San Isidro,-12.11163792367033,-77.03808919424844,60.3,2,1,7,True,True,True,4,2.725,2026-07-02,5900.0
LIM-03352,Miraflores,-12.126207781999158,-77.04641322179678,69.9,3,2,12,False,False,True,11,3.437,2026-03-11,6150.0
LIM-03353,San Isidro ,-12.070665569108925,-77.0322299629215,85.2,2,2,8,True,True,True,19,1.574,2026-05-10,9000.0
LIM-03354,Surco (Santiago de Surco),-12.123813907473108,-76.96914818711751,174.3,5,4,4,True,False,False,5,4.772,2026-05-22,12150.0
LIM-03355,San Borja,-12.109840950993975,-77.00235126637415,83.0,2,1,5,True,False,False,12,0.897,2026-04-07,4400.0
LIM-03356,Surco (Santiago de Surco),-12.096612697082602,-76.98580944405104,60.3,2,1,7,False,True,False,7,2.343,2026-04-27,3200.0
LIM-03357,Jesús María,-12.08458209628448,-77.0207317219351,128.0,4,3,6,True,True,False,3,1.074,2026-06-19,6450.0
LIM-03358,Magdalena del Mar,-12.081517403415095,-77.0653486413719,98.4,3,2,5,True,False,False,2,4.531,2026-02-16,5550.0
LIM-03359,Lince,-12.103492093482165,-77.04103811969189,86.8,2,1,10,True,True,False,13,3.356,2026-04-10,5100.0
LIM-03360,Lince,-12.088027073091776,-77.03045582244653,109.5,3,2,5,True,False,False,8,2.151,2026-04-11,6500.0
LIM-03361,Surco (Santiago de Surco),-12.151173477002166,-76.98923063780269,164.9,5,3,10,True,False,False,10,2.964,2026-04-01,7900.0
LIM-03362,Surco (Santiago de Surco),-12.13191268901891,-76.97779424240072,71.4,2,1,7,False,False,False,3,4.082,2026-03-06,3050.0
LIM-03363,Jesús María,-12.072928356957055,-77.03443139591235,51.3,2,2,4,False,False,False,16,1.916,2026-07-13,2400.0
LIM-03364,Jesús María,-12.077291977590203,-77.08223860342183,104.8,2,1,7,True,True,False,41,5.72,2026-02-26,4150.0
LIM-03365,Surco (Santiago de Surco),-12.121895315698485,-77.00527445462636,87.3,3,2,7,True,False,True,21,1.038,2026-07-16,6200.0
LIM-03366,Surco (Santiago de Surco),-12.141805187676033,-76.99584032067136,89.9,3,1,20,False,True,False,6,2.159,2026-04-25,4850.0
LIM-03367,Pueblo Libre,-12.069677779026312,-77.07528344475045,52.4,2,1,11,False,True,True,1,4.664,2026-05-11,2800.0
LIM-03368,Lince,-12.075253340716744,-77.07770109870908,82.0,3,2,13,False,True,False,19,5.179,2026-02-14,3050.0
LIM-03369,Miraflores,-12.138898654506754,-77.038107421853,85.3,2,1,9,False,True,True,25,2.46,2026-02-12,6900.0
LIM-03370,Magdalena del Mar,-12.104480972100092,-77.07574332728986,74.2,2,1,5,True,False,False,16,6.893,2026-03-18,3750.0
LIM-03371,Los Olivos,-11.96825366839221,-77.07780341619373,56.4,1,1,4,True,False,True,10,1.677,2026-03-22,1900.0
LIM-03372,San Isidro,-12.089638158966862,-77.0486633190609,125.2,3,2,9,True,False,False,24,4.03,2026-06-17,7950.0
LIM-03373,Chorrillos,-12.15764514680894,-77.01760242450258,89.0,2,1,8,False,True,False,13,0.489,2026-03-30,3950.0
LIM-03374,Miraflores,-12.123690557584736,-77.02528294189698,107.3,2,2,7,True,True,True,9,1.161,2026-05-04,8600.0
LIM-03375,San Borja,-12.112097652511798,-77.00422316536758,45.9,2,1,11,True,True,False,21,0.743,2026-02-18,2250.0
LIM-03376,La Molina,-12.097271152362564,-76.92873907413032,112.0,4,2,12,True,False,False,28,8.44,2026-05-12,6050.0
LIM-03377,San Isidro,-12.093240190893876,-77.03600742700944,67.6,1,1,13,False,True,False,7,2.766,2026-02-14,6150.0
LIM-03378,San Martín de Porres,-12.002465410884378,-77.09105816403562,91.0,3,2,2,True,False,True,5,3.509,2026-06-04,2650.0
LIM-03379,Magdalena del Mar,-12.098788387153908,-77.0891944478682,105.5,3,2,8,True,True,False,12,7.734,2026-05-22,4850.0
LIM-03380,Callao,-12.057726662070662,-77.1206556376391,95.7,3,2,2,True,False,False,14,9.203,2026-05-07,2800.0
LIM-03381,Surco (Santiago de Surco),-12.128380463254915,-76.98163895215755,95.6,2,2,7,False,False,False,10,3.617,2026-04-13,6250.0
LIM-03382,Chorrillos,-12.18146476663815,-77.02798426450973,82.3,2,1,4,True,False,False,26,1.203,2026-03-20,3400.0
LIM-03383,San Martín de Porres,-12.008165897066908,-77.07344944619204,54.6,2,1,6,False,False,False,18,1.952,2026-05-16,1450.0
LIM-03384,San Borja,-12.10311930976639,-76.99746531707983,67.3,2,2,6,False,True,False,14,1.605,2026-04-25,4150.0
LIM-03385,Miraflores,-12.157408698822591,-77.00548120436594,107.4,4,3,7,False,False,True,10,1.352,2026-04-12,8950.0
LIM-03386,Lince,-12.092344138083941,-77.02861698243608,57.8,2,1,5,True,False,False,36,1.986,2026-02-28,2200.0
LIM-03387,San Borja,-12.122115713992889,-77.0069787148731,129.6,3,2,6,True,False,False,22,0.889,2026-07-23,7450.0
LIM-03388,Callao,-12.042160901323799,-77.10926356565483,110.7,4,3,2,False,False,False,39,7.369,2026-04-25,2700.0
LIM-03389,Magdalena del Mar,-12.100791193150513,-77.06645973610925,103.3,3,2,11,False,False,False,13,6.026,2026-03-09,4450.0
LIM-03390,Surco (Santiago de Surco),-12.141728593383206,-76.99976413214756,105.7,3,2,6,False,False,False,7,1.733,2026-05-31,5250.0
LIM-03391,Miraflores,-12.12168346982304,-77.04336794845196,65.2,1,1,13,False,True,True,24,3.138,2026-02-21,4300.0
LIM-03392,Pueblo Libre,-12.08074446914158,-77.05666757770528,71.5,2,1,7,False,False,False,11,3.858,2026-03-28,2750.0
LIM-03393,Ate,-12.051231777897844,-76.91523781787882,112.9,3,2,3,True,False,False,7,10.716,2026-02-20,3000.0
LIM-03394,San Isidro,-12.096034675074923,-77.05489860110085,43.1,1,1,8,False,True,True,10,4.806,2026-07-03,3900.0
LIM-03395,San Miguel,-12.082464485214077,-77.0897457480121,116.1,3,2,2,True,False,False,19,6.714,2026-03-31,4950.0
LIM-03396,San Martín de Porres,-12.004050609427265,-77.08824391477626,76.7,4,3,3,True,False,False,11,3.242,2026-05-04,3350.0
LIM-03397,San Isidro,-12.109321892084537,-77.05488722450235,82.7,3,1,6,True,False,False,8,4.563,2026-02-16,8050.0
LIM-03398,Miraflores,-12.134945404886247,-77.03362539612066,73.2,2,1,6,False,False,True,10,1.952,2026-03-15,6600.0
LIM-03399,Pueblo Libre,-12.072872357228917,-77.04770497518952,74.1,2,1,9,False,False,False,7,2.598,2026-04-12,3650.0
LIM-03400,Lince,-12.08142079388257,-77.01880326199894,44.7,1,1,5,True,True,True,5,0.688,2026-03-03,2750.0
LIM-03401,San Isidro,-12.114337879725408,-77.0253389747759,89.2,3,2,7,False,False,False,3,1.309,2026-03-24,6000.0
LIM-03402,Chorrillos,-12.16558070301543,-77.0148692053189,99.2,4,3,4,False,True,False,26,0.461,2026-07-09,3800.0
LIM-03403,San Borja,-12.099131428322103,-76.99145043355973,46.8,1,1,4,False,False,False,26,1.933,2026-05-24,2200.0
LIM-03404,San Martín de Porres,-11.987203730340656,-77.07941626502227,59.4,1,1,2,True,False,False,14,2.459,2026-03-05,1400.0
LIM-03405,Los Olivos,-11.965301330983113,-77.08476060991457,117.2,3,2,7,False,True,False,6,2.495,2026-08-07,2950.0
LIM-03406,Surquillo,-12.107055014796531,-77.02836602278623,81.6,2,2,11,False,True,False,9,1.954,2026-04-20,2750.0
LIM-03407,San Borja,-12.08207968986506,-77.0058861711067,99.0,2,1,7,True,False,False,4,0.77,2026-05-11,6250.0
LIM-03408,Barranco,-12.153018259210528,-77.00458369108037,56.3,1,1,3,True,False,True,3,1.311,2026-07-05,4500.0
LIM-03409,San Borja,-12.120848298010674,-76.98567971122655,113.2,4,3,14,False,True,False,6,2.979,2026-06-06,7250.0
LIM-03410,Miraflores,-12.139508718598657,-77.04235853075991,51.0,2,1,20,False,True,False,17,2.911,2026-08-08,3050.0
LIM-03411,Lince,-12.064031912837212,-77.032659306615,65.1,2,2,7,True,False,False,3,1.067,2026-07-17,3600.0
LIM-03412,Miraflores,-12.099874552895617,-77.03423128571303,49.4,1,1,7,True,False,True,18,2.598,2026-06-05,4300.0
LIM-03413,San Borja,-12.119395196903211,-77.0004612064716,85.5,2,1,11,False,True,True,15,1.462,2026-07-19,5850.0
LIM-03414,San Isidro,-12.105927849752144,-77.04313251382742,61.1,2,1,10,False,True,False,14,3.447,2026-05-26,5050.0
LIM-03415,Surco (Santiago de Surco),-12.138887892450374,-76.97813170052633,121.0,3,2,9,False,False,False,11,4.099,2026-04-07,6750.0
LIM-03416,Barranco,-12.134708917534248,-77.02162687844249,80.4,2,1,4,True,False,True,14,0.651,2026-06-26,4650.0
LIM-03417,Jesús María,-12.089047626381765,-77.04640611834479,66.6,2,2,5,False,True,False,10,3.776,2026-06-12,3300.0
LIM-03418,Surquillo,-12.138299434298666,-77.0148089015264,92.1,2,1,3,False,False,False,3,0.423,2026-08-10,3450.0
LIM-03419,San Isidro,-12.071189826281255,-77.04903324209953,62.6,2,1,7,True,False,False,33,2.513,2026-07-20,5750.0
LIM-03420,Chorrillos,-12.170951520556958,-77.01679735562591,81.1,2,1,2,True,False,False,8,0.787,2026-05-20,3500.0
LIM-03421,Chorrillos,-12.169247040328976,-77.00535219813857,67.4,2,2,3,False,False,False,8,1.501,2026-03-22,2450.0
LIM-03422,Surco (Santiago de Surco),-12.1374612720624,-76.97732770817423,120.5,4,2,12,True,True,False,12,4.19,2026-02-24,6600.0
LIM-03423,Lince,-12.079510580915384,-77.04707377961263,83.5,2,2,4,True,False,False,38,3.238,2026-05-15,2550.0
LIM-03424,La Molina,-12.104970470600092,-76.96342321484866,166.9,5,4,3,False,True,False,22,4.948,2026-02-22,7600.0
LIM-03425,Miraflores,-12.131191046802323,-77.0286543850395,77.0,3,2,6,False,False,True,13,1.44,2026-04-18,5750.0
LIM-03426,San Borja,-12.107038105385728,-76.98528974909118,34.9,2,2,3,False,False,False,11,2.768,2026-05-14,2050.0
LIM-03427,San Isidro,-12.124450690714804,-77.0323848425486,74.1,1,1,10,True,False,True,8,1.917,2026-06-08,6650.0
LIM-03428,Los Olivos,-11.97253021136577,-77.06333644708704,145.2,4,2,3,True,False,False,16,0.067,2026-03-01,6000.0
LIM-03429,San Martín de Porres,-12.003269972444013,-77.09692298825088,81.1,2,2,3,False,False,True,7,4.153,2026-07-08,2200.0
LIM-03430,Surquillo,-12.118332282783404,-77.02436384981124,35.2,1,1,4,True,True,False,11,1.151,2026-07-25,2050.0
LIM-03431,Jesús María,-12.080212981693853,-77.07535334766952,92.4,2,1,5,False,True,False,27,5.262,2026-03-15,3100.0
LIM-03432,San Borja,-12.120250703110495,-77.00030985659095,106.4,3,2,3,False,False,False,10,1.494,2026-03-11,6700.0
LIM-03433,Comas,-11.96486438220325,-77.08797063329011,75.3,3,2,2,False,False,False,16,2.843,2026-03-07,1600.0
LIM-03434,Barranco,-12.147663035433991,-77.00540805957792,64.7,3,3,10,False,True,False,9,1.268,2026-05-02,4400.0
LIM-03435,San Isidro,-12.100801487841556,-77.01804214238508,64.8,1,1,13,True,True,True,8,0.973,2026-06-25,6450.0
LIM-03436,Jesús María,-12.090103378558824,-77.04731227809526,94.6,2,1,5,True,False,False,26,3.909,2026-07-29,3600.0
LIM-03437,Surco (Santiago de Surco),-12.134249599045994,-77.01315087729213,96.7,4,2,6,False,False,False,19,0.28,2026-04-26,5150.0
LIM-03438,Surco (Santiago de Surco),-12.138539402340871,-76.99049144815305,65.4,2,2,2,False,False,False,24,2.767,2026-07-30,2600.0
LIM-03439,San Isidro,-12.102732287419947,-77.01439040929847,84.7,2,2,11,True,False,True,15,0.869,2026-06-29,8550.0
LIM-03440,Jesús María,-12.09948273864169,-77.04329117400377,63.3,2,2,11,False,True,False,12,3.567,2026-08-06,3150.0
LIM-03441,Barranco,-12.141206789852305,-77.0071801921141,111.7,2,1,4,False,False,False,2,0.93,2026-02-14,7300.0
LIM-03442,Miraflores,-12.135896612481309,-77.03522198374036,99.8,3,2,12,True,True,False,5,2.134,2026-06-13,7800.0
LIM-03443,San Isidro,-12.096440756941906,-77.047154520574,81.7,2,1,5,False,True,False,4,3.964,2026-05-07,7900.0
LIM-03444,Surco (Santiago de Surco),-12.144699221321192,-76.99585034410995,97.5,3,2,7,False,False,False,10,2.179,2026-05-05,3850.0
LIM-03445,Los Olivos,-11.973564718210575,-77.0946204642593,121.7,4,3,2,False,False,False,14,3.454,2026-05-01,3750.0
LIM-03446,Surco (Santiago de Surco),-12.121172490099001,-76.96783093726424,89.9,3,3,3,False,False,False,4,4.822,2026-03-23,6050.0
LIM-03447,Lince,-12.07872058159036,-77.03162419944223,86.7,3,2,3,False,False,False,4,1.962,2026-04-16,4550.0
LIM-03448,San Miguel,-12.063839520644526,-77.08239872454759,125.1,4,3,3,True,False,True,9,5.182,2026-04-25,
LIM-03449,Surco (Santiago de Surco),-12.13103537406454,-77.00053810234076,81.2,3,2,11,False,True,True,3,1.66,2026-02-22,4600.0
LIM-03450,Surquillo,-12.109946276987909,-77.0360170364383,110.1,3,2,5,True,False,False,27,2.565,2026-05-13,4050.0
LIM-03451,Pueblo Libre,-12.094973668002716,-77.04599022203183,115.7,3,2,3,False,False,True,5,3.838,2026-06-29,4700.0
LIM-03452,Jesús María,-12.077410299926399,-77.06248920337532,86.6,2,1,8,False,False,False,9,3.988,2026-06-28,3450.0
LIM-03453,San Isidro,-12.099898907182185,-77.03251393483717,73.7,2,2,13,False,True,False,6,2.415,2026-02-14,5000.0
LIM-03454,San Isidro ,-12.082516022155778,-77.03138298226416,91.7,2,1,11,True,False,False,9,2.001,2026-04-23,8350.0
LIM-03455,Comas,-11.949074751934882,-77.06111258435585,87.9,3,2,4,True,False,False,2,2.568,2026-03-03,2650.0
LIM-03456,San Miguel,-12.074221685891327,-77.10221501083419,60.5,1,1,6,False,True,False,28,7.577,2026-02-16,1900.0
LIM-03457,Callao,-12.053890911882982,-77.11989558684431,100.8,2,2,2,False,False,False,32,9.103,2026-04-16,2200.0
LIM-03458,San Martín de Porres,-11.985007898076631,-77.09200060991252,64.9,1,1,4,False,False,True,4,3.476,2026-02-23,1650.0
LIM-03459,SAN ISIDRO,-12.098804928987674,-77.0269898676893,76.3,2,2,15,True,False,True,13,1.802,2026-02-19,7850.0
LIM-03460,Surquillo,-12.104766556615681,-77.01064143687002,58.6,2,1,12,True,True,False,13,0.549,2026-06-01,2300.0
LIM-03461,Magdalena del Mar,-12.11595838160965,-77.07595682919717,50.4,1,1,6,False,True,True,11,6.736,2026-06-03,2300.0
LIM-03462,Surquillo,-12.134068233195327,-77.02432021766033,80.2,1,1,4,True,False,False,24,0.937,2026-05-15,3300.0
LIM-03463,San Isidro,-12.124600132135495,-77.01141218520262,79.0,4,3,6,False,False,False,18,0.388,2026-04-19,7850.0
LIM-03464,Surco (Santiago de Surco),-12.1255681802984,-77.01062476783385,144.0,5,3,10,True,False,False,7,0.454,2026-05-27,9250.0
LIM-03465,San Miguel,-12.069315996746536,-77.11133535716233,72.1,3,1,3,False,False,False,19,8.384,2026-05-01,2000.0
LIM-03466,Surquillo,-12.103938069113207,-77.01848407176753,57.1,2,1,4,False,True,False,7,1.07,2026-05-01,2650.0
LIM-03467,Jesús María,-12.081728342028475,-77.05209656791885,59.9,2,1,5,False,True,False,3,3.691,2026-05-02,2250.0
LIM-03468,Surco (Santiago de Surco),-12.141762571890416,-76.98182901054295,96.2,3,3,9,True,False,False,31,3.682,2026-05-29,4050.0
LIM-03469,Surco (Santiago de Surco),-12.136452571711947,-76.98724660254065,96.4,3,2,8,False,True,False,37,3.106,2026-06-14,4150.0
LIM-03470,Ate,-12.029075608364629,-76.91564569295622,116.6,4,2,11,False,False,False,4,9.57,2026-07-01,3150.0
LIM-03471,Magdalena del Mar,-12.075174062468534,-77.06969594660616,79.7,3,2,7,False,False,False,12,4.436,2026-03-31,3450.0
LIM-03472,Magdalena del Mar,-12.085974298121902,-77.069914011021,152.4,5,4,10,True,True,False,24,5.232,2026-07-05,9750.0
LIM-03473,San Borja,-12.104327763302358,-76.97335731935782,104.1,2,1,6,True,False,False,11,3.927,2026-07-15,6350.0
LIM-03474,La Molina,-12.070775407627599,-76.94215963931406,80.2,2,1,8,True,False,True,9,7.221,2026-03-14,4950.0
LIM-03475,San Borja,-12.111370109485794,-77.00677292559214,63.9,3,2,12,False,True,False,14,0.456,2026-03-07,3350.0
LIM-03476,Magdalena del Mar,-12.100191298365788,-77.07331798680205,92.6,3,2,10,False,False,False,16,6.673,2026-05-12,5050.0
LIM-03477,Surquillo,-12.116248265447364,-77.04892415295924,46.9,1,1,2,False,False,False,11,3.822,2026-04-17,1600.0
LIM-03478,San Martín de Porres,-12.010644572433035,-77.08099177049705,108.9,3,2,2,False,True,False,23,2.785,2026-07-18,2300.0
LIM-03479,Callao,-12.05870011237246,-77.10498421034673,113.2,4,3,5,False,False,False,13,7.513,2026-07-21,
LIM-03480,Jesús María,-12.087008896525408,-77.04177379057356,107.4,3,2,5,True,True,False,9,3.226,2026-05-04,6750.0
LIM-03481,Magdalena del Mar,-12.083199906173204,-77.07211732747625,59.1,2,1,6,False,False,False,37,5.194,2026-05-24,2350.0
LIM-03482,Pueblo Libre,-12.067075751307604,-77.05530913013315,100.7,3,2,5,True,False,True,6,2.642,2026-04-09,5100.0
LIM-03483,Chorrillos,-12.157545251229426,-77.00486092146147,90.9,3,2,8,False,False,False,15,1.409,2026-03-13,2850.0
LIM-03484,Jesús María,-12.09315139363497,-77.03189719911242,65.9,2,1,7,False,False,False,9,2.323,2026-07-10,3100.0
LIM-03485,Pueblo Libre,-12.050779636636936,-77.05773052919653,71.3,2,1,5,True,True,True,14,2.348,2026-07-22,2900.0
LIM-03486,San Miguel,-12.096269704965522,-77.09659333721414,90.7,3,2,17,False,True,True,5,8.18,2026-02-14,4350.0
LIM-03487,Lince,-12.099479696901,-77.06106226388671,54.8,2,2,10,False,False,True,4,5.491,2026-07-07,2650.0
LIM-03488,San Miguel,-12.084849858562357,-77.0810619188759,85.9,3,2,10,False,True,False,13,6.068,2026-07-13,2850.0
LIM-03489,Barranco,-12.133707351696362,-77.01521756983675,111.2,3,2,5,False,False,False,15,0.057,2026-04-13,7150.0
LIM-03490,San Borja,-12.105593118033257,-76.9967680861498,122.5,4,2,20,True,True,False,2,1.572,2026-05-09,6600.0
LIM-03491,Jesús María,-12.076525951006259,-77.05725661794234,82.1,3,3,18,False,True,False,14,3.527,2026-04-28,3550.0
LIM-03492,San Isidro,-12.106711529215742,-77.0251181759599,91.6,3,2,14,False,True,False,9,1.613,2026-08-05,5600.0
LIM-03493,Chorrillos,-12.191211221807928,-77.02118683710994,69.0,2,1,5,False,True,False,2,1.523,2026-02-17,2250.0
LIM-03494,Jesús María,-12.060008472115685,-77.04941306533256,68.0,1,1,4,False,False,False,4,1.667,2026-03-16,2600.0
LIM-03495,Miraflores,-12.111516328867417,-77.03007186307002,45.9,1,1,13,True,False,False,4,1.898,2026-02-18,3500.0
LIM-03496,Surquillo,-12.098470595474891,-77.01210177938201,70.4,2,2,14,False,True,True,11,0.334,2026-07-21,3350.0
LIM-03497,Pueblo Libre,-12.068838182476227,-77.07688358413236,93.3,3,2,6,True,False,True,1,4.787,2026-07-14,5200.0
LIM-03498,San Miguel,-12.109105229502667,-77.0860493776571,76.3,3,2,3,True,True,False,14,7.913,2026-04-04,3850.0
LIM-03499,La Molina,-12.101734995192178,-76.9538506602817,83.1,2,2,7,False,False,False,8,5.834,2026-07-15,5200.0
LIM-03500,Chorrillos,-12.169121544329839,-77.0263296444828,83.8,3,3,4,False,True,False,38,1.287,2026-06-17,2650.0
LIM-03501,La Molina,-12.091236604302832,-76.9345771194293,169.0,5,3,4,True,False,False,1,7.759,2026-05-28,10450.0
LIM-03502,Jesús María,-12.080306103603139,-77.06094034153315,106.6,4,3,3,True,True,True,7,4.107,2026-05-11,5650.0
LIM-03503,San Isidro,-12.110438721178674,-77.02609869118787,84.2,3,2,20,True,True,True,1,1.562,2026-07-04,8400.0
LIM-03504,Lince,-12.073728925191027,-77.03208359930349,130.9,4,3,12,False,True,False,10,1.864,2026-03-25,7650.0
LIM-03505,Pueblo Libre,-12.06812568835103,-77.08287932098645,177.9,5,4,5,False,False,False,7,5.369,2026-07-26,7200.0
LIM-03506,Jesús María,-12.067585705325103,-77.03262628978025,68.6,2,2,2,False,False,False,24,1.326,2026-02-19,3750.0
LIM-03507,San Borja,-12.11590322698542,-76.99487695527283,83.2,2,1,9,False,True,True,6,1.843,2026-02-19,4200.0
LIM-03508,Surquillo,-12.112584546893201,-77.01277048960932,81.1,2,2,11,True,True,False,4,0.398,2026-07-11,4100.0
LIM-03509,Lince,-12.101153179114359,-77.02121309227299,50.8,2,2,15,False,True,False,7,1.289,2026-04-09,2150.0
LIM-03510,Surco (Santiago de Surco),-12.136557935770155,-76.97700935106526,1147.9,4,3,8,False,False,False,12,4.216,2026-03-12,4700.0
LIM-03511,Callao,-12.086935154943117,-77.1156876772454,87.8,3,2,2,False,False,False,9,9.458,2026-06-24,2650.0
LIM-03512,Pueblo Libre,-12.092417393669615,-77.05569255213005,84.5,3,3,7,False,True,False,16,4.853,2026-07-02,3750.0
LIM-03513,Comas,-11.946867742131024,-77.05754576883258,79.0,2,1,3,False,False,True,16,2.866,2026-03-11,1950.0
LIM-03514,Ate,-12.017898582244701,-76.92011441248042,71.5,2,2,3,True,False,True,6,8.717,2026-07-31,2000.0
LIM-03515,San Martín de Porres,-12.020508916881099,-77.09960123563475,47.7,1,1,8,False,False,False,5,5.085,2026-02-27,1350.0
LIM-03516,San Miguel,-12.09232296711048,-77.09022093529074,125.4,4,3,7,True,False,False,12,7.363,2026-03-12,5250.0
LIM-03517,Jesús María,-12.070998702439686,-77.03245274603228,108.1,3,2,3,True,False,False,20,1.618,2026-04-08,5750.0
LIM-03518,Miraflores,-12.099866925127825,-77.0224000044397,93.0,3,2,15,False,True,False,1,1.35,2026-06-16,6850.0
LIM-03519,San Borja,-12.105873930036143,-77.01140907829172,100.6,3,2,17,False,True,False,12,0.434,2026-04-03,7150.0
LIM-03520,San Miguel ,-12.068974297772352,-77.07962974193225,37.3,1,1,3,True,False,False,8,5.069,2026-03-16,1600.0
LIM-03521,San Borja,-12.112351245008117,-77.00231363822228,70.8,2,1,9,False,False,True,4,0.948,2026-06-08,5850.0
LIM-03522,Chorrillos,-12.180827459067272,-77.04320431046995,75.5,3,2,4,True,True,False,15,2.811,2026-03-03,3000.0
LIM-03523,Miraflores,-12.120113787775187,-77.0171851542178,53.1,2,2,4,False,False,False,6,0.456,2026-03-26,4800.0
LIM-03524,La Molina,-12.094699472687514,-76.95654456748912,64.0,1,1,8,False,False,False,23,5.404,2026-04-21,3050.0
LIM-03525,San Borja,-12.099608767935386,-76.97723125952258,65.8,2,1,11,False,True,False,33,3.333,2026-05-28,3700.0
LIM-03526,Magdalena del Mar,-12.114775262787347,-77.06192671919283,79.2,2,1,7,False,True,False,4,5.242,2026-06-08,3850.0
LIM-03527,Miraflores,-12.110420155609198,-77.03213359128395,76.2,2,1,16,True,False,False,10,2.151,2026-08-04,5650.0
LIM-03528,Miraflores,-12.120628243852368,-77.02388768185094,100.3,3,2,10,True,False,False,7,1.138,2026-07-16,9850.0
LIM-03529,Chorrillos,-12.17727665042321,-76.98901297721214,158.7,3,2,2,False,False,False,7,3.097,2026-05-21,5450.0
LIM-03530,Magdalena del Mar,-12.115215814722237,-77.06369991554595,97.1,3,2,4,True,False,False,8,5.432,2026-07-10,3950.0
LIM-03531,San Isidro,-12.108957464063975,-77.03384159970258,80.4,3,2,15,False,False,False,8,2.386,2026-07-31,6700.0
LIM-03532,san isidro,-12.082816182322402,-77.00203015206952,151.2,5,4,3,True,False,False,29,0.806,2026-04-20,15350.0
LIM-03533,Magdalena del Mar,-12.0980031879764,-77.07428902786852,47.0,1,1,5,False,False,False,19,6.547,2026-07-19,2000.0
LIM-03534,Miraflores,-12.117759218409526,-77.02241822217344,38.6,1,1,10,False,True,False,28,0.937,2026-05-14,2500.0
LIM-03535,Pueblo Libre,-12.084154384159785,-77.07433455826872,56.5,1,1,10,False,False,False,4,5.446,2026-05-02,2200.0
LIM-03536,Surquillo,-12.115048655634704,-77.03759662638714,84.3,1,1,12,False,False,False,19,2.604,2026-04-12,2700.0
LIM-03537,Barranco,-12.16586582457744,-77.02485362750338,73.9,2,1,7,False,True,True,13,0.956,2026-05-02,4700.0
LIM-03538,Jesús María,-12.072401412948546,-77.04853910298759,55.8,1,1,6,False,False,False,19,2.597,2026-07-29,2250.0
LIM-03539,Miraflores,-12.116652309232757,-77.02544883698708,59.4,2,2,7,True,False,True,5,1.272,2026-02-15,4550.0
LIM-03540,Surco (Santiago de Surco),-12.13115262327378,-77.0120372525613,1020.1,1,1,7,False,False,False,3,0.502,2026-06-25,2600.0
LIM-03541,Los Olivos,-11.979743017965882,-77.06357190813459,59.1,1,1,2,True,False,False,5,0.853,2026-07-14,1850.0
LIM-03542,San Borja,-12.112404611809206,-77.00856462628852,147.8,4,3,10,True,False,False,6,0.373,2026-07-08,12100.0
LIM-03543,Los Olivos,-11.96245367024822,-77.06419518768726,84.1,3,2,1,True,False,False,9,1.082,2026-06-21,2150.0
LIM-03544,Barranco,-12.151937251143337,-77.01018088220587,123.3,5,4,10,False,False,False,25,0.692,2026-02-25,11100.0
LIM-03545,Surco (Santiago de Surco),-12.138447664588082,-76.99974610908063,71.5,2,1,6,False,False,False,17,1.779,2026-03-30,3750.0
LIM-03546,Magdalena del Mar,-12.072658388696492,-77.08726582718721,91.3,2,2,11,True,True,True,5,5.992,2026-06-27,5850.0
LIM-03547,Magdalena del Mar,-12.106911869426392,-77.0571762081914,83.9,2,1,9,False,False,False,9,4.866,2026-06-28,4700.0
LIM-03548,Comas,-11.930034978382931,-77.0515250548684,125.9,4,2,3,False,False,False,12,4.838,2026-08-02,2650.0
LIM-03549,Miraflores,-12.13495616796206,-77.02757628399382,81.4,2,2,13,True,False,False,1,1.296,2026-08-09,6850.0
LIM-03550,Chorrillos,-12.166842626970743,-77.00047886683585,112.4,4,3,2,True,False,False,19,1.875,2026-07-23,3250.0
LIM-03551,Chorrillos,-12.166202169302512,-77.0171008593123,97.9,3,2,2,True,False,False,17,0.467,2026-02-19,3700.0
LIM-03552,San Borja,-12.114424381860685,-77.00604608652233,63.5,2,2,9,False,True,True,15,0.722,2026-05-08,4750.0
LIM-03553,Surco (Santiago de Surco),-12.149609722234345,-77.00702042477248,120.1,3,2,3,True,False,False,8,1.046,2026-06-05,6450.0
LIM-03554,San Borja,-12.13194519844564,-76.99989358962424,87.1,3,2,16,False,True,False,21,1.732,2026-08-06,4650.0
LIM-03555,Surco (Santiago de Surco),-12.142381362107104,-76.98573935426423,74.1,2,2,2,False,False,False,12,3.257,2026-02-13,3000.0
LIM-03556,Surquillo,-12.108385376224572,-77.0008228894187,81.2,2,2,9,True,True,False,12,1.073,2026-06-22,4500.0
LIM-03557,San Borja,-12.121231537885194,-76.99831787740759,120.9,3,2,7,True,True,True,25,1.728,2026-05-23,6300.0
LIM-03558,San Martín de Porres,-11.997736617028917,-77.06604250086478,77.1,1,1,5,False,False,False,9,0.745,2026-04-28,2550.0
LIM-03559,Jesús María,-12.091317157574931,-77.05157123317804,71.5,2,2,7,False,False,True,2,4.39,2026-03-21,3500.0
LIM-03560,San Borja,-12.111106658305248,-77.00797917622387,57.7,1,1,6,False,False,False,22,0.325,2026-07-25,2500.0
LIM-03561,Pueblo Libre,-12.087364526850386,-77.0787757588056,42.1,1,1,4,False,False,True,3,6.046,2026-05-29,1900.0
LIM-03562,San Borja,-12.109235766022733,-77.0046748795481,83.3,3,2,10,True,False,False,9,0.646,2026-05-13,5450.0
LIM-03563,San Martín de Porres,-12.00491295363529,-77.0958238891294,116.0,4,3,8,False,False,True,2,4.068,2026-06-08,3850.0
LIM-03564,Miraflores,-12.135384393634851,-77.00528586042572,62.4,2,2,10,False,True,False,4,1.144,2026-03-22,4500.0
LIM-03565,Ate,-12.054306481734667,-76.91072844288429,145.3,4,3,5,False,False,False,14,11.044,2026-07-30,4550.0
LIM-03566,Surquillo,-12.125909882346903,-77.01864737818997,60.9,1,1,6,False,False,True,19,0.419,2026-03-25,2800.0
LIM-03567,Chorrillos,-12.190467096402848,-76.99743597885185,76.9,2,1,2,False,False,False,23,2.584,2026-07-19,2250.0
LIM-03568,Magdalena del Mar,-12.082507050096526,-77.09132720842766,71.1,1,1,3,True,True,False,24,6.866,2026-07-05,3050.0
LIM-03569,Chorrillos,-12.17902209837341,-77.01974571403075,112.3,3,2,11,False,False,False,22,0.269,2026-07-27,5650.0
LIM-03570,Surco (Santiago de Surco),-12.161426705388884,-76.97100391449479,69.9,1,1,6,True,False,False,10,5.0,2026-07-08,3450.0
LIM-03571,San Miguel,-12.084879369691137,-77.09452848608069,74.8,2,2,9,False,True,False,24,7.299,2026-04-22,2750.0
LIM-03572,Miraflores,-12.110123459434181,-77.00003823465914,62.9,1,1,7,False,True,False,6,1.149,2026-03-09,4400.0
LIM-03573,Surco (Santiago de Surco),-12.144136303599089,-76.9855727419267,79.4,2,2,4,False,False,False,2,3.284,2026-03-07,4850.0
LIM-03574,Magdalena del Mar,-12.077527073462395,-77.06002888909642,78.9,3,3,5,False,False,False,14,3.811,2026-04-01,3800.0
LIM-03575,Surco (Santiago de Surco),-12.145279944659539,-76.97898126211855,91.6,3,2,9,False,True,False,3,4.008,2026-04-12,4400.0
LIM-03576,La Molina,-12.080759103330204,-76.94518077047702,154.0,3,3,5,False,False,True,4,6.665,2026-06-02,10500.0
LIM-03577,Surquillo,-12.102260336984907,-77.02335853997515,64.8,2,1,6,False,True,False,4,1.552,2026-07-19,2850.0
LIM-03578,Barranco,-12.143997672332263,-77.02278528383856,83.6,3,2,10,False,True,True,6,0.802,2026-03-17,6100.0
LIM-03579,San Miguel,-12.093893927695694,-77.10464319003977,82.4,2,2,5,True,False,True,16,8.756,2026-03-30,
LIM-03580,San Isidro,-12.10850962292306,-77.03749155459876,133.2,4,2,11,False,False,False,29,2.771,2026-07-30,12450.0
LIM-03581,San Miguel,-12.063359148115362,-77.09285287259094,70.8,2,1,6,True,True,False,19,6.28,2026-06-22,3550.0
LIM-03582,Surquillo,-12.124355337475983,-76.99722918005617,59.1,2,2,3,False,False,True,5,1.916,2026-07-07,3100.0
LIM-03583,La Molina,-12.075091881833174,-76.93808069147127,139.6,3,2,6,True,False,False,7,7.535,2026-04-07,8200.0
LIM-03584,Pueblo Libre,-12.07876341666178,-77.03474858930656,67.8,2,1,3,False,True,True,1,2.302,2026-04-21,3350.0
LIM-03585,San Martín de Porres,-11.997202752169372,-77.10651452917173,105.6,3,2,3,False,False,False,9,5.146,2026-06-18,3150.0
LIM-03586,Surquillo,-12.131333287324251,-77.03210452440035,137.3,5,3,8,False,True,False,14,1.806,2026-04-25,4450.0
LIM-03587,La Molina,-12.09409921089655,-76.94946414393199,80.4,2,2,10,True,True,True,21,6.162,2026-02-18,4900.0
LIM-03588,Magdalena del Mar,-12.106003676565276,-77.05779006643182,127.3,4,3,7,False,False,False,4,4.956,2026-04-18,5850.0
LIM-03589,San Miguel,-12.074692804193303,-77.09411492640339,66.6,2,1,5,False,False,False,21,6.768,2026-05-10,2100.0
LIM-03590,Surco (Santiago de Surco),-12.13388162904341,-77.01261392202782,145.8,4,3,8,True,True,False,5,0.335,2026-04-05,10300.0
LIM-03591,Surquillo,-12.109148201245052,-77.02044149323379,81.0,2,2,6,True,True,False,21,1.072,2026-04-25,3650.0
LIM-03592,Surco (Santiago de Surco),-12.140886270037113,-77.00937117909307,115.1,4,3,6,False,False,True,20,0.699,2026-06-05,6000.0
LIM-03593,Surquillo,-12.125862760855535,-77.0342235092178,61.9,2,2,5,False,False,False,29,2.112,2026-04-13,1650.0
LIM-03594,San Isidro,-12.095007250973469,-77.01271406618815,78.5,3,2,6,True,False,False,45,0.236,2026-06-26,7450.0
LIM-03595,San Isidro,-12.109555066836085,-77.04091930640017,67.5,2,2,6,True,False,False,6,3.084,2026-06-08,6100.0
LIM-03596,Comas,-11.930058929682929,-77.05992216564637,95.2,3,2,8,False,True,True,19,4.686,2026-04-20,2350.0
LIM-03597,Chorrillos,-12.176074268639068,-77.01921547616602,77.3,3,2,7,True,False,True,8,0.284,2026-05-31,3200.0
LIM-03598,Los Olivos,-11.97281362131646,-77.0745179474953,93.5,2,2,3,False,True,False,4,1.266,2026-02-18,3100.0
LIM-03599,Callao,-12.051053892526998,-77.12818793238745,54.1,1,1,4,True,True,True,14,9.579,2026-07-26,1550.0
LIM-03600,Magdalena del Mar,-12.096416373993181,-77.07942761525005,78.6,2,2,5,False,False,False,17,6.786,2026-05-25,3250.0
LIM-03601,Surco (Santiago de Surco),-12.154896620602022,-76.99095317425771,142.3,4,3,6,False,False,False,8,2.807,2026-05-11,8550.0
LIM-03602,Miraflores,-12.133837158792673,-77.01237637625523,101.5,4,2,12,False,False,False,5,0.361,2026-07-30,8750.0
LIM-03603,San Borja,-12.095607495553624,-76.98723077236134,90.7,3,2,2,False,False,True,15,2.159,2026-05-30,5900.0
LIM-03604,Barranco,-12.148393387825864,-77.03602880276947,158.9,4,3,10,False,True,False,5,2.146,2026-03-25,13050.0
LIM-03605,Callao,-12.07677881362836,-77.10623761098115,70.7,3,2,2,False,False,False,9,8.084,2026-03-27,1600.0
LIM-03606,San Isidro,-12.092974655199418,-77.03099474386167,82.7,2,2,20,True,True,True,17,2.229,2026-05-28,8600.0
LIM-03607,Miraflores,-12.127811105838438,-77.03689665200736,47.1,1,1,14,True,True,False,14,2.402,2026-07-04,4000.0
LIM-03608,Barranco,-12.159893999430105,-77.01921483484576,61.5,2,2,4,False,False,False,19,0.336,2026-07-04,4600.0
LIM-03609,Miraflores,-12.134838472707607,-77.0225325537962,132.9,4,2,5,False,False,False,6,0.75,2026-07-06,10650.0
LIM-03610,Barranco,-12.137400846344176,-77.02083536462612,62.3,1,1,6,True,False,False,9,0.681,2026-07-26,4350.0
LIM-03611,Lince,-12.108685980464065,-77.02753707999011,41.7,1,1,6,True,False,False,7,1.799,2026-04-16,2100.0
LIM-03612,Surco (Santiago de Surco),-12.145050384893274,-77.00535541220309,125.6,4,3,4,False,False,False,11,1.175,2026-03-05,7800.0
LIM-03613,Jesús María,-12.072158478809065,-77.02508601546904,90.6,3,2,4,True,True,False,6,1.362,2026-06-21,4900.0
LIM-03614,Los Olivos,-11.949959643173157,-77.09465141674774,114.8,2,2,1,True,False,False,9,4.242,2026-02-21,4000.0
LIM-03615,Jesús María,-12.066953701643797,-77.04206578532006,72.7,3,2,18,False,False,True,11,1.739,2026-02-20,2350.0
LIM-03616,Pueblo Libre,-12.083752295386395,-77.05869883844389,54.3,1,1,5,False,True,False,27,4.259,2026-03-30,1550.0
LIM-03617,Surco (Santiago de Surco),-12.116647758550718,-76.98728467927859,89.6,3,3,15,False,True,True,8,2.65,2026-07-13,6400.0
LIM-03618,Miraflores,-12.13736148079646,-77.03790044421977,89.6,2,2,7,True,True,True,13,2.444,2026-06-14,8400.0
LIM-03619,Surco (Santiago de Surco),-12.131815966015738,-76.98096963566,92.8,2,1,18,True,True,False,26,3.74,2026-06-05,4650.0
LIM-03620,Ate,-12.040546584250974,-76.91729576818014,104.2,3,2,5,False,False,True,3,9.95,2026-04-11,2850.0
LIM-03621,Jesús María,-12.084173386998406,-77.06323457926885,67.4,3,2,6,False,True,True,15,4.596,2026-07-27,2750.0
LIM-03622,Surco (Santiago de Surco),-12.126628883377341,-77.00813772465932,108.8,3,3,14,False,True,True,15,0.732,2026-06-08,8050.0
LIM-03623,Magdalena del Mar,-12.101666681547291,-77.07420353917395,77.9,3,2,3,False,True,True,12,6.805,2026-02-23,4600.0
LIM-03624,Chorrillos,-12.166358290869784,-77.03725825828154,65.4,1,1,5,False,False,False,10,2.255,2026-07-09,2550.0
LIM-03625,Lince,-12.107175145911036,-77.01169392819868,71.1,2,2,5,True,True,True,25,0.305,2026-08-10,2950.0
LIM-03626,Jesús María,-12.069580286917255,-77.0364129446335,70.7,2,1,10,True,False,False,14,1.773,2026-03-17,3850.0
LIM-03627,Los Olivos,-11.973845280072323,-77.04957786814978,107.2,3,2,1,False,False,False,12,1.462,2026-05-03,3450.0
LIM-03628,Lince,-12.071303554604388,-77.0126429181307,89.9,3,2,4,True,True,False,12,0.603,2026-03-29,5000.0
LIM-03629,Lince,-12.085627768757252,-77.03752287757762,79.8,2,2,2,True,False,True,8,2.739,2026-02-21,4300.0
LIM-03630,Miraflores,-12.10610924559536,-77.0398319535518,44.4,2,1,7,False,False,False,7,3.11,2026-03-07,2800.0
LIM-03631,Miraflores,-12.115008646819604,-77.06153327218597,55.1,2,2,16,False,True,True,7,5.198,2026-06-12,5000.0
LIM-03632,Ate,-12.047930101508578,-76.92087480949871,75.0,3,3,3,True,False,False,9,10.044,2026-03-05,2000.0
LIM-03633,Jesús María,-12.06414796828463,-77.02781216572997,62.0,2,1,4,True,False,False,9,0.705,2026-03-04,3400.0
LIM-03634,La Molina,-12.077271298425675,-76.95513420788997,92.5,3,2,10,False,False,False,1,5.672,2026-03-24,4800.0
LIM-03635,Jesús María,-12.067937079946105,-77.05151905193837,107.6,3,2,4,False,False,False,16,2.4,2026-08-08,4550.0
LIM-03636,San Isidro,-12.124707616495503,-77.04335484298899,106.3,3,2,16,True,True,False,3,3.106,2026-04-10,8600.0
LIM-03637,Surquillo,-12.126490725889171,-77.0130000581567,56.8,2,1,12,False,True,False,12,0.215,2026-07-30,2350.0
LIM-03638,BARRANCO,-12.132790729841929,-77.00596698378943,84.6,1,1,8,False,False,True,5,1.065,2026-08-02,6150.0
LIM-03639,Surquillo,-12.129771350265223,-77.03597052741017,72.2,2,1,7,True,True,False,13,2.251,2026-05-26,3550.0
LIM-03640,San Borja,-12.09771046619921,-77.01477331177956,89.1,3,2,13,False,True,True,30,0.491,2026-07-16,5750.0
LIM-03641,Surco (Santiago de Surco),-12.126522568118643,-76.97716055952871,137.2,4,4,7,True,False,False,3,4.088,2026-05-25,5800.0
LIM-03642,San Isidro,-12.105909028338985,-77.02790319750657,68.8,2,1,5,False,False,False,12,1.928,2026-06-24,7200.0
LIM-03643,Surquillo,-12.1386427795254,-77.02061256673618,66.1,1,1,11,True,True,True,11,0.652,2026-06-16,3050.0
LIM-03644,Miraflores,-12.127926951175375,-77.00891500685688,53.6,2,1,11,True,True,False,4,0.686,2026-07-28,3600.0
LIM-03645,San Isidro,-12.072263819476404,-77.05308034663668,61.7,2,1,9,False,True,False,26,2.872,2026-08-09,5050.0
LIM-03646,San Miguel,-12.087759327506513,-77.0816254381057,50.5,2,2,3,False,False,False,4,6.313,2026-07-04,2300.0
LIM-03647,Surco (Santiago de Surco),-12.14453108813519,-76.99581885730638,69.3,1,1,5,True,False,False,2,2.179,2026-06-23,3600.0
LIM-03648,La Molina,-12.098770988923718,-76.93792147396785,113.0,3,2,8,False,True,False,7,7.471,2026-07-12,5250.0
LIM-03649,Barranco,-12.134822586281405,-77.0500458253455,63.5,1,1,10,False,False,True,26,3.735,2026-06-18,4000.0
LIM-03650,Chorrillos,-12.177614988539501,-77.02122844031874,75.2,3,2,8,False,False,True,12,0.408,2026-02-13,2950.0
LIM-03651,Surco (Santiago de Surco),-12.142510874747389,-76.98615843940757,86.3,3,1,13,True,False,True,25,3.212,2026-02-17,4600.0
LIM-03652,Barranco,-12.132438311793656,-77.02215996262073,123.4,4,2,11,True,True,True,14,0.721,2026-03-20,10300.0
LIM-03653,Surco (Santiago de Surco),-12.128046070944773,-76.9799364267264,66.0,2,2,7,False,False,False,18,3.799,2026-08-10,2400.0
LIM-03654,Miraflores,-12.132131482900522,-77.0147383399143,50.4,2,1,7,True,False,False,4,0.223,2026-07-31,3950.0
LIM-03655,Surco (Santiago de Surco),-12.149683006932742,-77.00650276350265,72.5,2,2,4,False,False,True,2,1.1,2026-04-16,
LIM-03656,San Isidro,-12.08330196042144,-77.02681208818399,83.1,3,2,14,False,False,False,17,1.557,2026-07-31,6200.0
LIM-03657,Miraflores,-12.1208985420351,-77.04131195188674,88.4,3,2,9,True,True,True,6,2.931,2026-02-14,8300.0
LIM-03658,La Molina,-12.105388768238274,-76.94455181470614,134.1,4,3,4,False,False,True,2,6.915,2026-04-01,6800.0
LIM-03659,Los Olivos,-11.990297388242722,-77.06362646100831,119.1,4,3,5,False,True,False,16,0.934,2026-04-27,3450.0
LIM-03660,San Isidro,-12.110592464582398,-77.04672339517512,82.1,2,1,12,False,True,True,14,3.666,2026-06-28,6750.0
LIM-03661,Barranco,-12.164273815057236,-77.01195688577323,61.7,2,1,20,False,True,True,33,0.604,2026-07-11,3650.0
LIM-03662,San Martín de Porres,-12.023452923650819,-77.08666426895383,151.8,4,3,1,False,False,True,8,4.153,2026-03-01,5250.0
LIM-03663,Los Olivos,-11.982094083839781,-77.07846837032895,36.1,1,1,2,False,True,True,10,2.026,2026-06-19,1250.0
LIM-03664,Lince,-12.096128966739727,-77.02482018819752,69.4,2,1,2,True,False,True,17,1.536,2026-02-19,4950.0
LIM-03665,Barranco,-12.154952175460615,-77.0314316753242,80.3,2,1,5,False,False,False,33,1.676,2026-05-06,3600.0
LIM-03666,La Molina,-12.066485079458468,-76.95584202563235,200.3,5,3,7,True,True,False,23,5.991,2026-04-04,12900.0
LIM-03667,Barranco,-12.152602119265179,-77.00890612751964,41.1,2,2,7,True,False,True,4,0.84,2026-03-01,3600.0
LIM-03668,Miraflores,-12.12311089805293,-77.02809731417689,65.6,3,2,17,False,False,False,8,1.474,2026-06-15,4500.0
LIM-03669,La Molina,-12.080688935634413,-76.96264943394364,71.2,2,2,6,True,False,False,13,4.793,2026-03-02,4150.0
LIM-03670,Jesús María,-12.076447816852799,-77.03873230345935,45.0,1,1,2,False,False,False,11,2.508,2026-03-13,2250.0
LIM-03671,Surco (Santiago de Surco),-12.13019816443336,-76.99987921478693,89.0,3,2,17,False,True,False,5,1.697,2026-06-05,4550.0
LIM-03672,Jesús María,-12.07023262147658,-77.06583616007474,104.4,3,3,10,False,False,False,31,3.784,2026-06-16,5100.0
LIM-03673,Surco (Santiago de Surco),-12.133528937212809,-77.02508778013394,139.7,5,3,10,True,True,False,8,1.021,2026-03-04,9150.0
LIM-03674,Surco (Santiago de Surco),-12.101802406986971,-76.98415902843561,80.1,1,1,3,False,False,False,3,2.759,2026-05-07,3950.0
LIM-03675,Surquillo,-12.103766489871466,-77.02781901679333,80.5,3,2,6,False,False,False,9,1.985,2026-04-10,4400.0
LIM-03676,Los Olivos,-11.981880663816481,-77.08642613725559,82.6,3,2,9,False,True,False,19,2.781,2026-07-30,2100.0
LIM-03677,Surco (Santiago de Surco),-12.13055733376573,-76.98732716603537,113.5,4,3,11,True,True,False,26,3.035,2026-06-20,6700.0
LIM-03678,Jesús María,-12.083100841679917,-77.0393305008443,115.8,4,3,4,True,False,False,7,2.857,2026-05-12,7150.0
LIM-03679,Surco (Santiago de Surco),-12.129644990831281,-77.00444523598314,89.3,3,2,6,True,False,True,11,1.208,2026-06-20,6000.0
LIM-03680,San Isidro,-12.1137022490053,-77.02574831208473,120.0,3,2,15,True,True,True,11,1.373,2026-06-21,11650.0
LIM-03681,San Miguel,-12.09069335337701,-77.06814128494663,52.9,1,1,6,False,True,False,11,5.495,2026-05-02,2100.0
LIM-03682,Miraflores,-12.116973109250118,-77.01324004074834,92.5,2,1,8,False,True,False,30,0.101,2026-03-24,5250.0
LIM-03683,La Molina,-12.074827970636823,-76.93090731485763,153.1,4,3,4,True,True,True,4,8.305,2026-04-28,9700.0
LIM-03684,Magdalena del Mar,-12.089468267814963,-77.07193045053441,105.0,3,2,6,False,False,False,39,5.664,2026-04-22,4800.0
LIM-03685,Miraflores,-12.110850591985578,-77.03472461846634,51.3,2,1,17,False,True,True,2,2.399,2026-06-22,3900.0
LIM-03686,Miraflores,-12.116614177294833,-77.03007063263476,70.2,2,1,16,False,True,True,9,1.773,2026-05-16,4800.0
LIM-03687,Surco (Santiago de Surco),-12.132930046811612,-76.98971110075605,104.6,3,2,8,True,True,False,25,2.827,2026-04-23,5700.0
LIM-03688,Callao,-12.0626443192911,-77.13319014350385,97.9,3,2,5,False,True,False,28,10.608,2026-04-15,2250.0
LIM-03689,Jesús María,-12.063843978295399,-77.05823258289128,83.0,3,2,9,True,True,False,24,2.713,2026-07-01,
LIM-03690,La Molina,-12.07450144920608,-76.96233300171579,173.8,4,3,1,False,False,False,8,5.004,2026-06-16,12000.0
LIM-03691,San Isidro,-12.097957388295958,-77.0338777605325,56.2,2,1,11,True,True,False,28,2.531,2026-06-18,4150.0
LIM-03692,Jesús María,-12.075003112501344,-77.04800335293126,74.1,2,2,7,True,False,True,29,2.822,2026-07-23,3450.0
LIM-03693,Miraflores,-12.102003130259334,-77.03723250398562,43.7,1,1,4,False,True,True,23,2.966,2026-04-11,2700.0
LIM-03694,San Borja,-12.108545061357795,-76.98875400953544,109.8,3,3,4,True,False,False,2,2.379,2026-06-06,6700.0
LIM-03695,San Miguel,-12.07649176955561,-77.10533520439114,93.1,2,1,8,False,True,False,5,7.981,2026-06-15,3550.0
LIM-03696,La Molina,-12.080989289106965,-76.95347801688213,300.0,5,3,7,True,True,False,14,5.769,2026-04-24,14700.0
LIM-03697,Surco (Santiago de Surco),-12.136173675071449,-76.98563368218106,131.9,3,3,7,True,True,True,21,3.278,2026-06-07,9450.0
LIM-03698,San Isidro,-12.107044083872918,-77.02555421063849,94.5,2,1,8,True,True,True,5,1.652,2026-07-14,9100.0
LIM-03699,San Isidro,-12.092664413093718,-77.04624871443251,92.2,2,1,18,True,True,False,8,3.881,2026-07-09,8250.0
LIM-03700,La Molina,-12.087265060120268,-76.94241548874308,99.4,2,2,10,False,False,False,10,6.905,2026-05-12,5500.0
LIM-03701,Los Olivos,-11.946793002922306,-77.08084568688935,91.8,2,2,5,False,False,False,11,3.425,2026-06-04,2850.0
LIM-03702,Barranco,-12.139938617396492,-77.02376807440292,76.5,2,1,5,False,True,False,14,0.907,2026-03-23,4600.0
LIM-03703,Jesús María,-12.080745787437317,-77.04727395127018,42.7,1,1,8,False,True,False,18,3.374,2026-06-23,2100.0
LIM-03704,Lince,-12.076351277369715,-77.02657560561421,72.4,1,1,20,True,True,False,1,1.421,2026-02-24,4000.0
LIM-03705,San Isidro,-12.093505609983229,-77.03288929183807,87.8,2,2,4,False,False,False,17,2.426,2026-03-15,6700.0
LIM-03706,Miraflores,-12.105386884376655,-77.02612205191352,131.5,3,2,13,True,False,False,19,1.754,2026-06-11,8200.0
LIM-03707,Surco (Santiago de Surco),-12.141293450553949,-77.00794198004529,91.1,3,2,7,False,False,False,9,0.847,2026-04-19,5750.0
LIM-03708,Lince,-12.082835886219687,-77.02864068032831,53.2,2,2,6,False,True,True,21,1.725,2026-05-05,2400.0
LIM-03709,Magdalena del Mar,-12.09668912378911,-77.06908721578564,85.0,2,1,11,True,True,False,7,6.086,2026-05-14,5050.0
LIM-03710,Pueblo Libre,-12.072898246923302,-77.05483278563896,76.8,2,1,4,False,False,False,22,3.05,2026-06-09,2950.0
LIM-03711,Chorrillos,-12.185322387388046,-77.02673424215365,78.6,2,2,4,False,False,False,11,1.292,2026-04-02,2400.0
LIM-03712,San Miguel,-12.070489059985043,-77.081812972601,51.8,1,1,5,False,True,False,6,5.352,2026-04-24,2150.0
LIM-03713,Comas,-11.937984428689806,-77.07780681834132,90.4,3,2,2,False,True,False,22,4.126,2026-02-25,1800.0
LIM-03714,San Miguel,-12.06197731659694,-77.09796981784852,64.8,1,1,5,False,False,False,21,6.801,2026-07-29,2100.0
LIM-03715,Chorrillos,-12.174820310223842,-77.02140622898753,76.5,3,2,3,False,False,False,26,0.553,2026-06-30,3000.0
LIM-03716,Surquillo,-12.119642074098977,-77.03264890875003,82.2,2,1,5,False,False,False,16,2.054,2026-08-01,2450.0
LIM-03717,Pueblo Libre,-12.064128467464672,-77.06658853213807,60.4,2,2,9,False,False,False,13,3.553,2026-07-22,2500.0
LIM-03718,Surquillo,-12.124230452579196,-77.01484222902786,60.6,1,1,3,True,True,False,7,0.163,2026-04-29,3200.0
LIM-03719,Callao,-12.043580185578993,-77.140009266182,101.1,3,2,4,False,False,False,5,10.173,2026-04-20,2800.0
LIM-03720,Magdalena del Mar,-12.082505896031035,-77.08043626060525,71.6,2,1,6,False,True,False,34,5.86,2026-06-09,2550.0
LIM-03721,Lince,-12.070012653186387,-77.05428081118716,156.7,4,3,6,True,False,False,2,2.775,2026-07-15,8900.0
LIM-03722,San Borja,-12.103780524183845,-76.97410153458819,97.5,3,2,5,False,False,False,15,3.828,2026-05-27,5000.0
LIM-03723,Chorrillos,-12.180537956591174,-77.0155501053968,55.1,2,1,9,False,False,False,4,0.353,2026-05-28,1950.0
LIM-03724,La Molina,-12.085489747284337,-76.94369004859402,84.1,2,1,12,False,True,False,15,6.775,2026-05-15,3150.0
LIM-03725,Surquillo,-12.110139173259048,-77.01471511906009,48.1,2,1,5,False,False,False,23,0.45,2026-07-31,2000.0
LIM-03726,Surquillo,-12.121421699742253,-77.0102457524328,49.9,2,1,8,False,False,False,17,0.566,2026-05-23,2050.0
LIM-03727,Ate,-12.030402604532897,-76.90426214180198,109.2,3,2,2,False,True,False,4,10.78,2026-02-12,3150.0
LIM-03728,Barranco,-12.142438989989177,-77.04016264714578,49.1,1,1,12,True,True,True,10,2.66,2026-07-15,3300.0
LIM-03729,Pueblo Libre,-12.084306675463864,-77.04737786883088,67.5,2,1,3,False,False,False,15,3.741,2026-04-23,2150.0
LIM-03730,San Miguel,-12.054805515882412,-77.07785009647179,112.4,3,1,3,False,False,True,4,4.537,2026-02-24,5200.0
LIM-03731,Callao,-12.055431328697958,-77.11889615933029,72.0,2,1,4,False,True,False,11,8.999,2026-05-21,1950.0
LIM-03732,San Martín de Porres,-12.0120292365142,-77.0820247442882,111.6,4,4,11,False,True,True,12,2.962,2026-07-09,4850.0
LIM-03733,Jesús María,-12.083563049472968,-77.08623312955949,46.7,1,1,3,False,False,True,6,6.45,2026-04-13,2500.0
LIM-03734,Jesús María,-12.055746596834016,-77.06392789394643,71.1,3,2,2,False,False,False,10,3.038,2026-06-08,2800.0
LIM-03735,Miraflores,-12.099200181005399,-77.02317380868483,56.5,2,1,14,False,True,False,19,1.408,2026-07-26,3350.0
LIM-03736,Ate,-12.03428617935823,-76.90159259040428,101.3,3,2,4,True,True,False,11,11.204,2026-05-23,2900.0
LIM-03737,Barranco,-12.133568296216954,-77.0126539569346,50.3,2,1,9,False,True,False,21,0.333,2026-03-22,3500.0
LIM-03738,Pueblo Libre,-12.059000614494417,-77.06400858078935,145.4,3,2,5,False,True,True,20,3.112,2026-04-07,7750.0
LIM-03739,Surquillo,-12.10801700616683,-76.99438952759317,38.5,2,1,7,False,False,False,22,1.772,2026-06-29,1400.0
LIM-03740,Magdalena del Mar,-12.091551498546268,-77.06363789332359,112.2,3,2,10,False,True,False,11,5.278,2026-07-23,5000.0
LIM-03741,Barranco,-12.14292164166628,-77.02612591702494,92.7,3,2,4,False,False,False,17,1.138,2026-03-20,5300.0
LIM-03742,Miraflores,-12.11226781468228,-77.00321467217655,82.8,3,2,4,False,False,False,21,0.852,2026-06-27,4750.0
LIM-03743,Chorrillos,-12.183599176078316,-77.03125400681648,83.4,2,1,3,True,False,True,16,1.619,2026-04-14,3800.0
LIM-03744,San Borja,-12.099516495248254,-77.01626208264645,162.9,4,3,5,False,True,False,23,0.732,2026-03-11,9850.0
LIM-03745,Miraflores,-12.103596597832436,-77.03445326464548,165.4,5,4,8,True,False,False,2,2.681,2026-02-28,9600.0
LIM-03746,PUEBLO LIBRE,-12.076076469139949,-77.07220368213625,70.2,1,1,6,False,False,True,32,4.718,2026-04-14,2950.0
LIM-03747,Barranco,-12.153158973423862,-77.02577917937384,73.6,3,2,11,True,True,True,14,1.032,2026-08-05,5950.0
LIM-03748,Los Olivos,-11.963181444289136,-77.0619229116432,73.7,2,1,3,False,False,False,17,0.997,2026-08-06,1850.0
LIM-03749,Surco (Santiago de Surco),-12.142795890604898,-76.99540775485926,65.3,3,2,10,False,False,True,45,2.208,2026-03-07,3400.0
LIM-03750,Miraflores,-12.13690182339953,-77.02949956121144,87.0,2,2,10,False,False,False,23,1.537,2026-04-01,6000.0
LIM-03751,San Isidro,-12.083427371518738,-77.03599422220549,92.1,3,2,11,False,True,False,7,2.511,2026-05-08,8500.0
LIM-03752,San Borja,-12.113711415120282,-77.0263479059157,53.8,2,1,4,False,False,False,22,1.434,2026-06-07,2900.0
LIM-03753,Magdalena del Mar,-12.095278617055357,-77.09388312609501,90.3,2,2,4,False,False,True,37,7.879,2026-06-02,4300.0
LIM-03754,San Miguel,-12.084721500492098,-77.09742373518515,85.4,2,2,4,False,False,False,16,7.565,2026-03-22,3050.0
LIM-03755,Magdalena del Mar,-12.080178942221043,-77.08581514561617,64.3,2,2,20,False,True,False,11,6.217,2026-06-29,3350.0
LIM-03756,Surco (Santiago de Surco),-12.124761886100591,-76.99778144984576,76.8,2,2,10,True,True,False,31,1.853,2026-07-23,2900.0
LIM-03757,Barranco,-12.152288874493845,-77.0045504594447,80.2,2,1,8,False,False,False,16,1.305,2026-05-18,4900.0
LIM-03758,Surco (Santiago de Surco),-12.149158768377152,-76.99589339396873,159.0,5,3,5,False,False,True,6,2.251,2026-06-03,8200.0
LIM-03759,San Martín de Porres,-12.0030631576583,-77.09646601861267,102.2,4,3,12,False,True,False,10,4.1,2026-03-26,2800.0
LIM-03760,Miraflores,-12.114258167600603,-77.03891719744718,96.3,4,3,10,False,False,False,16,2.757,2026-05-16,
LIM-03761,Comas,-11.940736371551042,-77.0414730890921,72.8,2,2,2,False,False,False,3,4.195,2026-06-14,1600.0
LIM-03762,Surco (Santiago de Surco),-12.133690823466576,-76.9766100723425,83.2,2,1,4,False,False,False,24,4.246,2026-03-01,3450.0
LIM-03763,Miraflores,-12.118559614886362,-77.02224947077221,91.1,2,1,11,False,True,False,7,0.924,2026-04-26,7650.0
LIM-03764,Barranco,-12.140294445222022,-77.04014979684834,45.3,2,1,8,False,True,False,12,2.665,2026-02-21,2350.0
LIM-03765,San Isidro,-12.097702310448781,-77.03301834077875,90.8,2,1,16,False,True,False,24,2.436,2026-04-25,7050.0
LIM-03766,Surquillo,-12.109299838594485,-77.01289563481019,76.1,2,1,3,False,False,False,21,0.254,2026-05-25,2700.0
LIM-03767,San Borja,-12.12014303049294,-76.99829351749932,88.9,2,1,11,True,False,False,17,1.708,2026-02-18,6250.0
LIM-03768,Surco (Santiago de Surco),-12.104353790676296,-77.00184013266731,105.2,3,2,11,False,False,True,4,1.123,2026-05-07,5750.0
LIM-03769,Lince,-12.088506311831795,-77.03765157252643,69.3,2,2,12,True,False,False,17,2.869,2026-04-11,3450.0
LIM-03770,Jesús María,-12.071156883905394,-77.05667657888625,65.6,2,1,4,False,False,True,7,3.051,2026-05-28,3450.0
LIM-03771,Callao,-12.049802413702565,-77.1318408875003,58.3,1,1,7,False,False,True,8,9.81,2026-06-21,1350.0
LIM-03772,Ate,-12.051329486148807,-76.89960814597438,89.4,2,2,3,False,False,True,20,12.214,2026-06-26,2400.0
LIM-03773,Lince,-12.085006102469007,-77.02271223445965,103.2,2,1,3,True,False,False,5,1.267,2026-06-01,5300.0
LIM-03774,Surquillo,-12.114751896704117,-77.020919153311,90.2,2,1,5,True,True,False,18,0.841,2026-06-08,3450.0
LIM-03775,Surquillo,-12.12566845711088,-77.01327386029959,58.2,2,2,2,False,False,False,30,0.166,2026-04-03,2550.0
LIM-03776,San Borja,-12.103036926893525,-76.99392358931532,80.1,2,1,9,False,True,True,11,1.959,2026-03-13,4350.0
LIM-03777,Pueblo Libre,-12.093390662059106,-77.03498539730309,65.2,1,1,5,False,False,False,27,2.654,2026-04-14,1950.0
LIM-03778,San Isidro,-12.076167498691001,-77.026229175829,73.8,3,3,5,False,False,False,10,1.387,2026-03-08,5650.0
LIM-03779,San Miguel,-12.06788434938026,-77.08278276457526,85.5,2,2,7,True,False,False,8,5.35,2026-03-04,3300.0
LIM-03780,Ate,-12.03873053170816,-76.91554422784317,129.0,4,3,6,False,False,False,8,10.023,2026-03-15,3550.0
LIM-03781,San Isidro,-12.118039705349199,-77.04191308750092,175.3,5,4,9,False,False,True,20,3.057,2026-03-31,17750.0
LIM-03782,Chorrillos,-12.184210344079515,-77.00150747696806,62.9,2,1,4,False,False,False,11,1.87,2026-08-10,1700.0
LIM-03783,Callao,-12.039927858550339,-77.1102727345892,104.7,4,2,5,False,True,False,9,7.288,2026-05-24,2750.0
LIM-03784,Barranco,-12.099585103235524,-77.03135450344865,83.3,2,1,16,False,True,True,32,2.285,2026-06-08,4800.0
LIM-03785,San Borja,-12.093963690419315,-76.99315360134791,81.0,1,1,7,True,True,False,30,1.492,2026-07-07,4750.0
LIM-03786,San Martín de Porres,-11.986456679076989,-77.07055136693896,64.8,1,1,12,True,False,False,12,1.741,2026-04-10,1500.0
LIM-03787,Callao,-12.05030030926263,-77.14324997147551,92.8,3,3,8,False,False,False,11,10.864,2026-04-01,2200.0
LIM-03788,Miraflores,-12.131269966348523,-77.04046864151101,147.8,4,3,7,False,True,False,3,2.708,2026-02-15,11900.0
LIM-03789,Surco (Santiago de Surco),-12.123057911001595,-76.99064682208753,103.5,3,3,4,False,False,False,10,2.587,2026-04-04,5550.0
LIM-03790,Pueblo Libre,-12.086814488045164,-77.08619353564595,58.3,1,1,8,False,False,False,3,6.648,2026-08-05,2700.0
LIM-03791,Barranco,-12.163927021981678,-77.04259357399063,66.6,2,1,5,False,False,False,16,2.79,2026-07-07,5350.0
LIM-03792,Surco (Santiago de Surco),-12.150282351905261,-76.99824554088474,66.0,2,1,4,False,True,False,2,1.987,2026-08-04,3150.0
LIM-03793,San Isidro,-12.085491328241982,-77.03080146889086,85.5,2,2,8,False,False,False,11,2.052,2026-07-06,6050.0
LIM-03794,Miraflores,-12.12178896865913,-77.02294659551718,93.3,2,1,7,False,True,False,12,0.987,2026-07-13,7150.0
LIM-03795,Jesús María,-12.072389702801148,-77.03001120536771,64.1,2,2,15,False,False,False,15,1.636,2026-02-19,2950.0
LIM-03796,Lince,-12.085284847244608,-77.03231283334533,25.0,1,1,10,False,False,False,45,2.194,2026-02-22,1050.0
LIM-03797,Lince,-12.09860859849438,-77.03777183424152,74.3,2,2,10,False,True,False,3,2.96,2026-06-16,3350.0
LIM-03798,San Miguel,-12.08544877087221,-77.10848831503387,66.4,1,1,7,True,True,False,34,8.677,2026-05-28,2200.0
LIM-03799,La Molina,-12.094245114475042,-76.94981553139712,86.5,3,2,6,True,True,False,28,6.126,2026-03-14,5000.0
LIM-03800,Surco (Santiago de Surco),-12.151863257366704,-76.98650964830405,74.5,2,2,6,False,True,False,14,3.261,2026-06-09,3800.0
LIM-03801,SAN ISIDRO,-12.103250521143606,-77.02766733355816,96.6,3,2,12,False,False,False,32,1.989,2026-06-07,7750.0
LIM-03802,Barranco,-12.162375677476755,-77.01822457191926,61.4,2,1,5,True,False,False,31,0.14,2026-05-24,3850.0
LIM-03803,Surco (Santiago de Surco),-12.128067892453595,-76.98843462077647,127.9,4,3,4,False,False,False,23,2.878,2026-07-21,6200.0
LIM-03804,Miraflores,-12.113168347232397,-77.0140833972911,101.7,2,2,13,True,False,False,7,0.505,2026-07-21,6850.0
LIM-03805,San Isidro,-12.112723669471679,-77.03579673788256,77.9,2,1,13,True,False,False,8,2.455,2026-03-28,5800.0
LIM-03806,Miraflores,-12.124659581170976,-77.012992173947,63.5,1,1,5,True,False,False,21,0.228,2026-03-11,5350.0
LIM-03807,Lince,-12.0628272814242,-77.04201976207159,70.8,2,2,3,False,False,False,7,1.321,2026-07-18,4250.0
LIM-03808,Jesús María,-12.08536915477214,-77.04987949253449,76.4,2,1,3,False,False,False,6,3.956,2026-05-15,4100.0
LIM-03809,Callao,-12.051480346186459,-77.12386999875832,48.5,1,1,6,False,True,False,17,9.246,2026-06-02,1600.0
LIM-03810,Surquillo,-12.113433736791965,-77.00798753841913,119.9,4,3,10,True,False,False,10,0.503,2026-05-15,5550.0
LIM-03811,Jesús María,-12.06048534930591,-77.0611738133591,100.5,3,2,4,False,True,False,4,2.861,2026-04-14,5250.0
LIM-03812,Miraflores,-12.117554397903712,-77.03326118570604,64.7,2,1,10,True,True,True,4,2.116,2026-03-19,6200.0
LIM-03813,Jesús María,-12.078775545735086,-77.07131611788988,43.3,1,1,4,True,True,False,27,4.815,2026-05-07,1750.0
LIM-03814,San Isidro,-12.096398830542325,-77.02956748697316,80.2,3,2,17,True,True,False,33,2.052,2026-07-09,6150.0
LIM-03815,La Molina,-12.085823560672555,-76.93023851669129,91.1,3,2,3,True,False,False,3,8.234,2026-02-25,5450.0
LIM-03816,La Molina,-12.087900342187394,-76.9342715045844,107.9,3,2,8,True,True,False,20,7.789,2026-06-24,5300.0
LIM-03817,La Molina,-12.102629337463888,-76.93544846863836,55.0,2,2,6,True,False,False,33,7.808,2026-06-10,2900.0
LIM-03818,Surco (Santiago de Surco),-12.120082936708824,-76.98492719524825,81.7,2,2,4,True,False,False,14,3.02,2026-06-18,4600.0
LIM-03819,Lince,-12.072302796945628,-77.02490367405876,59.6,2,1,3,False,False,False,2,1.353,2026-02-12,2350.0
LIM-03820,Chorrillos,-12.187230268322438,-77.01072725252993,77.1,3,1,2,False,False,True,12,1.263,2026-06-23,2500.0
LIM-03821,San Miguel,-12.081008707586205,-77.08465303850845,72.3,2,1,5,False,False,False,17,6.155,2026-06-18,2550.0
LIM-03822,Jesús María,-12.076301028032251,-77.0568681855589,81.3,2,2,4,False,False,False,10,3.481,2026-06-09,3750.0
LIM-03823,San Borja,-12.122178225605994,-77.00100232132223,146.4,5,4,8,False,True,False,45,1.478,2026-05-21,7850.0
LIM-03824,San Isidro,-12.119601555213148,-77.0358570808715,72.1,3,1,20,False,True,False,13,2.388,2026-03-27,6350.0
LIM-03825,Pueblo Libre,-12.08164711182295,-77.0671284616644,56.0,2,1,9,False,True,False,27,4.678,2026-03-22,3050.0
LIM-03826,San Borja,-12.112576828083014,-77.01739571563242,51.8,2,1,11,True,True,False,12,0.691,2026-03-12,5500.0
LIM-03827,Surco (Santiago de Surco),-12.152294800000368,-77.00982010784273,80.7,3,2,10,False,True,False,30,0.736,2026-06-28,3650.0
LIM-03828,Surco (Santiago de Surco),-12.132876266830975,-76.99224028661972,60.7,2,1,8,True,False,False,5,2.553,2026-07-24,3050.0
LIM-03829,Callao,-12.042645724360204,-77.10723068909533,115.6,3,3,8,True,False,False,5,7.245,2026-03-02,3300.0
LIM-03830,Jesús María,-12.063494606246017,-77.0488878970901,77.6,2,1,5,False,False,False,3,1.851,2026-08-03,4050.0
LIM-03831,Magdalena del Mar,-12.097020227837904,-77.04252213765774,105.4,3,3,8,False,True,True,0,3.463,2026-06-13,5750.0
LIM-03832,Jesús María,-12.095684940358256,-77.06003714916187,127.9,5,4,2,False,False,False,14,5.364,2026-07-03,6600.0
LIM-03833,La Molina,-12.078211571912092,-76.9398606942952,83.4,2,1,10,True,False,False,5,7.28,2026-02-26,5050.0
LIM-03834,Magdalena del Mar,-12.093743293971224,-77.0602055686722,69.8,2,1,7,True,True,False,5,5.287,2026-03-03,4300.0
LIM-03835,Surco (Santiago de Surco),-12.129907786689383,-76.98221187454602,145.5,5,4,6,False,True,True,14,3.574,2026-07-15,10350.0
LIM-03836,Magdalena del Mar,-12.07226676639637,-77.0678391976587,82.9,1,1,3,False,False,True,26,4.089,2026-06-29,3850.0
LIM-03837,Lince,-12.094997739554369,-77.02045695231389,80.3,2,1,3,True,False,False,23,1.065,2026-04-02,3250.0
LIM-03838,San Isidro,-12.131697791197466,-77.0360352678281,118.3,3,2,8,True,True,False,3,2.224,2026-03-17,12500.0
LIM-03839,Surquillo,-12.127341454933717,-76.99754541906215,86.6,2,1,6,False,False,False,11,1.885,2026-03-17,3950.0
LIM-03840,Surco (Santiago de Surco),-12.129167459180787,-76.97960209072376,108.3,2,1,11,False,True,True,5,3.846,2026-07-25,6500.0
LIM-03841,Lince,-12.084776889179023,-77.04352673120853,106.3,3,2,10,False,True,False,13,3.343,2026-03-05,5000.0
LIM-03842,Lince,-12.099687633555185,-77.02944118474838,66.5,2,1,13,True,True,False,28,2.083,2026-07-08,2300.0
LIM-03843,Lince,-12.102136608598117,-77.05186755955432,80.3,2,2,10,True,False,True,6,4.486,2026-06-16,4050.0
LIM-03844,Jesús María,-12.07785530818981,-77.03073853232118,75.6,3,2,8,True,False,False,17,1.864,2026-05-27,3350.0
LIM-03845,Callao,-12.071553136038581,-77.11540922270761,117.8,2,1,2,True,False,False,26,8.873,2026-07-22,2700.0
LIM-03846,San Borja,-12.102052398980945,-76.9824147258712,71.9,2,2,7,False,False,False,17,2.937,2026-04-20,5000.0
LIM-03847,Pueblo Libre,-12.078537122663516,-77.06441229005722,43.8,1,1,12,False,False,False,25,4.226,2026-07-18,1500.0
LIM-03848,Pueblo Libre,-12.081125414611982,-77.08537520998519,92.5,3,2,14,False,True,False,14,6.229,2026-05-17,4000.0
LIM-03849,Barranco,-12.158499316835076,-76.98975158950716,50.5,1,1,4,False,False,False,15,2.987,2026-06-19,2850.0
LIM-03850,Surco (Santiago de Surco),-12.131842527281032,-76.99342693743375,66.4,1,1,5,True,False,False,11,2.422,2026-07-04,3750.0
LIM-03851,La Molina,-12.08628868931488,-76.95720250348081,164.9,4,3,14,False,True,False,3,5.303,2026-05-25,9050.0
LIM-03852,Surco (Santiago de Surco),-12.132576512761649,-76.98125085253932,129.4,4,3,12,False,False,False,7,3.727,2026-07-16,5650.0
LIM-03853,Surco (Santiago de Surco),-12.13283844667433,-76.97056971262508,85.1,2,2,7,False,False,True,38,4.873,2026-02-15,
LIM-03854,La Molina,-12.08766634643916,-76.94762925809349,41.5,1,1,8,True,True,False,20,6.337,2026-06-15,2300.0
LIM-03855,Jesús María,-12.085997567001497,-77.05019090892873,94.9,2,2,8,True,True,False,8,4.034,2026-03-13,5750.0
LIM-03856,Barranco,-12.158164561520776,-77.01854344518345,86.5,3,2,14,False,True,True,28,0.458,2026-04-10,7050.0
LIM-03857,Surquillo,-12.119436098861666,-77.03083164757862,76.7,2,2,10,False,False,False,16,1.862,2026-07-13,2600.0
LIM-03858,Magdalena del Mar,-12.07071765714294,-77.08398800939497,90.7,3,3,5,True,False,False,4,5.581,2026-07-31,5200.0
LIM-03859,Pueblo Libre,-12.089786035845002,-77.04171688962762,70.8,2,2,12,True,True,True,12,3.331,2026-06-05,3400.0
LIM-03860,San Isidro,-12.102227718039803,-77.03828647725479,74.5,2,2,19,False,True,True,7,3.083,2026-02-13,4900.0
LIM-03861,Magdalena del Mar,-12.094320795278673,-77.0857506837363,54.7,1,1,6,False,True,False,9,7.124,2026-05-04,2350.0
LIM-03862,San Isidro,-12.100839993039271,-77.04212450275635,68.0,3,2,19,True,True,True,21,3.462,2026-07-07,5500.0
LIM-03863,Lince,-12.072212365502748,-77.02042611575203,75.4,1,1,5,False,False,True,2,0.959,2026-08-04,4300.0
LIM-03864,Surco (Santiago de Surco),-12.138701975166034,-77.01871076262151,105.8,3,2,10,False,True,False,7,0.492,2026-04-14,5900.0
LIM-03865,Callao,-12.059414496789806,-77.11504420123175,109.4,4,3,11,False,True,False,5,8.609,2026-05-21,3650.0
LIM-03866,Surco (Santiago de Surco),-12.125224457836604,-76.9654533750595,60.6,2,2,12,False,True,False,2,5.203,2026-04-11,3650.0
LIM-03867,Jesús María,-12.05187146004498,-77.02462724847254,47.0,2,2,4,False,True,False,7,0.759,2026-07-13,2000.0
LIM-03868,Barranco,-12.13251001951262,-77.01452156663018,62.0,2,2,10,True,True,False,23,0.201,2026-04-23,3850.0
LIM-03869,Jesús María,-12.07523984660931,-77.03320268867948,57.7,1,1,9,False,True,True,11,2.068,2026-03-08,3150.0
LIM-03870,Magdalena del Mar,-12.096094170540788,-77.06001808458244,82.8,2,1,7,True,False,False,4,5.362,2026-05-26,3500.0
LIM-03871,Surco (Santiago de Surco),-12.134439369062589,-76.99651022404187,801.8,2,2,5,True,True,False,27,2.087,2026-05-08,2850.0
LIM-03872,Miraflores,-12.119336007098449,-77.01830247435963,109.4,4,3,7,False,False,False,3,0.522,2026-06-07,10600.0
LIM-03873,Miraflores,-12.131268177372174,-77.00793700377454,57.7,2,1,9,True,False,False,25,0.893,2026-02-25,3950.0
LIM-03874,Miraflores,-12.109860874413735,-77.04456514691749,124.9,3,2,5,False,False,False,12,3.456,2026-08-02,6550.0
LIM-03875,comas,-11.940520690467325,-77.05508018947022,112.4,3,3,5,False,False,False,11,3.613,2026-05-27,2200.0
LIM-03876,La Molina,-12.087338274265784,-76.94086229462293,78.5,2,1,2,False,False,False,34,7.074,2026-05-29,3900.0
LIM-03877,San Isidro,-12.11245374451871,-77.03546202618031,166.2,5,4,20,True,True,False,11,2.426,2026-03-15,16750.0
LIM-03878,Callao,-12.055852565498112,-77.11792440033202,92.5,2,2,4,False,False,True,13,8.895,2026-06-19,2550.0
LIM-03879,San Isidro,-12.119918547638651,-77.03391996032963,89.6,3,3,7,False,True,False,14,2.176,2026-02-27,7750.0
LIM-03880,La Molina,-12.093779792128387,-76.9414131336258,107.7,4,3,4,False,False,True,28,7.032,2026-05-27,6600.0
LIM-03881,Pueblo Libre,-12.08035717247775,-77.04967661648564,87.1,2,1,11,True,False,False,14,3.437,2026-07-29,3250.0
LIM-03882,San Martín de Porres,-11.995456057682949,-77.07488182404128,106.5,3,2,5,False,False,False,8,1.721,2026-04-12,3000.0
LIM-03883,Pueblo Libre,-12.051041799700657,-77.06523451913613,56.9,2,2,7,False,True,True,10,3.161,2026-07-31,
LIM-03884,Magdalena del Mar,-12.088637110412014,-77.08577905748989,72.8,2,2,8,True,True,False,2,6.73,2026-06-09,4350.0
LIM-03885,Ate,-12.029019175128372,-76.92166931021391,95.5,3,2,5,True,True,False,7,8.961,2026-05-26,3150.0
LIM-03886,San Isidro,-12.089457453922758,-77.03356600676545,102.4,3,3,13,False,False,False,23,2.523,2026-05-07,9150.0
LIM-03887,Comas,-11.929499358123747,-77.07047284885459,115.1,3,3,5,False,False,False,3,4.808,2026-07-26,2800.0
LIM-03888,Chorrillos,-12.152414471764683,-77.00674947493543,86.4,3,1,8,False,False,False,17,1.068,2026-02-20,3100.0
LIM-03889,San Martín de Porres,-12.007682041987628,-77.07543933831192,75.5,2,2,5,False,False,True,2,2.098,2026-04-16,2500.0
LIM-03890,Barranco,-12.158965253209578,-77.00767767095931,57.7,2,1,3,False,False,False,13,1.068,2026-07-16,3150.0
LIM-03891,Miraflores,-12.113074269194273,-77.0370658306516,51.2,1,1,6,False,False,True,18,2.581,2026-07-15,3100.0
LIM-03892,Lince,-12.085144141448747,-77.04327281197578,82.2,3,2,4,False,False,False,12,3.325,2026-03-10,4200.0
LIM-03893,San Borja,-12.105655754006316,-76.98496731328478,73.9,3,2,5,False,False,False,32,2.823,2026-03-04,3650.0
LIM-03894,San Borja,-12.111284002705288,-76.99704055251999,84.6,2,1,4,False,True,False,11,1.485,2026-06-22,
LIM-03895,San Martín de Porres,-12.006055104604297,-77.08303020554683,97.1,3,2,5,False,False,False,10,2.761,2026-06-21,2700.0
LIM-03896,Jesús María,-12.0541508239747,-77.04061607405218,80.1,3,2,9,False,True,False,13,0.518,2026-05-17,5450.0
LIM-03897,Surco (Santiago de Surco),-12.148198333365839,-76.98706260913626,94.8,2,2,3,False,False,True,19,3.188,2026-05-30,3700.0
LIM-03898,La Molina,-12.078563292889102,-76.9602691648408,82.3,3,2,4,False,True,False,22,5.095,2026-07-09,5300.0
LIM-03899,Miraflores,-12.114809260571235,-77.01278425852296,81.7,1,1,5,False,False,True,19,0.34,2026-03-13,6250.0
LIM-03900,Miraflores,-12.140048159570844,-77.03432488332098,67.9,2,1,3,False,True,True,45,2.036,2026-07-03,4700.0
LIM-03901,Miraflores,-12.131069363959924,-77.00899978342709,73.0,2,1,10,False,False,True,13,0.793,2026-04-18,5050.0
LIM-03902,Surquillo,-12.122652286731398,-77.03350258336276,94.2,2,1,2,False,False,True,36,2.061,2026-07-20,2650.0
LIM-03903,Pueblo Libre,-12.066824990640201,-77.05929121341025,88.2,2,2,6,False,False,False,8,2.98,2026-03-03,3950.0
LIM-03904,San Borja,-12.112704421271166,-77.00082745441125,75.0,1,1,9,False,True,False,11,1.114,2026-06-06,4200.0
LIM-03905,La Molina,-12.08782707767933,-76.96890281611721,104.9,3,2,7,False,False,False,18,4.025,2026-03-30,4750.0
LIM-03906,Lince ,-12.102591768283817,-77.02540150426337,113.4,3,2,6,False,True,True,6,1.768,2026-07-16,5350.0
LIM-03907,Surquillo,-12.086789059399415,-77.04058724432093,58.9,2,1,5,False,False,False,11,3.096,2026-05-08,1650.0
LIM-03908,Los Olivos,-11.968045652575126,-77.0750000023316,89.1,2,1,7,True,False,False,31,1.391,2026-05-14,2350.0
LIM-03909,San Borja,-12.102311989232437,-76.9853486942674,111.3,4,3,16,False,True,False,24,2.68,2026-04-28,6350.0
LIM-03910,Surquillo,-12.121187505862782,-77.02386043172754,69.6,2,1,7,False,True,False,4,1.105,2026-03-08,3150.0
LIM-03911,San Borja,-12.116131527924814,-77.00944480981818,79.9,2,2,5,False,False,True,20,0.505,2026-05-26,5300.0
LIM-03912,Magdalena del Mar,-12.072547784140557,-77.06609572235325,61.5,1,1,4,True,False,False,10,3.948,2026-03-07,2950.0
LIM-03913,Chorrillos,-12.197700659284079,-77.02109421660636,81.7,2,1,2,True,False,False,3,2.225,2026-04-16,2550.0
LIM-03914,La Molina,-12.083456235178831,-76.95006071633628,135.8,4,3,13,False,True,True,15,6.103,2026-02-28,9600.0
LIM-03915,La Molina,-12.101338046693295,-76.92990009027397,167.9,4,3,6,True,False,False,28,8.376,2026-07-20,8350.0
LIM-03916,Surco (Santiago de Surco),-12.139860013852763,-77.00900734482185,59.4,2,1,6,True,False,False,39,0.765,2026-05-17,2900.0
LIM-03917,San Borja,-12.115957133612088,-77.00411528706564,158.2,4,3,8,True,False,True,3,0.991,2026-07-02,11500.0
LIM-03918,San Borja,-12.120131732201031,-76.98820263586715,82.1,2,1,6,False,False,True,1,2.697,2026-08-03,6050.0
LIM-03919,Lince,-12.084674699243525,-77.0480833682661,91.4,3,3,7,False,False,True,25,3.814,2026-07-07,5100.0
LIM-03920,La Molina,-12.117616349767673,-76.92389583408317,86.9,3,2,8,False,True,False,24,9.467,2026-05-11,3950.0
LIM-03921,Barranco,-12.153185861783024,-77.0240021698208,41.8,1,1,10,False,True,True,11,0.845,2026-05-02,3850.0
LIM-03922,Chorrillos,-12.175783479704199,-77.00760567142305,53.9,2,1,2,True,False,False,23,1.103,2026-05-22,2050.0
LIM-03923,Surco (Santiago de Surco),-12.151311318556871,-76.98453077786374,85.5,3,2,2,False,False,False,21,3.475,2026-03-22,5150.0
LIM-03924,San Martín de Porres,-11.980741375342609,-77.08242745508755,106.4,3,2,7,True,True,False,10,2.331,2026-02-14,3800.0
LIM-03925,Barranco,-12.156533500497568,-77.02714814534215,70.7,2,1,7,True,True,False,8,1.259,2026-07-15,5000.0
LIM-03926,Jesús María,-12.07644981090958,-77.04951557474345,73.8,3,2,4,False,False,False,11,3.041,2026-05-18,2800.0
LIM-03927,San Borja,-12.115406629966976,-76.99004778903011,128.7,4,3,12,False,True,False,4,2.323,2026-03-07,8950.0
LIM-03928,Surquillo,-12.115678793445166,-77.02933709812753,65.0,1,1,3,False,False,False,8,1.704,2026-04-02,1900.0
LIM-03929,Miraflores,-12.105402270877928,-77.04383910306477,82.0,2,2,6,False,False,False,9,3.541,2026-05-22,6750.0
LIM-03930,San Martín de Porres,-11.969223810352918,-77.06278956733897,243.6,5,4,3,False,False,False,20,0.32,2026-02-15,7200.0
LIM-03931,San Borja,-12.099352329555591,-77.00741826084518,89.8,2,2,5,False,False,False,4,0.532,2026-02-25,5250.0
LIM-03932,Jesús María,-12.06054407479634,-77.04475099341566,64.0,2,1,4,False,True,False,7,1.298,2026-04-09,2900.0
LIM-03933,San Borja,-12.087702870222275,-77.00102645050679,105.0,4,3,11,False,False,False,16,0.549,2026-07-22,7850.0
LIM-03934,San Isidro,-12.094213547078803,-77.03859438733468,107.5,3,2,18,True,True,True,9,3.038,2026-03-08,11200.0
LIM-03935,San Borja,-12.089456989516657,-76.98143532334335,99.1,2,1,4,False,False,False,4,2.661,2026-03-18,5550.0
LIM-03936,Barranco,-12.139891186411315,-77.0224220302531,73.6,2,1,8,False,False,False,13,0.767,2026-02-17,4300.0
LIM-03937,Surco (Santiago de Surco),-12.133272151688262,-76.99928191353862,152.7,5,4,5,True,True,False,13,1.786,2026-07-01,9600.0
LIM-03938,Lince,-12.080895907586584,-77.0365365876353,105.0,3,1,11,False,False,False,33,2.516,2026-03-12,4350.0
LIM-03939,San Borja,-12.130157003560413,-77.00464150102893,86.7,3,2,9,False,True,True,2,1.21,2026-06-03,6850.0
LIM-03940,Miraflores,-12.117594568874646,-77.0374410883115,61.0,1,1,9,True,False,False,25,2.57,2026-04-01,3550.0
LIM-03941,San Isidro,-12.115724970245356,-77.04269336235498,97.5,2,1,13,True,True,False,5,3.149,2026-07-23,9150.0
LIM-03942,MIRAFLORES,-12.140603229819334,-77.00944147864533,60.9,2,2,14,False,True,True,32,0.698,2026-06-04,4100.0
LIM-03943,Miraflores,-12.118785455731697,-77.02086213407527,99.6,2,1,12,False,True,True,19,0.777,2026-04-16,7950.0
LIM-03944,Jesús María,-12.086968943142402,-77.05314235858633,91.6,1,1,9,True,False,False,42,4.263,2026-04-16,2900.0
LIM-03945,Miraflores,-12.121185365015641,-77.01762013238456,176.2,5,4,18,False,True,False,11,0.568,2026-06-16,14000.0
LIM-03946,Los Olivos,-11.967238785767801,-77.09054632561664,141.0,4,3,5,True,False,True,1,3.055,2026-02-13,
LIM-03947,Barranco,-12.147203404790194,-77.0048918597794,49.6,2,1,5,True,False,False,17,1.31,2026-08-09,2650.0
LIM-03948,Miraflores,-12.131949456884506,-77.01385813076207,63.5,3,2,10,True,False,False,7,0.295,2026-06-12,
LIM-03949,Los Olivos,-11.958115811410226,-77.04466399183171,47.7,1,1,3,False,False,False,16,2.521,2026-03-03,1450.0
LIM-03950,Surco (Santiago de Surco),-12.136070822837592,-76.98286138273106,47.9,2,2,14,False,True,False,6,3.578,2026-06-28,2300.0
LIM-03951,La Molina ,-12.081507091837945,-76.93995318547361,114.1,3,2,6,False,False,False,12,7.219,2026-07-12,4800.0
LIM-03952,Callao,-12.070957275367363,-77.10260631538158,58.0,2,1,3,False,False,True,14,7.51,2026-03-25,2000.0
LIM-03953,Callao,-12.05873993068155,-77.12560971317649,143.7,4,2,4,True,False,False,18,9.748,2026-02-15,3750.0
LIM-03954,Pueblo Libre,-12.060432466200758,-77.06784499790044,108.6,3,3,7,False,True,True,12,3.555,2026-07-30,6600.0
LIM-03955,San Isidro,-12.085557868418297,-77.03747093782144,77.9,2,2,8,False,False,False,4,2.732,2026-07-29,5550.0
LIM-03956,Jesús María,-12.083167512195093,-77.0325734216292,72.0,3,3,4,False,True,True,26,2.145,2026-04-06,4250.0
LIM-03957,Comas,-11.949546698286898,-77.07227054023339,152.8,3,3,2,False,False,True,3,2.707,2026-04-15,4750.0
LIM-03958,Callao,-12.068464240760765,-77.12964474037084,147.1,4,3,9,True,False,False,3,10.317,2026-04-22,5400.0
LIM-03959,Miraflores,-12.12897695501913,-77.0265615430615,55.6,2,1,12,True,True,True,8,1.302,2026-02-15,5450.0
LIM-03960,La Molina,-12.103588810488478,-76.93658963403509,78.3,2,1,6,True,True,False,5,7.708,2026-04-25,5250.0
LIM-03961,Surco (Santiago de Surco),-12.136658110468902,-77.00343696691128,86.3,2,2,5,True,False,False,17,1.368,2026-07-29,4500.0
LIM-03962,Miraflores,-12.113502339221807,-77.02135498456673,86.1,2,1,6,False,True,False,11,0.945,2026-06-02,6100.0
LIM-03963,Pueblo Libre,-12.083020634365614,-77.0466792078954,63.6,2,2,5,True,False,False,24,3.59,2026-05-16,2900.0
LIM-03964,Surco (Santiago de Surco),-12.136087275391933,-76.9805944596782,109.8,4,3,6,True,False,True,18,3.824,2026-08-01,8550.0
LIM-03965,Surco (Santiago de Surco),-12.137645980891577,-76.99076048677766,177.3,5,3,12,False,False,False,18,2.743,2026-03-24,13500.0
LIM-03966,Miraflores,-12.108438575220822,-77.03048717298667,47.8,2,1,6,False,True,True,7,2.086,2026-04-22,4000.0
LIM-03967,San Borja,-12.115639102041653,-76.97777251637223,78.0,2,2,8,False,False,False,6,3.63,2026-04-06,4150.0
LIM-03968,Miraflores,-12.12800259329181,-77.0292151520661,48.1,2,2,12,True,False,False,1,1.588,2026-06-22,3950.0
LIM-03969,Magdalena del Mar,-12.105652253539509,-77.06441574456461,59.7,2,1,4,False,False,False,20,5.664,2026-05-14,2250.0
LIM-03970,Miraflores,-12.134750114240942,-77.00590062224977,68.3,2,2,4,True,True,False,24,1.069,2026-05-13,5100.0
LIM-03971,Callao,-12.050249780102636,-77.10807678304444,67.4,3,2,4,False,False,False,17,7.82,2026-06-21,1700.0
LIM-03972,Miraflores,-12.122721329555967,-77.04136509479488,88.6,2,1,6,False,False,False,3,2.907,2026-04-15,6550.0
LIM-03973,San Borja,-12.10764228168212,-77.0134682733757,94.5,2,1,9,True,False,False,9,0.387,2026-05-19,6550.0
LIM-03974,Miraflores,-12.105804306125656,-77.03297155304075,82.5,3,2,10,False,False,True,5,2.469,2026-07-02,7250.0
LIM-03975,San Isidro,-12.081215031288867,-77.0281860105185,77.1,3,3,15,True,True,True,13,1.628,2026-03-02,6600.0
LIM-03976,Miraflores,-12.140854811694018,-77.02406256959787,70.0,2,1,14,False,True,True,3,0.918,2026-07-17,5450.0
LIM-03977,San Isidro,-12.089425983922855,-77.01021501521443,76.0,2,1,5,False,False,False,17,0.472,2026-07-04,5000.0
LIM-03978,Miraflores,-12.118392236891466,-77.02417932454686,69.3,3,2,12,False,False,False,24,1.131,2026-06-21,5100.0
LIM-03979,San Borja,-12.113839091989751,-77.002529294601,102.9,3,3,9,False,False,True,4,0.991,2026-07-09,5800.0
LIM-03980,Lince ,-12.081167795755665,-77.04690010523731,36.7,1,1,7,False,True,True,7,3.404,2026-04-19,2200.0
LIM-03981,San Isidro ,-12.117916598822651,-77.02253475146523,93.2,2,1,15,True,True,False,1,0.95,2026-08-07,9450.0
LIM-03982,Magdalena del Mar,-12.077948291886683,-77.0757727347505,59.1,2,1,4,True,False,True,11,5.156,2026-04-02,3300.0
LIM-03983,Jesús María,-12.067420670835137,-77.0670736772188,71.8,2,1,10,False,True,False,14,3.75,2026-04-11,
LIM-03984,Barranco,-12.159782372937991,-77.02113287276502,42.5,2,1,10,False,True,True,20,0.512,2026-07-30,3000.0
LIM-03985,Surco (Santiago de Surco),-12.142024922661834,-77.00694885733353,84.7,3,2,3,False,False,False,8,0.951,2026-04-24,3550.0
LIM-03986,San Isidro,-12.11763775770657,-77.0418076501242,92.9,4,3,8,True,False,True,14,3.045,2026-06-21,10400.0
LIM-03987,Barranco,-12.153167486998035,-77.02132569628269,81.0,2,2,8,False,True,True,7,0.568,2026-04-16,6550.0
LIM-03988,Magdalena del Mar,-12.101292783726887,-77.08656213658001,53.4,1,1,3,False,False,False,14,7.717,2026-02-22,2850.0
LIM-03989,Comas,-11.958901324645485,-77.06785149002748,108.3,3,3,5,False,False,False,5,1.563,2026-04-14,3350.0
LIM-03990,Comas,-11.933679573195482,-77.07092943800936,136.8,5,3,7,False,False,False,12,4.361,2026-07-13,3400.0
LIM-03991,Ate,-12.031078433723666,-76.92460747035584,78.6,2,1,6,True,True,True,14,8.763,2026-05-18,2650.0
LIM-03992,La Molina,-12.087128325880533,-76.95729624620557,110.0,4,3,10,False,False,False,15,5.289,2026-02-28,7400.0
LIM-03993,San Isidro,-12.100867762594158,-77.04249317477523,43.8,1,1,8,True,True,True,8,3.502,2026-05-07,3450.0
LIM-03994,Surco (Santiago de Surco),-12.129780184774418,-77.00573638130129,71.3,2,1,9,False,True,False,26,1.085,2026-08-09,3200.0
LIM-03995,Barranco,-12.14963566754994,-77.0143609906083,76.3,2,2,16,False,False,True,5,0.29,2026-03-08,5950.0
LIM-03996,San Isidro,-12.110186150594775,-77.03429039935763,115.4,4,3,6,False,False,False,4,2.379,2026-05-03,11050.0
LIM-03997,Miraflores,-12.128932135839047,-77.01506341730011,61.9,2,1,5,True,True,False,8,0.361,2026-06-01,5400.0
LIM-03998,Magdalena del Mar,-12.099057232080975,-77.05305955931475,183.3,4,3,4,True,False,False,8,4.62,2026-03-10,10100.0
LIM-03999,Surco (Santiago de Surco),-12.13202176086628,-76.98687209983294,105.0,3,2,7,False,True,False,3,3.116,2026-06-10,4750.0
LIM-04000,Miraflores,-12.120987959385483,-77.0240049557044,49.9,1,1,6,False,False,False,8,1.13,2026-02-22,3200.0
LIM-04001,Pueblo Libre,-12.071075567440156,-77.05421595273246,113.2,3,2,8,False,True,False,30,2.855,2026-04-22,4750.0
LIM-04002,Surco (Santiago de Surco),-12.153297935799406,-76.98940093419598,63.6,2,1,7,False,True,False,1,2.955,2026-05-23,3350.0
LIM-04003,Chorrillos,-12.16671738707098,-77.01749760785488,91.1,3,2,5,False,True,True,1,0.527,2026-07-15,3950.0
LIM-04004,Barranco,-12.149359009391898,-77.02175190967617,52.0,2,2,13,True,True,False,11,0.606,2026-02-18,3800.0
LIM-04005,San Borja,-12.077667491350198,-77.01086003956874,58.3,2,1,4,False,False,True,5,0.299,2026-02-21,4550.0
LIM-04006,Miraflores,-12.125751612442118,-77.01933296534834,102.0,3,2,10,False,False,False,12,0.493,2026-02-16,8300.0
LIM-04007,San Borja,-12.104418498058687,-76.9989755377183,82.8,3,2,9,True,True,False,20,1.394,2026-07-04,4800.0
LIM-04008,Miraflores,-12.087149370053497,-77.01200577230851,130.3,3,3,16,True,True,False,21,0.695,2026-06-30,14050.0
LIM-04009,Miraflores,-12.118770900445963,-77.01841836915698,54.1,2,1,20,True,True,False,15,0.516,2026-03-09,4100.0
LIM-04010,Jesús María,-12.074411566471314,-77.05651141946731,48.6,1,1,3,False,False,False,9,3.297,2026-08-01,1900.0
LIM-04011,Barranco,-12.161243062737007,-77.00643970743721,60.0,2,1,6,False,False,False,9,1.151,2026-07-18,3350.0
LIM-04012,Miraflores,-12.102760803593492,-77.06012890347805,189.1,5,3,4,True,True,False,3,5.304,2026-04-06,17700.0
LIM-04013,San Martín de Porres,-12.01280921903412,-77.05743729106051,117.5,3,2,2,True,False,False,9,1.713,2026-03-29,3800.0
LIM-04014,San Isidro,-12.092074548997823,-77.05276134333299,101.5,3,2,18,True,True,True,11,4.54,2026-05-27,11800.0
LIM-04015,Jesús María,-12.079282663855702,-77.04305865384995,96.5,3,2,9,False,True,False,1,3.051,2026-03-10,5550.0
LIM-04016,San Borja,-12.110572035150936,-76.99347100600623,77.1,2,1,7,False,True,True,6,1.865,2026-04-12,5450.0
LIM-04017,Barranco,-12.166487187223321,-77.0079153976579,167.7,5,3,8,False,True,False,20,1.106,2026-07-04,9650.0
LIM-04018,Magdalena del Mar,-12.079382473339193,-77.07964436168766,90.3,3,3,3,False,False,False,6,5.596,2026-08-06,5100.0
LIM-04019,San Isidro,-12.10053356767102,-77.06244622166234,95.5,4,2,6,False,False,True,4,5.623,2026-06-09,9100.0
LIM-04020,Pueblo Libre,-12.088181075906718,-77.06702745493658,102.8,4,2,6,True,False,True,40,5.203,2026-07-21,5150.0
LIM-04021,Barranco,-12.13436771283552,-77.02402994763,46.6,1,1,6,False,False,False,18,0.907,2026-02-18,2850.0
LIM-04022,Miraflores,-12.127149641756448,-77.0539903041994,56.6,1,1,13,True,True,True,8,4.23,2026-05-01,4900.0
LIM-04023,Surco (Santiago de Surco),-12.130984712499231,-76.99445554069247,87.8,3,2,11,False,False,False,7,2.288,2026-03-04,4500.0
LIM-04024,San Martín de Porres,-11.988803003414388,-77.09351021786398,123.6,4,2,3,False,False,False,28,3.813,2026-06-21,2900.0
LIM-04025,Surquillo,-12.109011588033107,-77.00971097876288,42.9,2,2,7,False,True,False,31,0.123,2026-02-15,1650.0
LIM-04026,Callao,-12.082959626605987,-77.12105295682991,83.2,2,1,4,False,False,True,17,9.833,2026-05-27,1850.0
LIM-04027,Lince,-12.076755719588267,-77.00976686137376,63.6,2,1,6,True,False,False,13,0.436,2026-04-02,4050.0
LIM-04028,Lince,-12.086307365151983,-77.03637414388209,41.1,2,1,12,True,True,False,5,2.647,2026-05-21,1800.0
LIM-04029,Magdalena del Mar,-12.09944834436164,-77.0705353048039,1108.9,1,1,3,False,False,False,4,6.427,2026-07-21,2350.0
LIM-04030,San Martín de Porres,-12.000208899387703,-77.08315685807752,107.1,3,2,9,False,False,False,20,2.623,2026-04-18,2450.0
LIM-04031,San Borja,-12.127620393527293,-77.01807921826152,56.0,1,1,11,False,True,True,9,0.416,2026-05-13,3350.0
LIM-04032,Surco (Santiago de Surco),-12.132693949024057,-76.99745655606165,149.2,4,2,8,True,False,False,21,1.988,2026-05-15,11550.0
LIM-04033,Lince,-12.101472696484512,-77.02425903870594,79.0,2,1,9,True,False,False,13,1.603,2026-03-26,3500.0
LIM-04034,San Borja,-12.111730076514679,-76.99137612233201,100.5,3,3,7,False,False,False,16,2.102,2026-03-20,6700.0
LIM-04035,Miraflores,-12.119224826821542,-77.03291921285393,75.2,2,1,7,False,True,False,14,2.085,2026-06-26,5300.0
LIM-04036,La Molina,-12.073911554944148,-76.96268107340299,77.6,2,2,4,True,True,False,22,4.99,2026-07-27,3050.0
LIM-04037,SURCO (SANTIAGO DE SURCO),-12.144835357918316,-76.9872664969472,77.2,3,2,10,False,True,False,14,3.107,2026-07-12,4550.0
LIM-04038,Chorrillos,-12.157280951537848,-77.01306616097445,92.1,3,1,5,False,False,False,3,0.677,2026-07-25,2800.0
LIM-04039,La Molina,-12.075437760957819,-76.93507906975377,89.3,2,2,16,False,True,False,18,7.847,2026-02-17,4850.0
LIM-04040,Surquillo,-12.119852916909885,-77.02078934634281,69.0,2,2,8,False,False,False,7,0.797,2026-05-04,2350.0
LIM-04041,Magdalena del Mar,-12.10880499119683,-77.09591249751371,58.5,1,1,7,False,True,False,27,8.982,2026-08-07,2500.0
LIM-04042,San Miguel,-12.094725794186767,-77.08639487780307,90.1,3,1,4,False,False,False,13,7.207,2026-03-11,3200.0
LIM-04043,Miraflores,-12.117838953781602,-77.02950971318087,88.8,3,1,8,True,True,False,28,1.708,2026-07-15,5950.0
LIM-04044,San Martín de Porres,-12.00774740979449,-77.0638997947192,53.5,1,1,3,True,False,False,25,1.249,2026-03-13,1300.0
LIM-04045,Magdalena del Mar,-12.081107718336618,-77.07535520361064,79.7,3,2,8,False,True,False,18,5.321,2026-07-20,3400.0
LIM-04046,Barranco,-12.15755428595794,-77.02194560267027,43.0,1,1,8,False,False,True,15,0.73,2026-06-26,2150.0
LIM-04047,Barranco,-12.160208051760623,-77.0163929463376,38.6,1,1,6,False,False,False,7,0.21,2026-02-21,2850.0
LIM-04048,Surco (Santiago de Surco),-12.132196483785068,-77.00216317282562,78.6,3,2,16,False,True,False,22,1.484,2026-03-25,4450.0
LIM-04049,Surco (Santiago de Surco),-12.143232562285913,-77.00274162865348,232.5,5,3,12,True,True,False,7,1.415,2026-04-17,15050.0
LIM-04050,Pueblo Libre,-12.073497400079575,-77.06427474319607,96.1,3,2,6,True,False,False,12,3.85,2026-06-09,3500.0
LIM-04051,Callao,-12.044768128039298,-77.12914487569924,132.7,5,4,4,True,True,True,12,9.246,2026-06-10,4600.0
LIM-04052,Lince,-12.083693248019976,-77.0360491455856,82.6,3,2,9,True,False,False,12,2.525,2026-05-01,4050.0
LIM-04053,San Borja,-12.106848426471567,-76.97532526371062,96.1,3,2,7,False,False,False,5,3.848,2026-06-07,4900.0
LIM-04054,Magdalena del Mar,-12.093038239493099,-77.06318839527928,103.9,2,2,3,False,False,True,5,5.388,2026-07-26,6050.0
LIM-04055,Surquillo,-12.135017187883424,-77.01380354470321,53.0,1,1,4,False,False,False,2,0.241,2026-04-23,2500.0
LIM-04056,Chorrillos,-12.169997947000834,-76.99947987286855,95.3,2,1,5,False,False,False,19,2.102,2026-06-08,2650.0
LIM-04057,Surco (Santiago de Surco),-12.13308082107929,-77.00489875317608,138.5,4,3,7,False,True,False,5,1.178,2026-06-18,9500.0
LIM-04058,Callao,-12.045885232076198,-77.08821472156144,106.3,3,2,2,False,False,False,6,5.703,2026-02-25,2650.0
LIM-04059,La Molina,-12.079530270386355,-76.95072603021072,163.7,5,3,10,True,True,False,9,6.091,2026-05-06,10000.0
LIM-04060,Surquillo,-12.117123383579266,-76.9934543292539,68.9,1,1,2,False,False,False,5,2.039,2026-04-19,2550.0
LIM-04061,Ate,-12.034011285301872,-76.89200716342664,158.1,4,3,2,False,False,True,23,12.17,2026-03-20,4900.0
LIM-04062,Pueblo Libre,-12.077111568371354,-77.08413875768157,70.2,3,2,9,False,False,False,41,5.893,2026-06-12,2500.0
LIM-04063,Miraflores,-12.118134114751069,-77.01179489428229,147.7,5,4,8,True,False,False,1,0.223,2026-07-22,17700.0
LIM-04064,Jesús María,-12.077333793165753,-77.05240690968544,96.1,3,3,11,False,False,False,16,3.285,2026-06-05,3950.0
LIM-04065,Miraflores,-12.115558906340922,-77.03621562148781,66.3,4,2,14,False,False,True,3,2.449,2026-02-12,7650.0
LIM-04066,Surquillo,-12.119217877391652,-77.01120434255802,44.6,1,1,3,True,False,False,14,0.329,2026-08-02,1550.0
LIM-04067,Surco (Santiago de Surco),-12.115229380692702,-77.00709498389706,73.4,1,1,6,False,True,False,19,0.723,2026-07-26,3900.0
LIM-04068,Pueblo Libre,-12.049391647153293,-77.05707603494501,55.2,1,1,4,False,False,False,2,2.295,2026-06-29,2150.0
LIM-04069,San Martín de Porres,-11.98841274094977,-77.09188953378758,87.5,3,2,3,False,False,False,18,3.638,2026-07-17,1550.0
LIM-04070,Miraflores,-12.102604440207031,-77.02727504864886,49.9,1,1,7,True,False,True,33,1.955,2026-04-11,3900.0
LIM-04071,La Molina,-12.105270573770309,-76.92917564905092,166.4,5,3,4,False,False,False,25,8.536,2026-03-05,8800.0
LIM-04072,Lince,-12.1021565329193,-77.02866178477481,70.5,2,2,11,False,True,False,2,2.077,2026-07-10,3950.0
LIM-04073,La Molina,-12.090658726799575,-76.94951749904737,1387.1,3,2,4,False,True,False,37,6.133,2026-05-26,4900.0
LIM-04074,Miraflores,-12.120605228416894,-77.02290306666994,51.7,2,1,8,False,True,False,40,1.041,2026-07-24,3350.0
LIM-04075,San Isidro,-12.099578489017198,-77.05357776290406,66.5,3,2,6,True,False,False,9,4.681,2026-08-07,6350.0
LIM-04076,La Molina,-12.106505622995595,-76.95526632941035,54.1,2,1,8,False,True,False,2,5.839,2026-05-03,2850.0
LIM-04077,Lince,-12.071280899524117,-77.03846324072609,114.1,4,4,5,True,False,False,19,2.065,2026-07-23,5200.0
LIM-04078,JESÚS MARÍA,-12.047749621199717,-77.03955779704658,50.8,1,1,5,False,False,True,15,0.633,2026-05-15,
LIM-04079,Miraflores,-12.105728147849929,-77.02453041495414,48.8,1,2,15,False,True,False,25,1.578,2026-04-11,4100.0
LIM-04080,Magdalena del Mar,-12.082473720774562,-77.06927800254599,122.6,3,3,6,True,False,False,7,4.911,2026-08-02,6200.0
LIM-04081,Surco (Santiago de Surco),-12.132286564738253,-76.99532859058694,107.5,3,1,7,True,True,False,14,2.222,2026-05-19,5550.0
LIM-04082,Surco (Santiago de Surco),-12.145115968448726,-77.00445719575204,98.7,3,2,3,True,True,False,15,1.27,2026-02-18,4750.0
LIM-04083,Pueblo Libre,-12.072729663368369,-77.04524259676117,83.6,2,1,6,False,False,False,12,2.465,2026-03-24,3350.0
LIM-04084,Surco (Santiago de Surco),-12.109732943557901,-77.00337352145361,128.9,4,3,10,False,False,False,8,0.786,2026-03-26,8350.0
LIM-04085,San Borja,-12.112523857350084,-76.99357153260353,92.9,3,1,5,False,False,True,22,1.878,2026-07-27,4250.0
LIM-04086,San Martín de Porres,-12.004359486973888,-77.08194525583785,54.9,2,1,3,False,True,False,3,2.589,2026-04-16,1400.0
LIM-04087,San Borja,-12.095012356090752,-76.99184408199558,113.8,3,2,14,False,True,True,11,1.668,2026-02-28,8900.0
LIM-04088,Jesús María,-12.059515767391053,-77.05626584382262,91.6,3,2,5,False,False,False,8,2.321,2026-05-13,3950.0
LIM-04089,San Isidro,-12.107374821669298,-77.02406787406935,123.7,4,3,13,False,True,False,27,1.487,2026-04-17,8750.0
LIM-04090,Miraflores,-12.12423781535885,-77.01286066500997,50.3,2,1,8,True,False,False,7,0.266,2026-04-20,3850.0
LIM-04091,Miraflores,-12.127122865950817,-77.01750412301004,59.4,1,1,15,False,True,True,4,0.334,2026-03-30,5800.0
LIM-04092,San Miguel,-12.076563727451267,-77.09090849608832,88.4,3,3,6,False,True,False,25,6.528,2026-05-24,
LIM-04093,Chorrillos,-12.161455759948582,-77.02332150295325,60.6,2,2,3,False,False,False,15,0.69,2026-02-23,2450.0
LIM-04094,Miraflores,-12.130748330253537,-76.99553465859368,35.3,1,1,5,False,False,True,28,2.168,2026-06-29,2250.0
LIM-04095,Barranco,-12.136324022253156,-77.03329949453715,74.6,3,2,16,False,True,True,21,1.932,2026-05-27,5150.0
LIM-04096,Surco (Santiago de Surco),-12.133780185012943,-76.98442524537937,126.5,4,2,8,True,False,True,9,3.4,2026-04-06,7800.0
LIM-04097,Jesús María,-12.045685694364229,-77.04500658134309,76.8,2,2,7,False,False,False,11,1.214,2026-03-07,3850.0
LIM-04098,Jesús María,-12.06977402938755,-77.04975044930615,95.3,4,2,5,True,False,False,45,2.43,2026-02-16,3300.0
LIM-04099,Pueblo Libre,-12.074763022835551,-77.0608780447232,85.3,2,2,2,False,False,False,12,3.658,2026-06-05,3400.0
LIM-04100,San Martín de Porres,-11.992003423274609,-77.08672258364034,90.3,3,2,5,True,False,False,45,3.055,2026-05-17,2350.0
LIM-04101,Surco (Santiago de Surco),-12.139045754854646,-76.98987533348107,99.2,2,2,8,False,True,True,15,2.827,2026-03-16,3600.0
LIM-04102,Lince,-12.106643277480222,-77.02949810616848,104.7,3,2,8,False,False,True,6,2.083,2026-02-19,5000.0
LIM-04103,Jesús María,-12.076486254091254,-77.01686816132491,58.8,2,1,11,False,False,False,9,0.389,2026-04-30,2800.0
LIM-04104,Surco (Santiago de Surco),-12.13807552330883,-76.982150133419,121.7,3,2,7,True,False,False,5,3.673,2026-06-07,7350.0
LIM-04105,San Martín de Porres,-12.0180078095266,-77.07440940673449,61.7,1,1,2,False,True,True,17,2.817,2026-06-14,2000.0
LIM-04106,Miraflores,-12.121976422277534,-77.02249329280028,58.2,2,2,12,True,False,True,15,0.933,2026-06-21,7050.0
LIM-04107,Pueblo Libre,-12.098405322695314,-77.04102554813406,110.0,4,3,13,False,True,True,9,3.31,2026-03-24,5850.0
LIM-04108,Pueblo Libre,-12.077772242021867,-77.07474511877689,50.9,1,1,5,False,False,False,6,5.052,2026-02-27,2250.0
LIM-04109,San Martín de Porres,-11.995976848095465,-77.08279279292515,83.3,2,2,4,False,False,False,11,2.572,2026-02-13,2100.0
LIM-04110,San Borja,-12.107136045874341,-77.02148566593215,191.6,5,4,7,True,False,False,45,1.217,2026-04-19,13100.0
LIM-04111,Surco (Santiago de Surco),-12.139932833674642,-76.98829471389406,131.9,3,2,7,True,True,True,2,2.988,2026-05-08,8800.0
LIM-04112,Surquillo,-12.115726364823376,-77.00732191499347,51.3,1,1,6,True,False,False,29,0.738,2026-05-20,2500.0
LIM-04113,San Miguel,-12.086808773249734,-77.10474720062682,65.1,2,2,7,False,True,True,27,8.378,2026-05-12,3300.0
LIM-04114,San Borja,-12.10817020176693,-76.98137903978399,85.2,3,2,6,True,False,False,9,3.181,2026-08-04,5500.0
LIM-04115,San Miguel,-12.0767029631209,-77.10142655991149,118.7,4,3,4,True,True,False,7,7.59,2026-06-07,5350.0
LIM-04116,Surco (Santiago de Surco),-12.145802999734817,-76.9991096173082,68.9,2,1,2,False,True,False,13,1.852,2026-05-03,3400.0
LIM-04117,Jesús María,-12.070387609593892,-77.04756520901256,56.9,2,1,3,True,True,False,7,2.351,2026-08-03,2650.0
LIM-04118,Chorrillos,-12.171562568139034,-76.99896964364689,103.0,3,2,4,False,False,True,7,2.138,2026-06-07,4200.0
LIM-04119,Surco (Santiago de Surco),-12.136994518962972,-77.00529837381697,55.5,1,1,8,False,True,False,11,1.182,2026-07-17,2400.0
LIM-04120,Magdalena del Mar,-12.066447435564557,-77.07220503449561,58.3,2,1,5,False,False,True,10,4.215,2026-03-22,
LIM-04121,Callao,-12.05828842864021,-77.10880194694249,82.7,2,2,6,False,True,False,19,7.922,2026-08-05,2000.0
LIM-04122,Surquillo,-12.118050810944476,-77.01067835803585,64.3,2,1,4,False,False,True,7,0.342,2026-06-07,3200.0
LIM-04123,Los Olivos,-11.973968717310493,-77.0642351876032,56.9,2,1,3,False,True,False,1,0.254,2026-07-09,1350.0
LIM-04124,La Molina,-12.098451270676916,-76.93606199733391,123.2,4,3,11,False,True,False,21,7.666,2026-02-24,5850.0
LIM-04125,Comas,-11.934769231681878,-77.06865667269525,113.4,2,1,4,True,False,False,17,4.198,2026-03-07,3250.0
LIM-04126,Miraflores,-12.129334963616234,-77.00914664255804,60.7,2,1,13,True,True,True,7,0.736,2026-03-03,6000.0
LIM-04127,San Borja,-12.115115377763972,-76.99993379277807,153.1,4,2,9,False,True,False,33,1.307,2026-03-26,10400.0
LIM-04128,Magdalena del Mar,-12.101958898714463,-77.07862617843578,87.0,3,2,7,False,False,False,29,7.187,2026-04-08,3550.0
LIM-04129,Surquillo,-12.126519322190182,-77.00132849398423,47.1,1,2,6,True,True,False,4,1.467,2026-08-07,2100.0
LIM-04130,San Martín de Porres,-12.019912999990538,-77.08816680240253,151.2,3,2,2,True,False,False,28,4.017,2026-05-05,4250.0
LIM-04131,Pueblo Libre,-12.079155278405912,-77.05925666171161,63.4,2,2,2,False,True,False,4,3.891,2026-04-02,2850.0
LIM-04132,Jesús María,-12.063119976247453,-77.05767401548795,84.7,3,2,3,False,False,False,16,2.622,2026-04-15,3600.0
LIM-04133,La Molina,-12.084436242334418,-76.91496917021466,94.1,2,1,3,True,False,False,19,9.9,2026-08-02,
LIM-04134,San Borja,-12.089573096757743,-76.97089614579927,109.9,3,3,9,False,False,True,5,3.806,2026-04-20,9850.0
LIM-04135,San Borja,-12.09928852434013,-76.99992289177723,77.1,3,2,12,False,True,False,24,1.234,2026-03-15,5300.0
LIM-04136,San Isidro,-12.090912422276713,-77.03046171391799,74.3,2,2,6,False,False,False,25,2.216,2026-03-02,5000.0
LIM-04137,San Borja,-12.085708211728168,-76.99853760233943,85.5,2,1,8,False,True,True,2,0.88,2026-05-11,3850.0
LIM-04138,Chorrillos,-12.175865747140039,-77.0222831938609,69.8,2,2,11,False,True,False,10,0.572,2026-06-30,2450.0
LIM-04139,Pueblo Libre,-12.07284309191794,-77.06166442201074,105.7,2,1,9,False,True,False,4,3.583,2026-06-29,4450.0
LIM-04140,Surquillo,-12.114837573059921,-77.01798721722267,43.5,1,1,7,False,False,False,14,0.555,2026-07-04,1500.0
LIM-04141,La Molina,-12.068274559225797,-76.96344800888919,108.7,2,1,7,False,True,True,19,5.159,2026-05-06,5600.0
LIM-04142,San Borja,-12.10826981620249,-76.99544372014121,92.6,3,3,9,False,True,False,27,1.655,2026-04-11,5900.0
LIM-04143,San Isidro,-12.104979328488927,-77.03720751447015,81.7,2,2,11,False,True,False,35,2.912,2026-03-19,4950.0
LIM-04144,La Molina,-12.079747893544447,-76.9414535945204,150.0,4,3,6,True,True,False,22,7.082,2026-02-12,7450.0
LIM-04145,Magdalena del Mar,-12.105295117732684,-77.07663021333317,48.2,2,1,4,False,False,False,11,6.969,2026-08-08,2000.0
LIM-04146,Barranco,-12.142998341848633,-77.02572407236174,84.0,3,2,6,False,False,False,17,1.095,2026-07-11,5150.0
LIM-04147,San Isidro,-12.092233908790298,-77.02620107927669,57.1,3,2,11,False,True,False,28,1.731,2026-05-06,5450.0
LIM-04148,Pueblo Libre,-12.075872832013678,-77.05670238715551,63.7,2,2,9,False,False,False,11,3.433,2026-03-11,2500.0
LIM-04149,Magdalena del Mar,-12.088710261134958,-77.05894743240077,50.7,1,1,3,True,False,False,16,4.735,2026-05-28,2850.0
LIM-04150,La Molina,-12.1046534791637,-76.93926324282633,98.9,3,3,17,True,True,False,6,7.451,2026-03-02,6150.0
LIM-04151,Barranco,-12.1474444545441,-77.02377127862178,58.2,1,1,4,False,False,False,25,0.894,2026-03-07,3500.0
LIM-04152,San Borja,-12.113853184616001,-76.99119877768578,152.0,5,3,5,False,False,False,13,2.159,2026-04-20,10250.0
LIM-04153,Magdalena del Mar,-12.061152837072585,-77.09946735791087,84.3,2,1,7,True,False,True,2,6.948,2026-04-20,6850.0
LIM-04154,Magdalena del Mar,-12.093630099164317,-77.05045584133522,89.8,3,3,9,False,False,False,3,4.329,2026-04-15,4150.0
LIM-04155,Jesús María,-12.080756704597402,-77.04570743827468,56.1,1,1,5,True,True,False,7,3.318,2026-04-20,3000.0
LIM-04156,San Isidro,-12.113739620832638,-77.01048652927048,107.7,3,2,10,True,True,False,7,0.449,2026-04-06,11800.0
LIM-04157,San Martín de Porres,-11.983235125638469,-77.09103214071617,152.0,5,4,4,True,False,False,2,3.301,2026-07-01,4100.0
LIM-04158,San Isidro,-12.101400392634286,-77.05011174459136,112.3,3,2,9,False,False,True,10,4.33,2026-04-05,8000.0
LIM-04159,Magdalena del Mar,-12.104996224804905,-77.07131000048803,51.3,1,2,4,False,True,False,26,6.41,2026-07-24,1750.0
LIM-04160,Barranco,-12.145364409431892,-77.0170495830868,60.3,2,1,9,True,False,True,4,0.402,2026-07-30,3750.0
LIM-04161,San Borja,-12.100503374023132,-76.99454106270676,93.2,2,1,9,False,False,True,12,1.778,2026-08-09,5250.0
LIM-04162,Surco (Santiago de Surco),-12.127392564801486,-76.992770085561,79.0,3,3,7,False,True,False,15,2.402,2026-02-18,4650.0
LIM-04163,Chorrillos,-12.174462994923287,-77.02563740593112,184.4,5,3,7,True,True,False,23,0.968,2026-04-22,6650.0
LIM-04164,La Molina,-12.08488971835736,-76.96302426952894,94.3,2,1,8,True,False,False,8,4.684,2026-05-03,5000.0
LIM-04165,Lince,-12.082315555091832,-77.02990219332018,67.1,2,1,4,False,False,True,9,1.839,2026-03-18,3000.0
LIM-04166,Barranco,-12.145363244812453,-77.03679110400358,57.8,2,1,15,False,True,False,24,2.299,2026-06-16,3700.0
LIM-04167,San Isidro,-12.092101377649183,-77.05322407557286,91.5,2,2,12,True,False,True,12,4.589,2026-03-10,9600.0
LIM-04168,La Molina,-12.073666566984334,-76.94976758158163,171.2,5,3,6,False,True,True,3,6.337,2026-05-25,12000.0
LIM-04169,San Borja,-12.107623021655689,-76.99343209217605,93.4,2,1,6,False,False,True,11,1.881,2026-06-15,7150.0
LIM-04170,Magdalena del Mar,-12.105301639189964,-77.05184688915293,72.7,3,2,5,True,False,True,19,4.36,2026-06-07,3800.0
LIM-04171,Ate,-12.048131500437249,-76.90424888836095,65.2,2,1,2,False,False,False,4,11.6,2026-02-14,1700.0
LIM-04172,Pueblo Libre,-12.06455463017518,-77.04590138895446,110.4,2,1,4,True,False,False,2,1.715,2026-05-26,4750.0
LIM-04173,Comas,-11.964438335500617,-77.05415605974947,90.7,4,3,4,False,False,False,6,1.277,2026-07-16,1950.0
LIM-04174,Surco (Santiago de Surco),-12.156369026344464,-76.99059775537268,89.5,2,1,9,False,True,True,13,2.874,2026-03-16,5350.0
LIM-04175,Surquillo,-12.10368068654329,-76.98743051622172,30.8,1,1,11,False,True,False,21,2.588,2026-02-22,1100.0
LIM-04176,San Borja,-12.090058526197783,-77.01447426736671,86.4,2,2,7,False,True,True,8,0.759,2026-05-08,6050.0
LIM-04177,Jesús María,-12.088782400420234,-77.05395876379674,70.4,2,1,7,False,False,True,24,4.483,2026-06-07,3300.0
LIM-04178,Comas,-11.941794488750006,-77.06602215723498,53.0,2,2,4,False,True,False,11,3.387,2026-07-18,1250.0
LIM-04179,Lince,-12.089894541355005,-77.0225773157437,93.3,3,2,4,True,False,True,17,1.449,2026-05-08,4750.0
LIM-04180,Los Olivos,-11.9720299613469,-77.08324532109224,74.1,3,2,6,False,False,False,23,2.213,2026-05-20,1500.0
LIM-04181,Pueblo Libre,-12.069933627894924,-77.05393884470908,137.6,4,2,3,False,False,False,7,2.743,2026-05-06,5150.0
LIM-04182,Miraflores,-12.13661444274813,-77.02244420201876,117.9,3,3,9,False,False,True,9,0.793,2026-07-15,10300.0
LIM-04183,Pueblo Libre,-12.08688661000591,-77.05333983078064,59.6,2,1,5,False,False,False,16,4.264,2026-02-27,2350.0
LIM-04184,Magdalena del Mar,-12.099115014075053,-77.06615732343785,120.9,4,3,5,True,False,False,9,6.041,2026-08-03,6650.0
LIM-04185,San Martín de Porres,-12.00064450717473,-77.06214016436041,150.7,4,3,5,False,False,False,11,0.474,2026-05-19,3800.0
LIM-04186,Surquillo,-12.12821146126821,-77.01809051355525,54.4,3,2,11,False,False,False,4,0.454,2026-06-07,2250.0
LIM-04187,Miraflores,-12.11162422790253,-77.0230381050861,53.9,2,1,13,True,True,False,18,1.21,2026-05-03,2600.0
LIM-04188,Miraflores,-12.126110731677333,-77.03823859142675,37.6,2,1,10,True,False,False,14,2.549,2026-02-18,2850.0
LIM-04189,San Isidro,-12.102261811272802,-77.04827754012321,96.0,3,2,14,False,True,False,11,4.123,2026-03-06,8800.0
LIM-04190,San Borja,-12.10490809451724,-76.97742205458475,65.9,2,1,16,False,True,False,5,3.566,2026-07-04,4550.0
LIM-04191,San Isidro,-12.098746899312811,-77.04644542544828,96.9,3,2,7,True,False,False,22,3.9,2026-06-11,6500.0
LIM-04192,Pueblo Libre,-12.063550278245131,-77.05540425507657,62.5,2,1,5,True,False,False,5,2.429,2026-05-10,2400.0
LIM-04193,San Borja,-12.119501070453607,-76.99222748640591,70.1,2,1,9,True,True,True,28,2.275,2026-04-20,5050.0
LIM-04194,Chorrillos,-12.19146863916476,-77.00400022926796,68.5,1,1,6,False,False,False,3,2.097,2026-07-04,2800.0
LIM-04195,Surco (Santiago de Surco),-12.138717450765583,-77.01489840778319,62.7,2,1,6,False,True,True,2,0.375,2026-04-18,3850.0
LIM-04196,San Borja,-12.107577165924779,-76.98790551608944,75.2,2,1,8,False,False,False,15,2.479,2026-07-06,4100.0
LIM-04197,Miraflores,-12.13598907132917,-77.03009638407698,59.3,2,1,8,False,False,True,4,1.582,2026-03-23,5200.0
LIM-04198,Los Olivos,-11.985553042740403,-77.07869890942155,87.6,2,1,4,True,False,True,9,2.278,2026-07-11,2500.0
LIM-04199,Miraflores,-12.118912426611944,-77.03240981014112,77.5,2,1,4,False,False,False,20,2.028,2026-05-28,5300.0
LIM-04200,Miraflores,-12.130193366807779,-77.0169587505555,53.2,1,2,16,False,True,False,3,0.434,2026-03-18,5000.0
LIM-04201,Miraflores,-12.138530140604082,-77.0206251137921,106.7,4,2,4,False,False,False,15,0.66,2026-07-12,7400.0
LIM-04202,Surquillo,-12.103115904492231,-77.01903508149607,61.8,2,2,4,False,False,False,16,1.173,2026-04-17,2950.0
LIM-04203,Miraflores,-12.128681536075126,-77.04306928956883,121.3,3,2,12,False,True,False,15,3.031,2026-05-27,8300.0
LIM-04204,Jesús María,-12.059802260753617,-77.06182253516295,86.4,2,2,10,False,False,False,6,2.905,2026-05-29,3250.0
LIM-04205,San Miguel,-12.077058350506688,-77.0837636380809,79.7,2,1,5,False,True,False,4,5.854,2026-03-04,3150.0
LIM-04206,San Miguel,-12.073862893655336,-77.10813290910785,66.7,2,2,8,True,False,True,2,8.178,2026-08-04,2850.0
LIM-04207,Miraflores,-12.123637996953162,-77.03081785385892,91.3,2,2,9,True,False,True,17,1.756,2026-07-13,8250.0
LIM-04208,San Isidro,-12.129061946934549,-77.00452713447143,85.9,3,2,11,True,False,False,10,1.178,2026-07-07,8800.0
LIM-04209,Magdalena del Mar,-12.109141437892644,-77.07018526993956,102.7,3,2,5,True,False,False,23,6.204,2026-03-18,4050.0
LIM-04210,Miraflores,-12.122608513516624,-77.02049300955206,125.3,3,2,12,True,False,False,4,0.708,2026-07-15,11900.0
LIM-04211,Pueblo Libre,-12.069223250352488,-77.0758324232624,59.4,2,1,3,False,False,False,5,4.698,2026-06-15,2600.0
LIM-04212,Surco (Santiago de Surco),-12.156476088268658,-77.00972761987407,115.6,3,2,16,False,True,False,5,0.941,2026-02-14,5750.0
LIM-04213,Magdalena del Mar,-12.096143220494325,-77.06615013555555,94.1,3,2,5,False,False,False,9,5.854,2026-03-08,4300.0
LIM-04214,Miraflores,-12.13456716904657,-77.03278822386673,86.8,2,1,6,False,False,False,3,1.859,2026-05-10,6300.0
LIM-04215,Jesús María,-12.070784558018925,-77.03491654222124,69.6,2,2,6,False,True,False,6,1.757,2026-08-05,3500.0
LIM-04216,Miraflores,-12.121332809428399,-77.0276824011485,65.7,2,2,8,True,True,True,10,1.482,2026-08-04,5800.0
LIM-04217,Lince,-12.076177980770845,-76.9906236465734,56.4,2,2,11,False,False,False,12,2.189,2026-04-28,2250.0
LIM-04218,San Isidro,-12.084398124837751,-77.04236783778376,70.1,2,2,20,True,True,True,11,3.21,2026-03-04,5600.0
LIM-04219,Ate,-12.040892121208712,-76.91133042164972,70.3,2,1,3,False,False,True,3,10.541,2026-07-22,1700.0
LIM-04220,lince,-12.074775276932353,-77.04282974795105,65.8,3,2,7,False,True,False,12,2.59,2026-04-18,2750.0
LIM-04221,Miraflores,-12.125304109711086,-77.01581503987217,58.8,2,1,10,False,True,False,8,0.119,2026-08-09,5300.0
LIM-04222,San Isidro,-12.063322591064795,-77.0302138512735,97.7,3,2,12,False,False,True,20,0.806,2026-02-28,6650.0
LIM-04223,Surco (Santiago de Surco),-12.149625829157939,-77.00533427824098,96.7,2,1,4,False,False,True,24,1.226,2026-05-20,4750.0
LIM-04224,Miraflores,-12.127433069334913,-77.03200741872935,79.2,2,2,6,True,False,True,23,1.881,2026-07-17,
LIM-04225,Barranco,-12.138583697007038,-77.003737982718,64.1,1,1,8,False,True,False,8,1.355,2026-07-20,2950.0
LIM-04226,Los Olivos,-11.959867344341667,-77.05527949073553,90.0,3,2,5,False,False,False,8,1.593,2026-06-27,2800.0
LIM-04227,Jesús María,-12.067751331770292,-77.0647727476712,73.9,1,1,3,False,False,False,15,3.545,2026-08-05,2900.0
LIM-04228,Miraflores,-12.112996176104083,-77.03379163572478,96.2,2,2,7,True,False,True,5,2.236,2026-03-02,8750.0
LIM-04229,San Borja,-12.133302685855272,-76.97554323892443,78.1,1,1,7,False,True,False,13,4.351,2026-08-03,4300.0
LIM-04230,Barranco,-12.130328415665545,-77.02220613360834,78.9,2,2,13,True,True,True,11,0.811,2026-05-28,7850.0
LIM-04231,Ate,-12.0488466915064,-76.9125989298254,60.6,2,1,6,False,False,False,24,10.856,2026-06-22,1250.0
LIM-04232,San Isidro,-12.08224926981275,-77.02317681700008,106.8,3,2,17,False,True,True,10,1.148,2026-04-22,9500.0
LIM-04233,Pueblo Libre,-12.098002318947616,-77.07788594047558,62.7,1,1,6,False,False,False,13,6.801,2026-02-20,2300.0
LIM-04234,San Miguel,-12.074321177958227,-77.10287636996915,58.3,2,2,4,False,False,False,21,7.649,2026-07-26,2250.0
LIM-04235,San Isidro,-12.10396202734974,-77.0393843889986,59.0,2,2,16,False,True,False,10,3.173,2026-04-04,4500.0
LIM-04236,Miraflores,-12.114234558181025,-77.01374451656173,50.8,2,1,9,True,False,True,6,0.385,2026-02-19,4900.0
LIM-04237,La Molina,-12.082995154570375,-76.93176281582097,94.3,3,2,9,False,True,False,15,8.089,2026-07-18,5550.0
LIM-04238,Chorrillos,-12.170307426430009,-77.00826280359375,132.5,4,3,2,False,False,False,4,1.319,2026-03-02,4850.0
LIM-04239,San Borja,-12.121007300258778,-76.99906991938404,73.3,2,2,7,False,False,False,12,1.643,2026-04-02,3750.0
LIM-04240,Lince,-12.085783629449823,-77.01854516314783,33.5,1,1,6,False,False,False,6,1.028,2026-04-23,1050.0
LIM-04241,San Miguel,-12.079562004575154,-77.09343174277005,87.7,3,2,5,False,False,False,2,6.917,2026-04-20,4350.0
LIM-04242,Surquillo,-12.10875627949951,-77.00936438385153,45.5,1,1,6,True,False,False,14,0.17,2026-04-17,2150.0
LIM-04243,Magdalena del Mar,-12.083628436054799,-77.06355553229527,101.2,3,2,11,False,True,True,11,4.572,2026-05-26,4850.0
LIM-04244,San Borja,-12.106494288935897,-76.97703815918987,78.7,3,2,6,False,False,False,26,3.666,2026-05-21,3900.0
LIM-04245,Pueblo Libre,-12.088914067460664,-77.06257589501499,68.7,2,1,8,False,True,False,3,4.971,2026-04-19,3900.0
LIM-04246,Barranco,-12.148109054285198,-77.02455132265136,102.7,3,3,4,False,False,False,5,0.94,2026-06-04,6300.0
LIM-04247,Chorrillos,-12.143367085259088,-77.00135909564655,99.9,3,2,2,False,False,False,23,1.566,2026-03-29,3600.0
LIM-04248,San Isidro,-12.077447936076148,-77.0190377690558,57.0,2,1,7,False,False,False,25,0.593,2026-06-17,5150.0
LIM-04249,Miraflores,-12.156792794753093,-77.03472049390868,52.8,2,1,7,False,True,True,17,2.011,2026-03-17,3850.0
LIM-04250,Surquillo,-12.11393988215566,-77.02956040478237,36.7,1,1,8,False,True,False,9,1.764,2026-06-28,1250.0
LIM-04251,Surco (Santiago de Surco),-12.123814565696936,-76.97917158640601,218.5,5,3,7,True,False,False,20,3.76,2026-03-31,12050.0
LIM-04252,Miraflores,-12.123287924150816,-77.04790072848314,56.9,2,1,4,False,False,False,8,3.609,2026-06-14,
LIM-04253,Miraflores,-12.126621091041727,-77.04851361714249,109.1,4,3,10,True,False,False,1,3.658,2026-05-01,9700.0
LIM-04254,San Borja,-12.111503570581002,-77.0006195413777,75.9,2,2,8,False,False,True,24,1.103,2026-05-27,4250.0
LIM-04255,Chorrillos,-12.168073726174784,-77.01687072341126,58.0,2,2,1,True,False,False,7,0.676,2026-04-19,2050.0
LIM-04256,San Isidro,-12.1109816396925,-77.04941942599532,85.6,2,1,17,True,True,False,44,3.944,2026-03-14,6700.0
LIM-04257,San Isidro,-12.082935736180689,-77.03403762793947,76.6,2,2,7,True,True,False,4,2.292,2026-04-19,5350.0
LIM-04258,Magdalena del Mar,-12.096171915900376,-77.07250235893636,100.8,3,2,9,True,True,False,23,6.267,2026-08-01,5100.0
LIM-04259,Callao,-12.067820291289339,-77.12386465472865,110.3,3,2,5,False,False,False,12,9.686,2026-04-27,2700.0
LIM-04260,Surco (Santiago de Surco),-12.121507798063215,-76.97059842984999,78.7,2,1,4,True,False,True,21,4.543,2026-05-10,4250.0
LIM-04261,Callao,-12.075141570861339,-77.11294286547991,53.6,2,2,7,False,True,False,6,8.72,2026-04-24,1250.0
LIM-04262,Los Olivos,-11.975562521164019,-77.05795813156173,60.0,2,2,5,True,False,False,40,0.661,2026-06-24,2300.0
LIM-04263,Surco (Santiago de Surco),-12.141860100783422,-77.01247455586403,45.8,1,1,11,False,False,False,34,0.351,2026-07-06,2150.0
LIM-04264,Surquillo,-12.088972696741166,-77.0350781017494,59.5,1,1,12,False,False,False,8,2.64,2026-04-30,2550.0
LIM-04265,Lince,-12.093320249223673,-77.0277792486722,67.7,2,2,4,False,True,False,8,1.877,2026-05-19,2650.0
LIM-04266,San Borja,-12.134159582646001,-76.97634170772696,62.4,2,1,9,True,True,False,13,4.279,2026-04-22,3450.0
LIM-04267,La Molina,-12.093781781383349,-76.95731922934768,73.4,2,2,3,False,False,True,5,5.309,2026-05-24,4400.0
LIM-04268,Surquillo,-12.109233395831142,-77.01577948024199,64.7,2,1,9,True,True,True,6,0.566,2026-05-18,3350.0
LIM-04269,Surquillo,-12.105290985440996,-77.03232115493635,53.1,2,2,2,False,False,False,22,2.412,2026-05-04,1950.0
LIM-04270,San Miguel,-12.050081523678687,-77.10142347119057,72.9,3,2,3,False,False,True,1,7.097,2026-07-19,3350.0
LIM-04271,Comas,-11.926117229148169,-77.0596826641743,84.5,2,1,2,True,False,False,5,5.125,2026-05-21,2000.0
LIM-04272,Magdalena del Mar,-12.093244928873018,-77.08161133456035,84.5,3,2,6,False,False,False,30,6.709,2026-06-01,3500.0
LIM-04273,Surquillo,-12.125396985610896,-77.03316628683804,54.2,1,1,8,True,False,True,27,1.997,2026-07-31,2200.0
LIM-04274,Chorrillos,-12.155211670823832,-77.03403501228738,70.1,2,1,2,False,False,False,10,1.958,2026-07-11,2150.0
LIM-04275,Barranco,-12.153822762603914,-77.04403209719356,38.3,1,1,9,True,False,True,2,3.007,2026-03-19,2750.0
LIM-04276,San Isidro,-12.105097886834576,-77.03098099436141,83.6,3,3,8,False,False,True,26,2.274,2026-03-25,7950.0
LIM-04277,La Molina,-12.09180488562585,-76.93802902769482,113.2,3,2,7,False,False,False,7,7.386,2026-05-31,5300.0
LIM-04278,chorrillos,-12.189727458866761,-77.01098935876144,77.5,2,1,9,False,True,False,19,1.484,2026-04-07,2150.0
LIM-04279,Surco (Santiago de Surco),-12.140580241094051,-77.00591010957439,175.2,5,3,7,True,False,True,15,1.076,2026-03-17,11350.0
LIM-04280,Pueblo Libre,-12.076397299959742,-77.05102858451312,79.0,2,1,7,False,True,False,19,3.118,2026-03-29,3300.0
LIM-04281,San Isidro,-12.088432120730255,-77.02821865598986,80.8,2,2,4,False,True,True,17,1.974,2026-05-01,11500.0
LIM-04282,Surco (Santiago de Surco),-12.139657060021213,-76.99491246712026,111.5,4,3,4,True,False,False,18,2.275,2026-06-26,5450.0
LIM-04283,Jesús María,-12.088809510902063,-77.05088194491911,157.3,5,4,6,False,False,False,12,4.231,2026-05-08,7900.0
LIM-04284,Miraflores,-12.14034526586308,-77.03718938562842,81.3,2,1,5,False,True,True,18,2.343,2026-03-17,5750.0
LIM-04285,Los Olivos,-11.966385163029722,-77.06919405799286,43.2,1,1,2,True,False,True,16,0.934,2026-03-17,1450.0
LIM-04286,Miraflores,-12.12022848975837,-77.00999302633618,86.1,2,2,7,False,False,False,9,0.5,2026-06-28,7200.0
LIM-04287,San Martín de Porres,-12.00555175253456,-77.06694572061261,67.9,2,1,4,False,False,True,0,1.229,2026-03-05,1850.0
LIM-04288,Barranco,-12.155009477525905,-77.02447452508355,37.8,1,1,11,True,False,False,5,0.965,2026-03-18,2800.0
LIM-04289,Comas,-11.93833815680641,-77.05553654245871,163.5,5,3,5,False,False,True,2,3.839,2026-06-28,4100.0
LIM-04290,Jesús María,-12.056913444955729,-77.06221716059427,128.5,3,2,6,False,False,False,16,2.873,2026-06-30,5300.0
LIM-04291,San Isidro,-12.106561735009729,-77.02793919387113,63.6,3,2,10,False,True,True,6,1.917,2026-03-17,6850.0
LIM-04292,San Isidro,-12.096133165965416,-77.04667028571198,63.8,2,1,5,False,False,False,3,3.911,2026-06-24,4650.0
LIM-04293,San Isidro,-12.085700755151937,-77.02841693326467,89.5,3,2,20,True,True,True,7,1.83,2026-02-22,8600.0
LIM-04294,Jesús María,-12.082913371482368,-77.01337113371432,60.3,1,1,12,False,False,False,7,0.558,2026-04-30,3350.0
LIM-04295,Surquillo,-12.114887585374758,-77.02434014918792,62.3,2,2,6,False,False,False,9,1.188,2026-04-05,3350.0
LIM-04296,La Molina,-12.087255947237052,-76.91012636028914,87.6,2,1,6,False,True,False,13,10.415,2026-06-01,5100.0
LIM-04297,Magdalena del Mar,-12.111235542820522,-77.06981237414661,68.6,2,1,10,False,True,False,11,6.132,2026-05-04,3200.0
LIM-04298,Jesús María,-12.071578014462814,-77.05799550759914,51.0,2,2,15,True,True,False,14,3.188,2026-03-19,2300.0
LIM-04299,San Borja,-12.107921463856746,-77.00814547400081,117.3,3,3,9,False,False,False,15,0.332,2026-06-17,6700.0
LIM-04300,Pueblo Libre,-12.066938989004848,-77.03472053270582,110.2,2,1,8,True,False,False,1,1.44,2026-06-11,4450.0
LIM-04301,Magdalena del Mar,-12.109742637695929,-77.06978413578356,75.5,3,2,5,False,True,False,35,6.151,2026-05-08,2900.0
LIM-04302,Pueblo Libre,-12.073480355376866,-77.069893834274,74.1,2,1,3,False,False,False,13,4.35,2026-03-17,2800.0
LIM-04303,Comas,-11.92641919123613,-77.06444152733252,116.2,3,2,3,False,False,False,35,5.082,2026-03-07,2200.0
LIM-04304,Surco (Santiago de Surco),-12.110070002017052,-76.9898306906675,95.1,2,1,9,True,False,True,5,2.258,2026-03-01,5600.0
LIM-04305,San Isidro,-12.081838448772341,-77.03680464810255,147.8,5,3,5,True,False,True,45,2.561,2026-06-24,13800.0
LIM-04306,Miraflores,-12.135224858067803,-77.02524921024471,49.2,1,1,19,True,True,True,6,1.049,2026-04-24,4650.0
LIM-04307,san borja,-12.102887367815477,-76.97731666924014,118.5,3,2,10,False,True,True,4,3.47,2026-03-08,8600.0
LIM-04308,Surco (Santiago de Surco),-12.140797758899533,-77.00853564797475,91.6,3,3,9,False,False,True,6,0.79,2026-05-02,6350.0
LIM-04309,Callao,-12.053193192882441,-77.11036443606683,59.4,1,1,1,False,False,True,5,8.065,2026-05-15,2550.0
LIM-04310,Jesús María,-12.082866600469323,-77.04987477125619,164.2,4,3,5,True,False,False,5,3.7,2026-03-16,9500.0
LIM-04311,San Borja,-12.128861681302228,-77.0045885441527,193.1,5,4,8,True,True,False,7,1.164,2026-03-25,16800.0
LIM-04312,Surquillo,-12.118834206864397,-77.00463390998652,60.8,2,2,3,True,False,False,11,1.004,2026-04-29,2900.0
LIM-04313,Barranco,-12.14072876764068,-77.03893710761622,80.7,2,1,20,False,True,True,5,2.53,2026-02-24,5350.0
LIM-04314,Surquillo,-12.111244002934313,-77.04589720029777,55.9,1,1,10,False,False,False,11,3.563,2026-04-24,2350.0
LIM-04315,San Isidro,-12.092364625681029,-77.03400560382285,77.0,2,1,11,True,False,False,8,2.563,2026-04-26,5800.0
LIM-04316,Jesús María,-12.071003796124248,-77.05065815687848,55.7,1,1,10,False,True,True,2,2.598,2026-04-19,2600.0
LIM-04317,Callao,-12.051745670301852,-77.13433416700576,56.4,2,1,3,False,False,False,11,10.156,2026-06-25,1650.0
LIM-04318,Surquillo,-12.108345858890958,-77.03802662995422,117.3,3,2,9,True,True,False,1,2.832,2026-06-27,7350.0
LIM-04319,Chorrillos,-12.177996177147454,-76.99493239946798,81.0,2,1,4,False,False,True,5,2.453,2026-03-31,2900.0
LIM-04320,La Molina,-12.085805313262965,-76.93964382182449,111.8,3,2,15,False,True,False,6,7.213,2026-07-18,6700.0
LIM-04321,Surquillo,-12.093780899501564,-77.01726425132314,50.2,1,1,4,True,True,False,16,0.748,2026-08-08,1700.0
LIM-04322,San Borja,-12.106595627651986,-76.97225706109248,95.6,2,1,4,True,False,False,25,4.148,2026-07-09,6600.0
LIM-04323,Jesús María,-12.073089238042554,-77.03673525008323,49.4,2,1,6,True,False,True,4,2.081,2026-06-28,2650.0
LIM-04324,San Isidro,-12.095965385913283,-77.0154686787535,66.4,1,1,20,True,True,True,1,0.519,2026-04-26,7050.0
LIM-04325,Miraflores,-12.123714902219795,-77.0435594471374,51.1,1,1,7,False,True,True,8,3.134,2026-08-10,3950.0
LIM-04326,SAN BORJA,-12.11352427156465,-77.01320871108149,136.1,4,3,9,False,False,False,8,0.469,2026-06-30,8850.0
LIM-04327,San Isidro,-12.094695857707615,-77.0292950971786,50.1,1,1,7,True,True,False,18,2.026,2026-08-03,3250.0
LIM-04328,San Miguel,-12.08346858242351,-77.08782600938285,53.5,2,2,16,False,True,False,39,6.592,2026-02-12,1700.0
LIM-04329,Chorrillos,-12.176446179153727,-77.00310405557208,42.6,1,1,2,False,False,False,11,1.574,2026-04-06,1350.0
LIM-04330,San Martín de Porres,-12.008386176478316,-77.10016946650376,67.7,3,2,5,True,True,False,38,4.617,2026-07-15,1800.0
LIM-04331,Miraflores,-12.119803858345588,-77.02095683100833,64.7,2,2,8,False,True,True,7,0.812,2026-08-05,6700.0
LIM-04332,Callao,-12.049589660669888,-77.10622877639895,116.2,3,3,9,False,False,False,19,7.622,2026-03-19,3150.0
LIM-04333,San Isidro,-12.099742978318933,-77.02546593519826,79.2,1,1,9,True,False,False,8,1.664,2026-05-05,9250.0
LIM-04334,Magdalena del Mar,-12.11960054124267,-77.08058033257448,68.4,2,1,5,False,False,False,25,7.183,2026-04-02,2950.0
LIM-04335,Chorrillos,-12.167615541471333,-77.01187661794086,90.3,2,1,4,False,True,False,4,0.837,2026-02-25,3650.0
LIM-04336,San Isidro,-12.095757793886884,-77.04600788510358,73.8,2,2,13,False,False,False,15,3.839,2026-02-20,5050.0
LIM-04337,San Isidro,-12.109118777400163,-77.04021535298216,183.8,5,3,8,True,True,True,19,3.026,2026-05-23,21250.0
LIM-04338,San Isidro,-12.087920757092121,-77.04921523607157,70.4,2,1,8,True,False,True,6,4.03,2026-06-26,7150.0
LIM-04339,San Borja,-12.12508110240859,-77.00770398875206,102.7,3,2,4,False,False,False,16,0.775,2026-05-06,7250.0
LIM-04340,Surquillo,-12.102155108616106,-77.02039154794055,84.7,2,1,3,False,False,False,3,1.269,2026-03-17,2700.0
LIM-04341,Miraflores,-12.121788399435767,-77.03529124097165,61.5,2,2,13,True,True,True,31,2.27,2026-03-26,3500.0
LIM-04342,Miraflores,-12.148326380904528,-77.03850549731666,79.1,2,1,7,False,False,False,11,2.413,2026-05-08,5400.0
LIM-04343,Jesús María,-12.071460044952842,-77.06459516462614,68.2,2,1,7,False,True,False,9,3.745,2026-06-09,3450.0
LIM-04344,Barranco,-12.154274308417092,-76.99786685053849,76.4,3,2,3,False,False,False,20,2.054,2026-06-15,5050.0
LIM-04345,Pueblo Libre,-12.080282191501878,-77.0691067553187,77.5,2,1,9,False,True,False,15,4.735,2026-07-23,3150.0
LIM-04346,Callao,-12.065452709137475,-77.11414041311762,81.3,2,2,16,True,True,False,9,8.599,2026-05-08,3350.0
LIM-04347,San Miguel,-12.078926589490319,-77.11390766347493,53.9,2,2,3,True,True,False,24,8.95,2026-03-20,2100.0
LIM-04348,Los Olivos,-11.974722264174005,-77.05520821040508,159.8,3,2,2,True,False,False,3,0.886,2026-05-01,5350.0
LIM-04349,San Borja,-12.13058028291826,-76.99659407219416,108.6,3,2,7,False,True,False,16,2.052,2026-05-30,6600.0
LIM-04350,Surquillo,-12.099435185359873,-77.0228264945151,39.1,1,1,2,True,False,True,2,1.379,2026-07-19,1600.0
LIM-04351,Miraflores,-12.124032291871542,-77.03462169284796,65.6,2,2,6,False,False,True,4,2.163,2026-06-19,5500.0
LIM-04352,San Isidro,-12.10598322019054,-77.0262670817068,51.4,1,1,13,True,True,False,16,1.753,2026-04-07,3900.0
LIM-04353,Lince,-12.098641084190545,-77.06873714514494,86.8,3,2,6,False,False,False,5,6.241,2026-06-23,4250.0
LIM-04354,San Isidro,-12.087951215190566,-77.04659032006451,84.4,2,1,10,False,True,True,20,3.757,2026-07-08,6750.0
LIM-04355,Los Olivos,-11.984481183629159,-77.07292900605121,88.1,2,1,2,False,False,False,25,1.757,2026-04-25,2150.0
LIM-04356,Pueblo Libre,-12.071992152377705,-77.06466733297478,57.3,1,1,3,True,False,False,10,3.785,2026-05-15,2300.0
LIM-04357,Callao,-12.063603788022483,-77.08803625643586,76.8,3,2,3,False,True,False,27,5.773,2026-06-03,2000.0
LIM-04358,Surco (Santiago de Surco),-12.141305035926747,-76.99905112164538,122.2,2,2,12,False,True,False,8,1.812,2026-05-06,7950.0
LIM-04359,Magdalena del Mar,-12.10874271437171,-77.06381727609526,109.4,4,3,5,False,False,False,25,5.528,2026-05-04,4300.0
LIM-04360,San Miguel,-12.084843833190261,-77.07106011376156,102.3,4,3,6,False,True,False,13,5.233,2026-08-01,4350.0
LIM-04361,Barranco,-12.149294251301917,-77.01335263097054,42.6,1,1,6,False,False,True,15,0.402,2026-04-03,3350.0
LIM-04362,San Borja,-12.105476253283811,-77.00668579285538,84.8,3,2,8,True,False,False,10,0.634,2026-06-02,5950.0
LIM-04363,Lince,-12.094527109775397,-77.04871385103183,73.7,2,1,14,True,True,False,13,4.136,2026-07-14,4200.0
LIM-04364,Ate,-12.047491212829248,-76.90705495660742,72.7,3,2,5,False,False,True,7,11.298,2026-04-18,1550.0
LIM-04365,San Miguel,-12.066738546828356,-77.07305969731613,45.9,2,1,5,True,False,True,40,4.314,2026-03-02,1700.0
LIM-04366,Miraflores,-12.141051542683389,-77.02284844285364,49.7,3,2,12,False,False,False,11,0.784,2026-07-25,3650.0
LIM-04367,Magdalena del Mar,-12.095575227683101,-77.06089862215276,126.0,3,2,9,False,True,False,1,5.458,2026-07-20,7050.0
LIM-04368,Jesús María,-12.085009407344828,-77.01789663542715,54.6,2,1,8,False,True,False,6,0.918,2026-07-11,2600.0
LIM-04369,Miraflores,-12.133732210065398,-77.0193515085873,76.2,1,1,7,False,True,True,16,0.397,2026-05-11,6050.0
LIM-04370,Magdalena del Mar,-12.092367861844023,-77.08890759438953,74.2,2,1,3,True,False,False,12,7.252,2026-02-19,3450.0
LIM-04371,Surco (Santiago de Surco),-12.141543017624011,-76.99438727081395,90.4,4,3,6,False,False,False,17,2.317,2026-07-24,4350.0
LIM-04372,Miraflores,-12.13570163751482,-77.01295741767774,1381.4,2,2,6,False,True,False,19,0.359,2026-04-21,6100.0
LIM-04373,San Borja,-12.09240860169516,-77.00158535749138,115.9,4,3,4,False,False,False,45,0.603,2026-06-21,6700.0
LIM-04374,Miraflores,-12.11005892582802,-77.01133153286224,75.9,2,1,10,False,False,False,18,0.089,2026-03-13,5400.0
LIM-04375,Jesús María,-12.09678767147631,-77.04980324277587,65.5,2,1,6,False,True,False,15,4.253,2026-04-04,3000.0
LIM-04376,Miraflores,-12.138793137536025,-77.02538783094863,76.2,2,1,12,True,True,True,17,1.112,2026-05-20,5450.0
LIM-04377,Pueblo Libre,-12.066478515144176,-77.06730889248414,49.8,1,1,7,False,True,True,27,3.727,2026-02-13,1900.0
LIM-04378,Miraflores,-12.12451848599645,-77.02748556391614,87.3,2,2,12,False,True,False,14,1.385,2026-07-17,5950.0
LIM-04379,Los Olivos,-11.95089310426774,-77.06895063086677,70.8,1,1,15,True,True,False,13,2.448,2026-07-13,2550.0
LIM-04380,San Isidro,-12.08980396321751,-77.056002503117,69.6,2,2,20,False,True,True,16,4.683,2026-04-24,7100.0
LIM-04381,San Borja,-12.104706413713751,-77.00389911951098,106.1,3,2,6,False,False,False,7,0.916,2026-05-31,5900.0
LIM-04382,Surco (Santiago de Surco),-12.147262352301905,-77.00979849704224,83.4,2,1,8,True,True,False,24,0.85,2026-07-28,5100.0
LIM-04383,Barranco,-12.143502716461626,-77.02628530328866,62.6,2,2,9,True,True,True,13,1.163,2026-05-30,5250.0
LIM-04384,Magdalena del Mar,-12.110809167457004,-77.08524196523598,113.3,3,2,2,True,False,False,15,7.805,2026-07-17,5250.0
LIM-04385,Chorrillos,-12.15903706559908,-77.00595814588517,60.1,2,1,4,False,False,False,2,1.245,2026-03-02,1950.0
LIM-04386,San Martín de Porres,-11.993834336931782,-77.06831920075498,105.6,2,1,2,False,False,True,4,1.072,2026-06-18,3000.0
LIM-04387,Surco (Santiago de Surco),-12.144897966921091,-76.98827647014801,128.7,3,2,10,True,False,False,27,2.998,2026-04-13,6150.0
LIM-04388,Miraflores,-12.111443870862413,-77.04461179077457,109.0,3,1,7,False,True,True,2,3.421,2026-05-01,7500.0
LIM-04389,Pueblo Libre,-12.046701701330365,-77.06427761732657,150.5,5,3,4,False,True,True,14,3.118,2026-04-28,7200.0
LIM-04390,Jesús María,-12.076211405197714,-77.06516630774136,65.1,3,3,11,False,False,False,12,4.115,2026-08-04,3100.0
LIM-04391,Miraflores,-12.114495041723705,-77.03116752063141,56.8,2,1,10,False,False,True,6,1.922,2026-02-18,3800.0
LIM-04392,San Miguel,-12.082581951836293,-77.08503094599324,101.3,4,2,7,True,True,True,13,6.281,2026-06-02,4700.0
LIM-04393,San Borja,-12.10727577338858,-76.98669474812502,121.6,3,2,8,False,False,False,6,2.613,2026-07-12,6800.0
LIM-04394,Lince,-12.103186814720377,-77.02762586264168,52.8,2,1,3,False,False,True,8,1.988,2026-04-27,2050.0
LIM-04395,Surco (Santiago de Surco),-12.135006354162071,-76.97989834123183,110.9,3,2,3,True,True,False,10,3.894,2026-05-05,7300.0
LIM-04396,Magdalena del Mar,-12.094977072042033,-77.07258292335675,186.5,5,3,8,True,False,False,42,6.17,2026-05-13,8750.0
LIM-04397,Miraflores,-12.099512026677862,-77.03220272326412,77.6,2,2,15,False,True,False,9,2.374,2026-05-11,4550.0
LIM-04398,San Miguel,-12.098940037352442,-77.0823160738836,104.8,3,3,5,True,True,False,20,7.206,2026-05-04,5000.0
LIM-04399,Miraflores,-12.124470601509293,-77.01852228679788,124.2,4,3,15,False,True,False,45,0.427,2026-06-14,8100.0
LIM-04400,San Miguel,-12.061942593386028,-77.09909006037988,173.8,4,3,5,False,False,False,27,6.921,2026-02-23,5300.0
LIM-04401,Surquillo,-12.117601257949584,-77.01295221289716,70.3,1,1,4,False,False,False,3,0.093,2026-05-11,2950.0
LIM-04402,San Miguel,-12.07945609839582,-77.09633176049203,116.5,3,2,6,True,True,False,5,7.198,2026-02-14,6850.0
LIM-04403,San Isidro,-12.107199108298587,-77.06080313762641,66.0,2,2,7,False,False,True,27,5.242,2026-05-05,5150.0
LIM-04404,Surco (Santiago de Surco),-12.146191264563154,-76.98971872209465,95.8,4,3,9,False,False,True,1,2.863,2026-03-12,5550.0
LIM-04405,Magdalena del Mar ,-12.117410245189998,-77.09123426618149,67.6,1,1,11,False,False,False,2,8.361,2026-04-05,3500.0
LIM-04406,Jesús María,-12.08115058297173,-77.045061309488,43.8,2,2,4,False,False,True,27,3.339,2026-04-24,1800.0
LIM-04407,San Martín de Porres,-12.010772260661346,-77.09902367562594,53.9,1,1,3,False,False,False,17,4.576,2026-03-14,1550.0
LIM-04408,La Molina,-12.085383533996115,-76.95383600492426,126.2,3,2,12,False,False,True,1,5.675,2026-06-12,7800.0
LIM-04409,Los Olivos,-11.978352018429085,-77.07670318562083,101.6,3,2,3,True,False,False,7,1.655,2026-07-18,3600.0
LIM-04410,Miraflores,-12.126855091820582,-77.01497930275626,53.7,1,1,6,True,False,False,12,0.13,2026-04-28,3400.0
LIM-04411,Surco (Santiago de Surco),-12.140426464716692,-77.00140218071984,156.4,5,4,14,True,True,False,8,1.564,2026-06-29,10000.0
LIM-04412,San Isidro,-12.097777982187486,-77.0495996514433,59.6,2,1,20,True,True,False,19,4.235,2026-04-02,3850.0
LIM-04413,San Miguel,-12.08374226707686,-77.08842785901608,84.7,2,1,6,True,True,False,26,6.663,2026-06-17,3100.0
LIM-04414,Miraflores,-12.133841433079246,-77.0320036830648,65.7,2,1,10,True,False,False,9,1.772,2026-05-31,5100.0
LIM-04415,Barranco,-12.148370802672625,-77.01191327327221,72.4,2,2,18,True,True,True,4,0.59,2026-05-03,5850.0
LIM-04416,San Miguel,-12.064590201404826,-77.10494255938997,104.0,2,1,11,True,True,True,6,7.597,2026-05-10,4850.0
LIM-04417,San Borja,-12.10675840565051,-76.99606975341432,114.7,4,3,18,True,False,False,16,1.613,2026-04-04,8650.0
LIM-04418,San Isidro,-12.104517845258865,-77.00706519843926,106.6,4,2,8,False,False,True,25,0.693,2026-05-13,6600.0
LIM-04419,San Isidro,-12.098677756861123,-77.03957134750841,102.3,4,3,9,True,False,True,11,3.155,2026-03-10,11450.0
LIM-04420,San Borja,-12.132907593244278,-76.99635923508359,59.9,2,1,3,False,False,False,30,2.105,2026-03-24,2700.0
LIM-04421,Surco (Santiago de Surco),-12.136672832994465,-77.01493248309646,136.6,3,2,3,False,False,True,12,0.319,2026-07-18,7400.0
LIM-04422,Miraflores,-12.125904252429086,-77.0396357514559,53.4,2,1,4,False,True,True,3,2.7,2026-07-21,4050.0
LIM-04423,Jesús María,-12.08480152429608,-77.04348335157549,77.3,3,2,5,True,False,False,14,3.339,2026-04-23,3850.0
LIM-04424,Barranco,-12.158425180227983,-77.02535877291002,62.6,1,1,5,False,True,False,42,0.992,2026-03-13,3750.0
LIM-04425,Jesús María,-12.078522814018477,-77.0416268044728,89.5,3,2,7,True,False,False,15,2.886,2026-06-18,4000.0
LIM-04426,La Molina,-12.074890500687923,-76.94010073577044,94.2,3,3,5,True,True,True,20,7.324,2026-05-31,6350.0
LIM-04427,Miraflores,-12.10799527499864,-77.04521635323053,71.3,3,2,17,True,True,False,2,3.582,2026-07-03,4450.0
LIM-04428,Miraflores,-12.132237501938693,-77.0172163246085,125.9,3,3,6,True,False,False,14,0.248,2026-04-27,12450.0
LIM-04429,Barranco,-12.15561692847892,-77.03631221932108,46.2,2,2,3,True,True,True,8,2.209,2026-05-11,3800.0
LIM-04430,San Isidro,-12.103111079487464,-77.04587906286969,84.9,3,3,5,False,False,False,16,3.846,2026-08-06,5400.0
LIM-04431,Surco (Santiago de Surco),-12.1252854538134,-76.9922461810136,66.5,2,2,12,False,True,False,4,2.452,2026-05-26,4250.0
LIM-04432,Los Olivos,-11.96715392136842,-77.05269572390392,109.2,4,3,2,False,True,False,37,1.239,2026-05-24,3150.0
LIM-04433,Surquillo,-12.113586521648307,-77.02954651622552,51.5,1,1,8,False,True,False,16,1.772,2026-04-13,2000.0
LIM-04434,Surco (Santiago de Surco),-12.128564848638945,-76.99322778655898,96.2,3,2,7,True,False,False,16,2.367,2026-05-05,4500.0
LIM-04435,Jesús María,-12.080756960900931,-77.04712775437405,52.4,2,1,11,False,True,True,29,3.37,2026-05-09,2000.0
LIM-04436,Jesús María,-12.057233361107752,-77.04111168026674,120.9,3,2,13,True,True,True,15,0.758,2026-04-02,6450.0
LIM-04437,Surquillo,-12.114720935889041,-77.00329163340385,66.5,3,2,6,False,False,False,3,0.971,2026-06-12,4100.0
LIM-04438,Barranco,-12.159670949354304,-77.02624890316802,73.2,3,2,9,False,False,False,2,1.038,2026-05-17,4750.0
LIM-04439,Surco (Santiago de Surco),-12.137755682925574,-76.98285780910484,123.9,4,3,2,True,False,False,45,3.596,2026-06-17,6550.0
LIM-04440,Surco (Santiago de Surco),-12.120216860109505,-76.97903613937409,63.7,2,1,7,False,True,True,15,3.625,2026-05-01,3850.0
LIM-04441,San Isidro,-12.102301705631806,-77.01529248985354,69.8,2,1,8,False,True,False,11,0.879,2026-05-10,7200.0
LIM-04442,Surco (Santiago de Surco),-12.123605306411461,-76.98897692040335,100.3,3,2,9,False,False,False,10,2.777,2026-04-13,5400.0
LIM-04443,Los Olivos,-11.976404149513257,-77.06961075707576,50.1,1,1,7,False,False,True,7,0.873,2026-03-24,1400.0
LIM-04444,San Martín de Porres,-12.008087964361328,-77.08629501368338,53.0,1,1,2,False,False,True,17,3.173,2026-04-28,1300.0
LIM-04445,Miraflores,-12.11318483107287,-77.04690784078579,57.7,1,1,9,False,True,False,12,3.634,2026-05-29,3600.0
LIM-04446,Magdalena del Mar,-12.105987670727748,-77.0790354423919,54.1,2,1,12,True,False,False,10,7.211,2026-03-27,2800.0
LIM-04447,La Molina,-12.07692951699806,-76.94385194716529,98.5,2,1,10,True,True,False,5,6.879,2026-04-08,6400.0
LIM-04448,Magdalena del Mar,-12.09128048801172,-77.0770139076292,92.2,3,2,8,False,False,False,13,6.196,2026-03-25,4750.0
LIM-04449,San Borja,-12.11878312721361,-76.99142738408622,114.4,3,2,10,False,False,False,10,2.316,2026-04-27,7450.0
LIM-04450,San Isidro,-12.098057312927933,-77.05415007929288,151.7,4,3,3,False,False,True,18,4.731,2026-05-17,17700.0
LIM-04451,Chorrillos,-12.181285291486715,-77.02028369124348,81.4,4,3,5,False,False,False,8,0.474,2026-03-29,3650.0
LIM-04452,Ate,-12.042212281319971,-76.89206276589043,96.7,4,3,2,False,False,True,6,12.498,2026-03-22,2300.0
LIM-04453,Lince,-12.062446421060535,-77.02135281488597,67.5,2,1,13,False,False,False,7,0.539,2026-02-14,2800.0
LIM-04454,Lince,-12.089548455234649,-77.02590571844945,75.3,3,2,18,True,True,False,5,1.793,2026-06-04,4850.0
LIM-04455,San Borja,-12.101894684713697,-76.99391181149973,102.2,3,3,5,False,False,False,2,1.938,2026-06-22,6100.0
LIM-04456,Surco (Santiago de Surco),-12.13470671229999,-76.99938518228879,127.6,4,3,15,True,True,False,9,1.776,2026-03-01,
LIM-04457,Miraflores,-12.120811307563242,-77.05044884302107,100.6,3,2,12,False,True,False,3,3.914,2026-07-22,7200.0
LIM-04458,Jesús María,-12.075582461448779,-77.04351445691506,94.5,3,2,2,False,False,True,28,2.698,2026-06-23,3500.0
LIM-04459,San Isidro,-12.10748900935622,-77.06608113979547,137.8,5,3,18,False,False,False,19,5.796,2026-03-13,
LIM-04460,Surquillo,-12.11067832060861,-77.02140667035135,65.6,3,2,10,False,True,False,7,1.137,2026-07-14,3300.0
LIM-04461,La Molina,-12.090264900999033,-76.94524391027403,90.4,3,2,7,False,True,False,15,6.597,2026-08-04,4600.0
LIM-04462,La Molina,-12.097657601004865,-76.95056628522488,95.3,3,2,10,False,False,False,19,6.093,2026-05-22,3450.0
LIM-04463,Surco (Santiago de Surco),-12.12282992085302,-76.96894340327839,91.8,4,3,10,False,False,True,8,4.758,2026-04-29,5400.0
LIM-04464,Ate,-12.045211884527571,-76.8941078865788,65.0,2,1,10,False,False,False,6,12.433,2026-07-28,1550.0
LIM-04465,Miraflores,-12.12383718748812,-77.01700625919588,61.6,3,3,18,True,False,True,1,0.317,2026-07-29,6300.0
LIM-04466,Miraflores,-12.105019320623045,-77.04050392119287,52.1,1,1,8,True,False,True,21,3.228,2026-03-20,3750.0
LIM-04467,Miraflores,-12.143132978426395,-77.00634301607641,83.7,2,2,6,False,True,False,6,1.025,2026-03-10,5250.0
LIM-04468,Lince,-12.06982615035525,-77.02587237033411,76.2,3,2,4,True,False,False,20,1.246,2026-04-11,3100.0
LIM-04469,Comas,-11.953562255389635,-77.07330375591704,53.9,2,1,2,False,False,False,11,2.352,2026-06-25,1000.0
LIM-04470,Barranco,-12.146861609527013,-77.02100739706445,56.8,2,1,7,True,False,True,13,0.688,2026-02-20,4850.0
LIM-04471,San Martín de Porres,-12.005956765049449,-77.06909710175755,161.4,4,3,3,False,False,True,7,1.429,2026-03-17,5100.0
LIM-04472,Surco (Santiago de Surco),-12.146076012485429,-77.00218654608771,116.2,3,3,4,False,False,False,12,1.537,2026-06-06,6700.0
LIM-04473,Lince,-12.06933336168838,-77.03161360934392,78.6,2,1,5,False,False,False,12,1.413,2026-05-27,3100.0
LIM-04474,San Isidro,-12.074925401191257,-77.03290228347383,68.7,2,2,18,True,True,False,4,2.022,2026-06-23,
LIM-04475,San Borja,-12.110954707807812,-77.01181025041848,98.7,3,2,8,False,True,False,5,0.192,2026-05-06,6400.0
LIM-04476,Lince,-12.081074303573669,-77.03654111417309,67.7,1,1,3,True,True,False,9,2.519,2026-07-12,2800.0
LIM-04477,San Borja,-12.10761610498005,-77.01090555090052,69.7,3,3,6,True,True,False,34,0.234,2026-04-01,4950.0
LIM-04478,Barranco,-12.128633917951765,-77.01097598381152,59.8,1,1,18,False,True,False,3,0.528,2026-06-04,3100.0
LIM-04479,Surquillo,-12.140057805369441,-77.02839666510692,55.9,2,1,11,False,False,False,2,1.397,2026-02-24,2100.0
LIM-04480,Ate,-12.041874518704757,-76.91249835555043,57.1,1,1,2,False,False,False,4,10.479,2026-08-05,1300.0
LIM-04481,Magdalena del Mar,-12.104225515769727,-77.09238186982073,51.1,2,1,14,False,False,False,28,8.398,2026-03-14,1950.0
LIM-04482,Jesús María,-12.101871568257655,-77.06260124259771,75.1,3,2,10,False,True,False,2,5.59,2026-02-18,4000.0
LIM-04483,Surquillo,-12.11902636116915,-77.03168257451004,49.6,2,2,13,False,False,False,12,1.95,2026-03-05,1500.0
LIM-04484,Barranco,-12.127223414509073,-77.02487490184656,63.6,2,2,4,False,False,True,3,1.108,2026-05-04,5050.0
LIM-04485,Chorrillos,-12.182572590284805,-77.01593542056035,49.1,2,2,3,False,False,False,11,0.536,2026-03-31,1800.0
LIM-04486,Surco (Santiago de Surco),-12.125510813921224,-76.99062293645771,122.8,4,2,11,True,False,False,26,2.628,2026-06-18,6450.0
LIM-04487,San Miguel,-12.06301593363524,-77.11406682158052,151.8,4,3,7,True,False,False,10,8.549,2026-04-30,7350.0
LIM-04488,Miraflores,-12.121252361631434,-77.03142367260835,104.2,2,1,18,True,True,False,21,1.874,2026-05-10,7050.0
LIM-04489,Surco (Santiago de Surco),-12.133554532579064,-77.00400686531653,136.4,4,3,12,True,True,False,8,1.272,2026-06-06,8650.0
LIM-04490,San Borja,-12.128895574878493,-76.99218985808675,110.0,3,2,3,True,False,False,3,2.484,2026-04-16,8550.0
LIM-04491,San Borja,-12.116893966358072,-77.00181163597294,98.0,3,2,10,True,False,True,29,1.246,2026-03-24,4900.0
LIM-04492,Chorrillos,-12.16381590850804,-77.01906997206743,84.3,3,2,9,False,False,True,16,0.302,2026-04-01,4250.0
LIM-04493,Comas,-11.942271850835555,-77.07093938726203,70.9,2,1,2,False,True,True,15,3.43,2026-07-02,2350.0
LIM-04494,Miraflores,-12.116691902702676,-77.00870422748491,93.5,2,2,10,False,False,False,10,0.565,2026-06-10,8050.0
LIM-04495,Surco (Santiago de Surco),-12.133402109043804,-77.01040295307881,116.2,4,3,4,False,False,False,21,0.579,2026-05-25,5750.0
LIM-04496,Surco (Santiago de Surco),-12.108695952668443,-76.99979680788468,81.9,2,1,8,False,True,False,11,1.18,2026-03-24,4200.0
LIM-04497,Magdalena del Mar,-12.100666237974263,-77.07440881856073,92.3,3,1,6,True,False,False,2,6.787,2026-05-09,5450.0
LIM-04498,San Borja,-12.089035079484164,-77.00161632554658,72.1,2,1,8,True,False,False,10,0.466,2026-02-21,5200.0
LIM-04499,Chorrillos,-12.173097961333518,-77.0272672317925,67.0,2,1,9,True,True,False,19,1.193,2026-02-12,2550.0
LIM-04500,San Miguel,-12.057069612305032,-77.11454020243693,100.0,3,2,4,True,True,False,16,8.535,2026-02-12,3700.0
LIM-04501,San Isidro,-12.111899737071099,-77.04499810741069,97.6,2,1,9,False,False,True,2,3.453,2026-05-24,10650.0
LIM-04502,Magdalena del Mar,-12.09328417350843,-77.08721261809801,72.4,2,1,6,True,False,True,2,7.172,2026-04-13,
LIM-04503,Jesús María,-12.078324241407083,-77.02884930488744,71.6,2,1,7,False,False,False,13,1.659,2026-04-13,3350.0
LIM-04504,Magdalena del Mar,-12.0938263319698,-77.04852364885681,82.5,2,1,5,True,False,False,11,4.118,2026-07-07,4600.0
LIM-04505,Miraflores,-12.106431484848006,-77.03000950013595,41.7,1,1,6,True,False,False,7,2.141,2026-02-22,3100.0
LIM-04506,La Molina,-12.082254284735704,-76.9620570784836,86.3,3,2,11,False,False,False,24,4.826,2026-06-19,4350.0
LIM-04507,La Molina,-12.072155407719677,-76.93634347073146,73.4,4,4,6,False,True,True,11,7.792,2026-05-12,4550.0
LIM-04508,Miraflores,-12.129142653119288,-77.0411729178958,75.3,2,2,9,True,True,False,13,2.819,2026-03-31,5800.0
LIM-04509,San Miguel,-12.087274013490285,-77.09939005264313,110.5,3,3,8,False,False,False,4,7.89,2026-07-23,5200.0
LIM-04510,Surco (Santiago de Surco),-12.134806739122352,-77.00254619473421,110.7,3,2,5,True,False,True,16,1.434,2026-07-27,6750.0
LIM-04511,Jesús María,-12.074063826140694,-77.05500606792245,67.9,3,2,3,False,False,False,9,3.16,2026-07-29,3150.0
LIM-04512,San Borja,-12.11053031242589,-77.00285664301788,71.8,2,1,15,False,True,False,6,0.847,2026-03-11,4200.0
LIM-04513,Los Olivos,-11.980403580708048,-77.08726202339196,69.1,3,3,6,False,False,False,16,2.806,2026-05-16,1550.0
LIM-04514,Miraflores,-12.106716180921778,-77.03782416393992,142.2,4,3,9,True,True,True,23,2.883,2026-04-28,15000.0
LIM-04515,Miraflores,-12.125454046407603,-77.01716066902563,76.7,3,2,10,False,False,False,6,0.258,2026-02-18,5500.0
LIM-04516,Surco (Santiago de Surco),-12.117887062533448,-76.9954026832845,101.3,3,2,15,True,True,False,15,1.886,2026-03-20,6300.0
LIM-04517,La Molina,-12.086647079617551,-76.94369623390213,56.0,2,1,10,True,False,False,8,6.768,2026-08-04,3100.0
LIM-04518,Surco (Santiago de Surco),-12.12721885283023,-77.02178697756422,65.1,2,1,2,True,False,False,13,0.778,2026-04-14,3600.0
LIM-04519,San Miguel,-12.070707484284437,-77.08142659609771,76.9,3,2,6,False,False,False,3,5.323,2026-03-17,3100.0
LIM-04520,Barranco,-12.159291296884211,-77.02962623868196,59.7,1,1,9,True,True,False,3,1.405,2026-08-10,4100.0
LIM-04521,San Isidro,-12.09279356494137,-77.02321237734759,88.7,2,2,10,False,False,True,14,1.401,2026-04-04,6850.0
LIM-04522,La Molina,-12.063660004666396,-76.94334870234962,114.3,4,3,3,True,False,False,5,7.362,2026-05-06,8250.0
LIM-04523,San Miguel,-12.074380652962796,-77.09954464114854,94.5,3,2,3,False,False,False,16,7.309,2026-06-27,3900.0
LIM-04524,Chorrillos,-12.163884679125283,-77.03823347514661,45.1,1,1,2,True,False,True,11,2.318,2026-07-06,1900.0
LIM-04525,Pueblo Libre,-12.065280737864894,-77.03700184851087,52.7,2,2,15,True,False,False,4,1.435,2026-07-10,2800.0
LIM-04526,San Borja,-12.10461540409962,-76.98896103272342,87.2,3,2,8,True,False,False,10,2.42,2026-07-21,5850.0
LIM-04527,Pueblo Libre,-12.071362255387303,-77.05274310720374,61.0,1,1,7,False,False,False,9,2.772,2026-06-18,2100.0
LIM-04528,Lince,-12.078532213290545,-77.01147406753456,61.6,2,2,6,True,False,True,18,0.242,2026-04-30,3750.0
LIM-04529,Barranco,-12.140240609442293,-77.01871095585325,72.5,2,1,4,False,False,False,12,0.381,2026-06-09,4300.0
LIM-04530,San Borja,-12.124525968684612,-76.98237119938341,70.9,2,1,5,False,False,False,8,3.484,2026-05-01,4200.0
LIM-04531,San Miguel,-12.074432365330843,-77.09854290309296,82.9,2,2,4,True,False,False,15,7.208,2026-04-14,3100.0
LIM-04532,Surco (Santiago de Surco),-12.137208934568967,-76.986149057606,113.1,3,3,17,True,True,False,17,3.233,2026-06-11,4700.0
LIM-04533,Lince,-12.089798322123821,-77.04086116048909,69.4,1,1,6,False,False,True,4,3.246,2026-05-17,3200.0
LIM-04534,Magdalena del Mar,-12.079948427451656,-77.0817463055458,98.2,2,2,5,True,False,False,13,5.823,2026-06-11,4550.0
LIM-04535,San Borja,-12.117097754976767,-76.99743599309454,44.9,2,1,13,False,False,False,2,1.651,2026-07-17,3200.0
LIM-04536,Miraflores,-12.13783722872372,-77.04460878691951,62.2,3,2,8,False,False,False,4,3.173,2026-07-24,5100.0
LIM-04537,Lince,-12.07555140529537,-77.0293469093315,90.5,3,2,3,False,False,False,8,1.732,2026-07-21,6050.0
LIM-04538,Chorrillos,-12.191744726278646,-77.02184349851849,62.2,1,1,3,False,False,False,1,1.6,2026-02-20,2150.0
LIM-04539,Miraflores,-12.144235316935504,-77.05325072759345,54.5,2,2,15,True,True,False,23,4.069,2026-07-13,3950.0
LIM-04540,Surco (Santiago de Surco),-12.12410078772012,-77.00049194262911,91.2,2,1,5,False,True,False,17,1.566,2026-03-12,4300.0
LIM-04541,San Isidro,-12.09529533299325,-77.04084065643784,84.5,3,2,12,False,True,False,13,3.278,2026-05-22,6800.0
LIM-04542,San Isidro,-12.091527364471576,-77.02646596242194,71.6,2,1,10,False,False,False,3,1.779,2026-06-17,5800.0
LIM-04543,Comas,-11.948309130897355,-77.05857762457008,171.4,5,3,6,True,False,False,24,2.687,2026-07-08,3750.0
LIM-04544,San Borja,-12.124912873579309,-76.98123033159573,98.6,3,3,7,False,False,False,20,3.613,2026-03-11,5400.0
LIM-04545,Surco (Santiago de Surco),-12.149229446563412,-76.98875868485251,71.2,3,2,5,False,False,False,8,3.024,2026-07-14,3300.0
LIM-04546,Surco (Santiago de Surco),-12.138266266793176,-77.00164753284281,59.9,1,1,4,False,False,False,8,1.583,2026-04-09,2900.0
LIM-04547,Ate,-12.061668834295016,-76.91670031232572,104.7,3,1,7,False,False,False,17,10.164,2026-03-17,3050.0
LIM-04548,Barranco,-12.145715365115452,-77.02557657644294,52.0,2,2,6,False,False,True,8,1.15,2026-07-12,4550.0
LIM-04549,Pueblo Libre,-12.079149495256415,-77.05724432572664,149.4,4,3,7,False,True,True,2,3.753,2026-05-02,12450.0
LIM-04550,Surco (Santiago de Surco),-12.132779567431616,-76.99428213423045,108.9,3,2,13,False,True,False,26,2.332,2026-07-02,5250.0
LIM-04551,San Isidro,-12.095338222461283,-77.04424271560751,101.7,3,3,10,False,True,True,10,3.647,2026-05-11,11900.0
LIM-04552,Lince,-12.080458405346906,-77.03319679434725,73.6,3,2,8,False,False,False,12,2.15,2026-06-02,3100.0
LIM-04553,San Isidro,-12.091206209672533,-77.03116583201334,121.7,4,3,8,False,False,False,6,2.283,2026-04-11,11200.0
LIM-04554,Lince,-12.089226807089352,-77.04537705845962,31.6,1,1,5,False,True,False,16,3.678,2026-04-15,1250.0
LIM-04555,Barranco,-12.147192368800393,-77.01759589486026,47.6,2,1,15,True,True,False,13,0.461,2026-06-20,4600.0
LIM-04556,San Miguel,-12.07456790245896,-77.11174419715383,108.6,2,1,8,True,True,False,12,8.576,2026-05-08,4600.0
LIM-04557,San Miguel,-12.106546683709121,-77.0795331438823,126.1,3,1,5,True,False,False,8,7.253,2026-04-01,4800.0
LIM-04558,Pueblo Libre,-12.065841691049688,-77.05677383027074,50.5,1,1,6,False,False,False,8,2.691,2026-03-20,2150.0
LIM-04559,San Isidro,-12.095400693645358,-77.01714860357254,47.5,2,2,9,False,False,False,10,0.703,2026-06-01,3700.0
LIM-04560,Pueblo Libre,-12.066831413617077,-77.07649915727731,79.1,2,2,8,False,True,False,25,4.667,2026-08-02,4200.0
LIM-04561,Comas,-11.958442123145367,-77.0483985792542,111.0,4,3,2,False,False,False,25,2.19,2026-04-04,2500.0
LIM-04562,Barranco,-12.153189278101948,-77.01017063923719,73.4,2,2,11,False,False,True,5,0.723,2026-07-16,7650.0
LIM-04563,Surco (Santiago de Surco),-12.148098353478787,-76.9971867845665,93.2,2,2,15,False,True,True,42,2.124,2026-03-20,5000.0
LIM-04564,Surquillo,-12.105764783485444,-77.02201972023666,35.9,1,1,6,False,False,False,16,1.316,2026-04-17,1350.0
LIM-04565,Miraflores,-12.137961398504823,-77.04242175267788,66.5,1,1,5,True,False,True,17,2.939,2026-03-18,5500.0
LIM-04566,Lince,-12.096243857383069,-77.04944971637266,63.3,2,2,6,False,False,False,9,4.213,2026-04-04,2900.0
LIM-04567,San Miguel,-12.070988230460737,-77.10181481183368,65.4,1,1,13,False,True,False,11,7.428,2026-05-01,2800.0
LIM-04568,San Isidro,-12.104752494387327,-77.05176930770884,46.0,1,1,10,False,False,False,22,4.372,2026-07-04,3450.0
LIM-04569,San Borja,-12.119440687881468,-76.97945133019691,108.5,3,2,5,True,False,False,20,3.555,2026-02-17,5750.0
LIM-04570,Jesús María,-12.062719366845519,-77.06702462307923,105.5,3,2,6,True,True,True,6,3.543,2026-03-04,6450.0
LIM-04571,Surco (Santiago de Surco),-12.123627458920897,-76.99321325426273,73.7,2,1,13,False,True,False,9,2.333,2026-06-22,3600.0
LIM-04572,Los Olivos,-11.960235145689508,-77.06627153847738,82.9,2,1,3,False,False,False,6,1.369,2026-04-05,2250.0
LIM-04573,Miraflores,-12.110915483912716,-77.02511000921662,64.0,2,1,17,False,True,False,3,1.443,2026-05-14,3800.0
LIM-04574,Surco (Santiago de Surco),-12.137778951347256,-76.98965653667521,81.3,2,1,6,True,False,False,16,2.864,2026-07-11,3400.0
LIM-04575,Chorrillos,-12.177155115695639,-77.00674319619061,96.0,3,3,17,False,True,False,9,1.173,2026-04-25,3500.0
LIM-04576,Miraflores,-12.128876975342404,-77.03475106594924,88.5,2,2,7,False,False,False,19,2.145,2026-04-05,5750.0
LIM-04577,Surquillo,-12.112687249987408,-77.01644939225172,91.7,2,1,3,False,False,False,15,0.627,2026-02-26,4150.0
LIM-04578,San Isidro,-12.10353477992791,-77.04022273815559,119.1,4,4,3,False,True,False,6,3.276,2026-06-30,9900.0
LIM-04579,Magdalena del Mar,-12.100696794471123,-77.06006969290499,73.8,3,2,6,True,False,False,24,5.374,2026-04-05,2800.0
LIM-04580,San Isidro,-12.090001194792206,-77.0115016089183,211.1,5,3,9,True,True,True,7,0.619,2026-07-12,20350.0
LIM-04581,Lince,-12.070885529053829,-77.04762720512193,111.7,3,2,13,True,False,False,28,2.402,2026-07-10,4700.0
LIM-04582,Surquillo,-12.109920876948758,-77.04187321011125,52.7,1,1,9,True,True,False,9,3.172,2026-02-23,2500.0
LIM-04583,Chorrillos,-12.153168209617089,-77.01127042117177,85.4,2,1,10,True,False,True,7,0.609,2026-02-24,4350.0
LIM-04584,Comas,-11.951466186864392,-77.04915552538917,50.3,1,1,7,False,False,False,7,2.739,2026-07-28,1100.0
LIM-04585,Lince,-12.107155695670512,-77.00981627224101,68.6,2,1,6,True,False,False,16,0.295,2026-05-04,4350.0
LIM-04586,San Miguel,-12.068824465324926,-77.0839453157854,133.3,5,4,20,False,False,True,12,5.504,2026-06-21,5700.0
LIM-04587,San Borja,-12.117562002631761,-76.98185062849575,219.2,5,4,7,False,False,False,8,3.246,2026-05-29,11850.0
LIM-04588,San Martín de Porres,-12.002184306901306,-77.06067927120549,86.6,3,2,5,False,True,False,12,0.545,2026-06-10,2350.0
LIM-04589,Lince,-12.106337558121455,-77.01572266674043,75.7,2,2,16,False,False,False,31,0.671,2026-04-07,2600.0
LIM-04590,Los Olivos,-11.97969052296815,-77.06092607387804,106.8,2,1,8,False,True,False,17,0.871,2026-04-19,2950.0
LIM-04591,Barranco,-12.16742672899895,-77.03678651475532,131.9,4,2,9,False,False,False,4,2.234,2026-07-13,8400.0
LIM-04592,San Borja,-12.113511639161043,-76.99870034227006,65.7,2,2,10,False,False,True,8,1.361,2026-02-26,5600.0
LIM-04593,Pueblo Libre,-12.078334617926597,-77.0594995365713,175.4,5,3,4,True,False,False,17,3.839,2026-03-28,6850.0
LIM-04594,Miraflores,-12.120020475061422,-77.03059771559832,67.8,3,2,8,False,False,False,4,1.83,2026-05-31,6750.0
LIM-04595,Barranco,-12.134523324427738,-77.02185727149418,48.1,2,1,10,False,False,True,30,0.673,2026-06-04,3150.0
LIM-04596,Ate,-12.038277124821226,-76.89719326323574,83.2,3,3,2,False,False,False,23,11.814,2026-04-08,2550.0
LIM-04597,Magdalena del Mar,-12.114966035634525,-77.08478198020426,60.2,2,2,4,False,False,False,9,7.701,2026-03-13,3150.0
LIM-04598,Miraflores,-12.113803814772647,-77.0198113716456,85.8,3,2,4,False,False,True,22,0.784,2026-06-02,6100.0
LIM-04599,Surco (Santiago de Surco),-12.133658943630703,-76.99120270050146,56.0,2,1,7,False,False,False,45,2.663,2026-04-03,2250.0
LIM-04600,La Molina,-12.087973917184433,-76.95549038867085,115.1,4,3,8,False,True,False,13,5.482,2026-03-12,6300.0
LIM-04601,Jesús María,-12.073872394359247,-77.06191921797905,98.9,3,2,11,False,True,False,14,3.677,2026-07-12,4400.0
LIM-04602,San Martín de Porres,-11.996445370862967,-77.10101578088177,144.6,4,3,2,False,False,True,4,4.55,2026-03-13,5650.0
LIM-04603,Comas,-11.951302641492163,-77.05617307564061,118.1,3,2,3,True,False,False,6,2.426,2026-03-09,
LIM-04604,Lince,-12.087288210290296,-77.0340589377608,107.2,3,3,9,False,False,False,7,2.457,2026-04-10,3900.0
LIM-04605,Pueblo Libre,-12.059392730513299,-77.07300932915973,61.8,2,1,10,False,True,False,13,4.078,2026-03-03,2450.0
LIM-04606,Surco (Santiago de Surco),-12.143446869413106,-77.01751326149324,107.8,4,2,11,False,False,False,11,0.254,2026-06-14,5750.0
LIM-04607,Chorrillos,-12.1870586557141,-77.01290746917782,40.2,1,1,3,False,False,False,26,1.124,2026-03-20,1150.0
LIM-04608,Barranco,-12.150140488174486,-77.0234847275232,67.5,2,1,4,False,False,False,15,0.768,2026-07-13,4100.0
LIM-04609,Miraflores,-12.134666797481076,-77.0379643216622,84.9,3,2,10,False,True,True,16,2.422,2026-02-24,7150.0
LIM-04610,Ate,-12.067073397457452,-76.92756847909581,107.2,3,3,4,False,False,False,21,8.859,2026-06-02,3200.0
LIM-04611,Chorrillos,-12.178833606124897,-77.02096290196108,49.6,1,1,6,False,True,False,14,0.388,2026-06-09,1900.0
LIM-04612,Surco (Santiago de Surco),-12.117616537385233,-76.98936004217113,83.8,3,2,8,False,True,True,3,2.471,2026-05-07,3850.0
LIM-04613,Lince,-12.085563249150523,-77.03725979581306,62.8,2,2,8,False,False,False,45,2.71,2026-06-01,2050.0
LIM-04614,Magdalena del Mar,-12.09335707486662,-77.08996231592755,68.0,2,1,9,False,False,True,4,7.41,2026-06-09,3400.0
LIM-04615,Surco (Santiago de Surco),-12.160561780297813,-76.99569749946043,119.8,3,2,6,False,False,False,7,2.321,2026-08-05,6750.0
LIM-04616,Surco (Santiago de Surco),-12.129742494090708,-76.98245343039298,88.6,2,1,6,True,True,False,6,3.545,2026-06-21,5150.0
LIM-04617,Miraflores,-12.119979609664282,-77.02891678890506,77.4,2,1,7,False,True,False,1,1.661,2026-02-12,5050.0
LIM-04618,San Borja,-12.116278977936473,-76.99777891749247,76.9,2,2,11,True,True,False,26,1.574,2026-06-24,5050.0
LIM-04619,Magdalena del Mar,-12.093339394343172,-77.07960802748134,109.7,2,1,4,False,True,True,4,6.558,2026-03-09,6400.0
LIM-04620,San Borja,-12.106258540594105,-77.00927596572677,129.6,5,3,18,False,True,False,4,0.409,2026-04-11,10300.0
LIM-04621,Barranco,-12.162113855140296,-77.03247476899624,63.4,2,1,8,False,False,False,18,1.682,2026-04-24,3400.0
LIM-04622,Callao,-12.052617755278641,-77.13804224880103,211.6,5,4,4,True,True,True,20,10.54,2026-03-13,8200.0
LIM-04623,Lince,-12.070734374929675,-77.01912528996336,53.2,2,1,5,False,True,False,4,0.743,2026-02-24,2600.0
LIM-04624,Los Olivos,-11.971635297705681,-77.06595054988743,121.5,3,2,7,False,False,False,7,0.336,2026-05-11,3200.0
LIM-04625,Miraflores,-12.131511130429246,-77.02841015792896,55.3,2,1,10,False,False,False,17,1.407,2026-03-08,4150.0
LIM-04626,Jesús María,-12.075730960837621,-77.04545300679868,102.5,3,1,5,False,False,False,11,2.783,2026-04-04,4450.0
LIM-04627,Chorrillos,-12.164444641659227,-77.0140256472453,102.4,3,3,8,True,False,True,9,0.422,2026-06-29,5400.0
LIM-04628,Surco (Santiago de Surco),-12.149715826071567,-77.00381455548306,68.7,2,1,5,False,False,False,3,1.389,2026-07-04,2550.0
LIM-04629,Miraflores,-12.11415730089459,-77.03330314795151,71.9,2,1,14,True,True,False,16,2.157,2026-07-05,5200.0
LIM-04630,Surco (Santiago de Surco),-12.143136173502246,-77.0006905041286,172.7,5,4,3,False,True,False,26,1.637,2026-07-23,8050.0
LIM-04631,Surco (Santiago de Surco),-12.132095243023443,-76.96486291179751,73.2,1,1,13,True,True,False,34,5.475,2026-07-23,4050.0
LIM-04632,Magdalena del Mar,-12.102271975300546,-77.06345757550253,88.7,3,2,4,False,False,False,25,5.665,2026-06-18,3550.0
LIM-04633,Surco (Santiago de Surco),-12.141804203460978,-76.9929854125821,105.8,3,2,4,True,False,False,5,2.469,2026-02-27,5950.0
LIM-04634,Surco (Santiago de Surco),-12.11672286100518,-76.97860818869844,93.7,3,3,6,False,False,False,8,3.565,2026-07-13,4800.0
LIM-04635,Lince,-12.102009039086402,-77.0184237410659,39.1,1,1,5,False,False,False,9,1.087,2026-04-16,1800.0
LIM-04636,San Isidro,-12.091375605869453,-77.05326629169078,110.8,3,2,12,True,False,True,22,4.566,2026-07-23,9900.0
LIM-04637,Surco (Santiago de Surco),-12.114224107068944,-76.9976742393729,95.4,2,1,3,False,True,False,27,1.493,2026-04-19,3900.0
LIM-04638,Pueblo Libre,-12.065373736882327,-77.06329589276172,106.8,3,2,7,False,False,False,5,3.281,2026-04-29,4950.0
LIM-04639,Miraflores,-12.13707316422847,-77.02206166461221,80.8,3,2,8,True,False,False,26,0.776,2026-05-05,5900.0
LIM-04640,Barranco,-12.164778966106985,-77.02408791294351,71.5,2,2,9,False,False,False,7,0.83,2026-07-08,4500.0
LIM-04641,MIRAFLORES,-12.130119504519756,-77.03058237338105,84.5,3,1,6,False,False,False,12,1.672,2026-08-02,5400.0
LIM-04642,San Isidro,-12.095305105061762,-77.0422361859275,62.0,2,1,10,False,True,False,31,3.429,2026-04-21,4750.0
LIM-04643,Magdalena del Mar,-12.09278868767093,-77.06311277804897,128.4,3,3,5,False,True,False,4,5.36,2026-07-25,7100.0
LIM-04644,San Isidro,-12.112460358651598,-77.05402008531273,75.4,2,2,5,False,True,False,21,4.411,2026-04-22,4700.0
LIM-04645,Surco (Santiago de Surco),-12.145473089501364,-77.00012825725881,84.6,2,1,9,True,False,False,8,1.736,2026-02-18,4500.0
LIM-04646,Comas,-11.95273778984376,-77.08412411193275,143.7,4,3,2,False,True,True,15,3.157,2026-08-10,4750.0
LIM-04647,San Martín de Porres,-12.00106896169738,-77.09295567331779,97.4,3,2,5,False,True,False,9,3.693,2026-03-14,2400.0
LIM-04648,Barranco,-12.125583654512507,-77.01759387040353,64.9,2,1,6,True,False,False,3,0.304,2026-02-28,4900.0
LIM-04649,Surco (Santiago de Surco),-12.146198244787481,-76.99096614852047,108.5,3,2,7,True,True,True,14,2.729,2026-05-02,5950.0
LIM-04650,Magdalena del Mar,-12.10722349399763,-77.07945830030448,95.3,3,2,19,True,True,False,6,7.233,2026-07-24,4700.0
LIM-04651,Chorrillos,-12.188297683541725,-77.00461217824635,79.0,2,1,9,False,True,False,3,1.809,2026-05-01,2800.0
LIM-04652,Surquillo,-12.107073465145092,-77.00125148535241,87.3,2,1,13,False,True,False,2,1.058,2026-08-02,3950.0
LIM-04653,Miraflores,-12.121596099156262,-77.03023072802335,49.9,3,2,15,True,True,False,16,1.739,2026-05-06,3600.0
LIM-04654,Miraflores,-12.13185471857804,-77.02639480572327,81.6,2,1,9,False,True,True,1,1.185,2026-03-03,8800.0
LIM-04655,La Molina,-12.09115354700534,-76.95063053330668,142.1,3,2,11,False,True,False,14,6.014,2026-06-10,6550.0
LIM-04656,Chorrillos,-12.184198123611493,-77.01057734734259,100.1,3,2,4,False,True,False,5,1.02,2026-07-02,3950.0
LIM-04657,Los Olivos,-11.965349304625729,-77.0858287257603,43.0,1,1,2,False,False,False,16,2.605,2026-04-10,
LIM-04658,Miraflores,-12.088887480718444,-77.00784998228744,72.0,2,2,10,False,True,False,3,0.212,2026-05-10,6300.0
LIM-04659,Jesús María,-12.066989627131694,-77.03532017684726,54.2,2,1,3,False,False,False,5,1.495,2026-06-21,2850.0
LIM-04660,Miraflores,-12.122215862181289,-77.04378711624729,113.2,3,3,8,False,False,True,11,3.175,2026-04-30,9950.0
LIM-04661,Lince,-12.093079705849856,-77.042768221706,60.0,3,3,11,True,True,False,12,3.5,2026-06-24,2600.0
LIM-04662,San Martín de Porres,-12.015020800982619,-77.07554501483146,131.1,4,2,7,False,False,False,4,2.637,2026-07-26,4750.0
LIM-04663,Magdalena del Mar,-12.086695723223164,-77.0797590132442,52.8,1,1,6,False,False,True,16,6.081,2026-08-02,2950.0
LIM-04664,San Isidro,-12.089047749859605,-77.03016480541534,96.3,2,1,20,True,True,True,8,2.186,2026-07-13,8500.0
LIM-04665,Jesús María,-12.079193211960291,-77.0533127561642,80.2,2,2,8,False,False,False,13,3.513,2026-02-12,3700.0
LIM-04666,La Molina,-12.072239992204688,-76.92690225890256,266.4,5,4,10,True,True,False,19,8.789,2026-06-04,16700.0
LIM-04667,Surquillo,-12.114446716733378,-77.01740031608759,94.8,3,2,4,True,False,False,11,0.533,2026-06-20,3350.0
LIM-04668,Surco (Santiago de Surco),-12.125702871175259,-76.9659533384279,135.7,3,2,10,False,False,True,14,5.17,2026-05-20,6800.0
LIM-04669,Los Olivos,-11.965345635975604,-77.06426789643464,168.4,5,4,4,True,False,False,11,0.766,2026-04-29,6050.0
LIM-04670,Surco (Santiago de Surco),-12.13712563055853,-77.01119285205898,104.0,3,2,4,False,False,False,16,0.607,2026-04-19,6350.0
LIM-04671,Miraflores,-12.13255861533569,-77.00436204099832,72.6,2,2,12,False,True,True,0,1.242,2026-05-17,6050.0
LIM-04672,Surco (Santiago de Surco),-12.136746439108352,-76.98181585254156,88.7,3,2,7,True,False,False,11,3.697,2026-03-22,4650.0
LIM-04673,San Isidro,-12.087095391973262,-77.03213822849902,94.4,3,2,10,True,True,True,23,2.26,2026-03-16,10000.0
LIM-04674,Surco (Santiago de Surco),-12.141097621342793,-76.98724039852563,39.2,2,2,9,False,False,False,13,3.095,2026-05-10,2150.0
LIM-04675,Lince,-12.079823103252762,-77.04756856117541,68.1,3,3,3,True,False,False,5,3.29,2026-03-16,4200.0
LIM-04676,Miraflores,-12.134092830584288,-77.05105251332402,80.6,2,2,7,False,True,False,13,3.843,2026-07-12,6450.0
LIM-04677,Miraflores,-12.111739299966436,-77.02990099649001,71.4,2,1,11,True,True,False,16,1.872,2026-03-05,5600.0
LIM-04678,Miraflores,-12.11734470396212,-77.0128547559302,46.0,2,2,6,True,False,False,15,0.11,2026-04-14,4050.0
LIM-04679,San Isidro,-12.111625329106039,-77.03195149388077,81.0,3,2,7,False,False,False,6,2.086,2026-03-05,7850.0
LIM-04680,Los Olivos,-11.971588174282259,-77.0509899420311,53.9,2,1,7,False,False,False,10,1.297,2026-05-07,1400.0
LIM-04681,Callao,-12.045422709088179,-77.10224535060169,149.9,5,4,2,True,False,False,16,7.093,2026-06-30,5000.0
LIM-04682,San Isidro,-12.11230839048784,-77.03645269551858,78.3,2,2,16,True,True,True,10,2.535,2026-05-06,7300.0
LIM-04683,San Miguel,-12.0902514028635,-77.07859491694407,40.3,1,2,8,False,True,False,39,6.242,2026-04-16,1400.0
LIM-04684,San Miguel,-12.07823396345744,-77.07452885536973,73.0,2,1,8,False,False,False,17,5.062,2026-03-27,2700.0
LIM-04685,Comas,-11.917400031234813,-77.062962183653,126.5,4,3,2,False,False,True,11,6.082,2026-06-13,
LIM-04686,Surco (Santiago de Surco),-12.143070937008474,-76.99756530672654,100.5,3,2,12,False,False,False,10,1.975,2026-03-01,4700.0
LIM-04687,Surco (Santiago de Surco),-12.129056712004974,-76.99331459415201,70.9,2,2,8,False,False,False,5,2.365,2026-04-08,3600.0
LIM-04688,Magdalena del Mar,-12.092378375108783,-77.1046428939327,62.8,1,1,15,False,True,False,8,8.669,2026-06-08,2900.0
LIM-04689,Chorrillos,-12.181774238803186,-77.0147348171811,74.8,2,1,7,False,True,False,21,0.516,2026-05-14,2750.0
LIM-04690,Pueblo Libre,-12.071666399778582,-77.05445474420299,65.2,1,1,6,False,False,False,15,2.921,2026-04-13,2500.0
LIM-04691,Magdalena del Mar,-12.10087401594514,-77.07396586690301,52.1,1,1,3,False,False,False,19,6.776,2026-07-02,2250.0
LIM-04692,Barranco,-12.153693657481398,-77.01726390695566,68.5,2,1,10,False,True,False,7,0.289,2026-03-23,5000.0
LIM-04693,Pueblo Libre,-12.093535262833278,-77.0636217165072,48.9,2,1,10,False,True,False,17,5.46,2026-08-07,1800.0
LIM-04694,CHORRILLOS,-12.174993234818395,-77.04206426267946,111.1,3,3,8,False,False,False,10,2.691,2026-06-27,4250.0
LIM-04695,La Molina,-12.07601087792053,-76.92524886286915,155.0,5,4,4,True,True,False,4,8.887,2026-02-25,7250.0
LIM-04696,Lince,-12.084410890702644,-77.03771394616882,49.3,2,1,14,True,False,False,25,2.72,2026-04-29,2650.0
LIM-04697,La Molina,-12.07371390687013,-76.95261324153036,87.5,3,2,5,True,False,False,15,6.038,2026-06-18,6450.0
LIM-04698,magdalena del mar,-12.08853607064866,-77.05940420665857,68.1,2,2,11,False,False,True,17,4.745,2026-02-23,3550.0
LIM-04699,San Borja,-12.109014495675963,-76.98685559437847,89.1,3,3,5,True,True,False,2,2.583,2026-06-25,5800.0
LIM-04700,San Miguel,-12.084935106636083,-77.08952320972828,84.7,2,2,3,True,True,False,5,6.834,2026-03-28,4100.0
LIM-04701,Ate,-12.052235164584337,-76.9067675633228,106.7,3,2,2,True,False,False,5,11.528,2026-04-11,2400.0
LIM-04702,Magdalena del Mar,-12.113146125687244,-77.08955986002829,89.8,4,3,4,False,False,False,6,8.247,2026-08-05,5400.0
LIM-04703,Surco (Santiago de Surco),-12.13820494668118,-76.99597073248825,156.2,4,2,3,False,False,False,24,2.186,2026-05-03,7550.0
LIM-04704,La Molina,-12.08504801489723,-76.92966259068652,112.1,3,2,4,False,False,False,5,8.301,2026-05-27,5400.0
LIM-04705,Miraflores,-12.10051494682641,-77.03752570182955,49.4,2,2,3,False,False,True,14,2.963,2026-05-03,3200.0
LIM-04706,Surco (Santiago de Surco),-12.128660156120652,-77.00697999965993,56.8,2,2,3,False,False,True,14,0.912,2026-06-10,2300.0
LIM-04707,San Isidro,-12.107578247761657,-77.03575675256596,143.5,4,3,20,True,True,False,6,2.639,2026-03-18,13850.0
LIM-04708,La Molina,-12.104072419306226,-76.94397531586682,129.5,3,2,8,False,False,False,26,6.938,2026-03-04,4850.0
LIM-04709,Miraflores,-12.123578625046456,-77.02162913480191,80.1,3,2,9,True,False,True,10,0.779,2026-05-22,
LIM-04710,Surco (Santiago de Surco),-12.125258826638067,-77.01153782924688,109.7,3,2,8,True,False,False,22,0.358,2026-05-24,6000.0
LIM-04711,Surquillo,-12.117347396040332,-77.04809252124481,68.4,2,1,4,False,True,True,9,3.728,2026-06-10,2700.0
LIM-04712,Barranco,-12.142896189899933,-77.01034521687073,80.4,3,2,8,False,True,False,7,0.591,2026-07-22,4700.0
LIM-04713,Jesús María,-12.075773505391027,-77.06199578367847,71.0,1,1,5,False,False,False,2,3.824,2026-04-09,3250.0
LIM-04714,Los Olivos,-11.960295994783413,-77.07881988433418,123.3,4,3,6,True,False,False,12,2.173,2026-04-13,4100.0
LIM-04715,Jesús María,-12.09276709627247,-77.07519882578346,67.6,2,2,10,False,False,False,28,6.175,2026-03-28,2700.0
LIM-04716,Miraflores,-12.101849814558246,-77.01712504781568,56.2,2,2,3,False,False,False,16,0.97,2026-02-19,4950.0
LIM-04717,Surco (Santiago de Surco),-12.148349801378684,-76.99079594131113,55.3,2,2,5,False,False,False,16,2.798,2026-07-01,3450.0
LIM-04718,Jesús María,-12.064075212043244,-77.04527766547139,74.1,2,2,4,True,False,False,22,1.631,2026-04-28,3350.0
LIM-04719,San Borja,-12.111566207936027,-76.99495853898972,135.0,4,3,6,False,False,False,16,1.713,2026-06-02,8900.0
LIM-04720,Miraflores,-12.122489934804403,-77.05412194584838,64.8,1,1,7,True,False,True,5,4.29,2026-07-17,5200.0
LIM-04721,Magdalena del Mar,-12.09839322287164,-77.0875219918609,50.2,2,2,8,False,True,False,9,7.569,2026-03-12,2000.0
LIM-04722,San Borja,-12.105232744979382,-77.00402072532535,98.6,2,1,8,True,True,False,16,0.871,2026-03-08,6500.0
LIM-04723,Surco (Santiago de Surco),-12.12950970548063,-77.00398491325365,77.1,2,2,4,False,False,False,25,1.25,2026-07-08,
LIM-04724,Jesús María,-12.060899661858125,-77.05225813859576,131.3,4,3,17,True,True,True,11,1.986,2026-06-23,9250.0
LIM-04725,San Isidro,-12.080304613408833,-77.03374560356785,119.9,4,2,4,True,True,True,19,2.207,2026-04-27,11150.0
LIM-04726,Surco (Santiago de Surco),-12.131018141438679,-76.98292274020494,63.3,3,2,10,False,False,False,6,3.516,2026-07-05,3150.0
LIM-04727,Surquillo,-12.09413590912998,-77.03526244832449,61.5,1,2,4,False,False,False,36,2.677,2026-05-31,1800.0
LIM-04728,Barranco,-12.148284329486131,-77.02150602464158,55.0,2,2,7,False,True,True,16,0.633,2026-03-11,4100.0
LIM-04729,Jesús María,-12.060670715652966,-77.04046147585292,55.2,3,2,8,False,False,True,14,1.03,2026-03-11,
LIM-04730,La Molina,-12.081655363925126,-76.95628899803967,108.0,3,2,2,False,False,False,16,5.456,2026-03-29,4200.0
LIM-04731,Surco (Santiago de Surco),-12.141590455577104,-76.99731399328522,123.4,3,2,8,True,True,False,45,1.999,2026-04-19,6000.0
LIM-04732,San Martín de Porres,-11.996725190147442,-77.07500137461416,87.7,3,2,7,False,False,False,5,1.721,2026-03-07,2400.0
LIM-04733,Surco (Santiago de Surco),-12.12896193746989,-76.99486549368625,80.5,3,2,12,False,True,True,4,2.197,2026-03-20,5300.0
LIM-04734,Barranco,-12.14978637757683,-77.01330962687321,34.6,1,1,6,True,False,False,9,0.381,2026-04-12,2250.0
LIM-04735,san martín de porres,-11.99394572178403,-77.07946362223541,72.7,2,1,6,True,True,False,4,2.239,2026-07-30,2100.0
LIM-04736,San Miguel,-12.067015644488079,-77.09654235047597,93.1,2,2,10,True,False,False,1,6.76,2026-04-04,4000.0
LIM-04737,Lince,-12.085380477703952,-77.04737251705836,44.3,2,1,10,False,True,True,19,3.765,2026-04-09,1900.0
LIM-04738,San Isidro,-12.132526652024191,-77.03373397732304,128.1,3,3,11,True,True,False,16,1.966,2026-06-05,11000.0
LIM-04739,Miraflores,-12.10096075818208,-77.02820032667009,62.2,1,1,16,True,True,True,24,1.987,2026-03-07,5050.0
LIM-04740,Lince,-12.088671097162644,-77.04521398433367,72.3,1,1,18,False,True,False,2,3.64,2026-07-13,3050.0
LIM-04741,Barranco,-12.159279362649988,-77.01441533010185,61.6,1,1,8,False,True,True,24,0.413,2026-03-16,4050.0
LIM-04742,Barranco,-12.162889323547834,-77.00618491792392,48.0,2,1,6,True,True,True,10,1.18,2026-07-24,4300.0
LIM-04743,San Miguel,-12.081437350828004,-77.10072111681556,89.8,2,2,6,True,False,False,16,7.723,2026-08-10,3750.0
LIM-04744,Surco (Santiago de Surco),-12.141752973975803,-77.00373158573134,78.5,3,2,5,False,False,False,24,1.301,2026-06-30,4100.0
LIM-04745,San Isidro,-12.106044113566616,-77.04586978268306,65.1,3,2,8,True,False,True,21,3.72,2026-06-07,4700.0
LIM-04746,San Isidro,-12.105385515238135,-77.05684393862624,39.7,1,1,20,False,True,True,21,4.876,2026-07-22,3850.0
LIM-04747,Magdalena del Mar,-12.089143086111282,-77.0516462197575,118.3,2,2,5,False,False,False,16,4.322,2026-03-31,5500.0
LIM-04748,Jesús María,-12.049235638707964,-77.05438662456619,80.2,2,1,5,False,False,False,23,2.009,2026-03-16,3150.0
LIM-04749,Chorrillos,-12.164853140823821,-77.02840145012898,116.8,3,2,4,True,False,False,5,1.279,2026-04-21,5050.0
LIM-04750,Miraflores,-12.107628821782946,-77.04292130056386,91.5,3,2,11,True,False,False,3,3.358,2026-05-05,9300.0
LIM-04751,Miraflores,-12.12562892037736,-77.03405560959672,106.9,3,2,12,False,True,False,2,2.093,2026-03-20,7450.0
LIM-04752,San Borja,-12.107044015613393,-77.00694251239996,75.1,2,2,14,False,True,False,25,0.495,2026-05-18,3300.0
LIM-04753,Surco (Santiago de Surco),-12.129882211149237,-76.97774312175888,61.2,2,1,4,True,False,True,2,4.055,2026-02-17,3850.0
LIM-04754,Magdalena del Mar,-12.103414694723712,-77.09068485379277,99.6,2,1,12,False,False,True,16,8.202,2026-06-03,3900.0
LIM-04755,san martín de porres,-12.00400876084659,-77.09906241077546,93.8,3,2,2,False,False,True,3,4.396,2026-07-08,2400.0
LIM-04756,San Borja,-12.098045376500004,-76.99197859101255,77.5,2,1,4,True,False,False,23,1.817,2026-03-29,5650.0
LIM-04757,La Molina,-12.0737164869388,-76.94648647795572,139.5,5,4,6,True,False,False,3,6.68,2026-06-03,7700.0
LIM-04758,Comas,-11.942191076765816,-77.06467533803534,104.8,3,2,2,False,True,False,2,3.331,2026-07-31,2100.0
LIM-04759,San Isidro,-12.111541886169345,-77.02998436504434,104.3,4,2,12,False,False,True,3,1.888,2026-03-24,10800.0
LIM-04760,Callao,-12.060147103798611,-77.11645946035246,61.3,1,1,3,False,False,False,2,8.77,2026-07-22,1800.0
LIM-04761,San Borja,-12.12559597361407,-76.99916181104231,123.1,4,3,12,False,True,False,6,1.7,2026-05-26,9750.0
LIM-04762,San Borja,-12.107397571081982,-77.01546775322308,89.9,3,3,10,True,True,False,16,0.588,2026-02-22,5150.0
LIM-04763,San Martín de Porres,-11.995835162664743,-77.10061714179606,127.4,4,3,6,False,True,True,34,4.509,2026-04-16,3400.0
LIM-04764,San Borja,-12.111548525052454,-77.00700514057549,122.7,4,3,9,False,False,False,5,0.442,2026-07-19,9050.0
LIM-04765,Magdalena del Mar,-12.092599465331402,-77.08871237929078,97.2,3,2,7,False,False,False,7,7.252,2026-05-10,4350.0
LIM-04766,Surco (Santiago de Surco),-12.129997185130994,-76.99176953041773,91.7,3,2,5,False,False,False,30,2.549,2026-07-04,
LIM-04767,Lince,-12.082017655485116,-77.05488457892851,85.3,2,2,5,True,False,True,11,3.87,2026-06-04,4250.0
LIM-04768,Jesús María,-12.088018363507564,-77.05436592111523,114.1,3,2,5,False,False,False,31,4.426,2026-07-17,4350.0
LIM-04769,Barranco,-12.152439171906153,-77.02347689829998,85.0,2,2,12,True,False,True,4,0.771,2026-05-23,6850.0
LIM-04770,Pueblo Libre,-12.068681884260805,-77.06357586335439,80.0,2,1,7,True,False,False,9,3.484,2026-07-18,4100.0
LIM-04771,Lince,-12.066155458744328,-77.02851242884748,85.4,2,1,5,False,True,False,3,0.937,2026-04-21,4200.0
LIM-04772,La Molina,-12.090063109002864,-76.9491184823219,1266.7,3,2,7,True,False,False,9,6.175,2026-04-03,5050.0
LIM-04773,San Isidro,-12.090589917594624,-77.04470990404752,138.0,3,3,17,False,True,False,10,3.665,2026-02-24,10250.0
LIM-04774,Magdalena del Mar,-12.084962177056914,-77.0607662381946,45.5,1,1,1,False,False,False,12,4.5,2026-03-19,1950.0
LIM-04775,San Isidro,-12.099559532380471,-77.04054039226254,85.9,3,2,10,False,False,False,20,3.271,2026-04-17,6650.0
LIM-04776,San Isidro,-12.083419107030153,-77.01967043558935,74.6,1,1,10,True,False,True,28,0.901,2026-04-23,6550.0
LIM-04777,LA MOLINA,-12.07237391402283,-76.94910152699333,89.6,3,2,5,False,False,False,4,6.447,2026-08-09,4800.0
LIM-04778,San Isidro,-12.080635383191266,-77.03689523595924,93.7,2,2,5,False,False,False,14,2.551,2026-05-29,7400.0
LIM-04779,Surco (Santiago de Surco),-12.129498813972173,-76.99666496817002,66.3,3,2,5,True,False,False,21,2.016,2026-03-14,3100.0
LIM-04780,Lince,-12.05677835300411,-77.0305253766964,135.4,4,3,4,False,False,False,9,0.689,2026-06-29,6650.0
LIM-04781,Surco (Santiago de Surco),-12.142383397353171,-77.00003817833876,61.6,2,2,7,True,True,False,3,1.703,2026-03-06,3650.0
LIM-04782,Comas,-11.917511068965853,-77.06084638031506,70.1,2,2,2,True,False,False,22,6.074,2026-07-20,1350.0
LIM-04783,San Martín de Porres,-11.989680406136099,-77.06223023168086,64.4,3,3,4,False,False,True,7,0.93,2026-06-10,2100.0
LIM-04784,Jesús María,-12.05751535200368,-77.03641377852331,85.2,3,2,14,True,False,True,29,0.569,2026-04-19,4500.0
LIM-04785,Ate,-12.050240453054501,-76.90333113987656,127.3,4,3,2,False,False,False,2,11.802,2026-02-15,2850.0
LIM-04786,Chorrillos,-12.164566303564435,-77.03420316686193,97.0,3,2,9,False,False,False,16,1.892,2026-04-05,3700.0
LIM-04787,Surco (Santiago de Surco),-12.117876310036028,-77.00916143930041,152.2,4,2,6,False,True,False,32,0.505,2026-05-19,6950.0
LIM-04788,San Miguel,-12.090448303724687,-77.09018698892692,59.9,2,2,2,False,False,True,5,7.236,2026-03-01,2700.0
LIM-04789,Miraflores,-12.123059915381786,-77.02015114489453,92.6,2,1,14,False,False,True,17,0.652,2026-02-24,6400.0
LIM-04790,Lince,-12.110795032258775,-77.03952962662929,61.7,1,1,10,True,True,False,3,2.901,2026-05-05,3000.0
LIM-04791,San Borja,-12.11043999572219,-77.00697101836506,96.8,3,2,5,False,False,False,7,0.403,2026-08-09,8200.0
LIM-04792,San Isidro,-12.106992098321522,-77.01997388396792,121.2,3,3,12,True,True,False,9,1.063,2026-06-18,12550.0
LIM-04793,Surco (Santiago de Surco),-12.1376132122556,-76.98676947999896,55.3,1,1,6,False,False,False,14,3.172,2026-05-12,2450.0
LIM-04794,Callao,-12.021516279708743,-77.10540415983124,160.7,4,3,5,False,False,False,18,5.691,2026-06-29,3650.0
LIM-04795,Surco (Santiago de Surco),-12.114386357918434,-77.0002974007012,90.7,2,2,5,False,False,True,5,1.235,2026-07-10,5100.0
LIM-04796,Miraflores,-12.138373370440409,-77.03564024704778,44.9,2,1,6,True,False,True,3,2.205,2026-04-15,3650.0
LIM-04797,Miraflores,-12.114431140380807,-77.01801331274403,60.1,2,1,5,True,False,False,20,0.585,2026-07-07,4600.0
LIM-04798,Magdalena del Mar,-12.085912826955289,-77.07885271032306,80.6,2,1,12,False,True,False,6,5.95,2026-08-08,3500.0
LIM-04799,Chorrillos,-12.178754765040456,-77.02543028435271,65.7,2,2,3,False,True,False,31,0.866,2026-05-29,2350.0
LIM-04800,San Miguel,-12.075260308762099,-77.10375835723661,40.5,2,1,7,False,False,False,6,7.774,2026-04-16,1500.0
LIM-04801,Magdalena del Mar,-12.092188213511019,-77.08183554167567,80.5,3,2,4,False,False,True,2,6.648,2026-05-16,3600.0
LIM-04802,Barranco,-12.165559336474342,-77.0108989973825,55.6,1,1,20,True,True,False,22,0.772,2026-02-21,4000.0
LIM-04803,San Isidro,-12.109575952249035,-77.05481597828073,104.7,3,2,6,False,False,False,10,4.55,2026-03-08,7700.0
LIM-04804,Magdalena del Mar,-12.093432439378708,-77.06815137037987,55.4,1,1,4,False,False,False,31,5.735,2026-02-21,1900.0
LIM-04805,Surquillo,-12.113507169664217,-77.02599862510495,134.0,3,2,11,False,False,True,13,1.406,2026-02-22,5850.0
LIM-04806,Pueblo Libre,-12.082102752585008,-77.06562360473745,88.4,2,1,5,False,True,False,9,4.598,2026-05-01,3850.0
LIM-04807,La Molina,-12.096332513678247,-76.94695494696741,117.1,3,2,4,False,True,False,31,6.461,2026-03-07,5050.0
LIM-04808,Jesús María,-12.074677350996055,-77.05164893845965,97.7,3,2,6,True,True,False,14,2.993,2026-05-19,5400.0
LIM-04809,Magdalena del Mar,-12.0848661885642,-77.07914553155898,43.5,1,1,4,False,False,False,10,5.903,2026-07-22,1700.0
LIM-04810,Jesús María,-12.074517829251363,-77.0543322712061,68.2,2,1,20,False,True,True,9,3.152,2026-06-23,3950.0
LIM-04811,San Borja,-12.088827230032372,-77.00545710208729,159.2,5,3,3,False,False,False,20,0.052,2026-05-13,7900.0
LIM-04812,Lince,-12.093449846571952,-77.01746271743642,61.4,3,2,8,False,False,True,6,0.78,2026-06-17,3050.0
LIM-04813,San Borja,-12.105982682382542,-76.99829940820716,88.2,3,2,15,True,True,False,35,1.4,2026-06-07,5850.0
LIM-04814,Callao,-12.060851545149248,-77.1196113795187,73.2,2,2,6,False,True,True,8,9.119,2026-06-13,2150.0
LIM-04815,La Molina ,-12.079744468643042,-76.95293583266823,175.8,5,4,5,False,True,False,4,5.85,2026-07-16,10150.0
LIM-04816,San Isidro,-12.106579054586703,-77.04159532585356,78.6,2,1,16,False,True,False,3,3.265,2026-04-18,5050.0
LIM-04817,Barranco,-12.126271226952074,-77.02909405450033,46.9,1,1,9,False,False,True,19,1.555,2026-03-30,3500.0
LIM-04818,San Borja,-12.128587348836913,-76.98941586993702,205.4,5,4,10,False,True,False,27,2.778,2026-07-13,11950.0
LIM-04819,San Borja,-12.087714237123837,-77.00764318903765,58.0,2,2,11,False,True,False,18,0.237,2026-07-02,4000.0
LIM-04820,San Borja,-12.107220138370694,-77.02555495045978,87.2,3,2,4,False,False,False,20,1.649,2026-07-22,4900.0
LIM-04821,Pueblo Libre,-12.066970905019037,-77.06240030355043,57.3,1,1,8,False,False,False,18,3.278,2026-08-04,1700.0
LIM-04822,Surco (Santiago de Surco),-12.118985701162897,-76.99835268993084,75.9,2,1,10,False,True,False,13,1.685,2026-02-26,2900.0
LIM-04823,Lince,-12.074808062058008,-77.04032945860169,48.4,1,1,6,False,False,False,12,2.484,2026-07-29,1850.0
LIM-04824,Pueblo Libre,-12.082360322653518,-77.05216132656064,63.1,2,1,4,False,True,False,5,3.756,2026-06-27,3400.0
LIM-04825,La Molina,-12.07959892533685,-76.97800223523657,150.7,4,3,6,True,False,False,25,3.208,2026-06-30,7750.0
LIM-04826,La Molina,-12.064390312328385,-76.92628507122036,59.9,2,1,16,False,False,False,36,9.079,2026-05-03,3250.0
LIM-04827,Miraflores,-12.13174750054593,-77.01674386687462,112.3,4,3,11,True,True,True,7,0.265,2026-04-04,9900.0
LIM-04828,La Molina,-12.061378857865673,-76.95273663915833,155.8,4,3,7,True,False,False,3,6.546,2026-07-23,10550.0
LIM-04829,Surquillo,-12.110071570168376,-77.0229094112602,1050.9,2,1,3,False,True,False,12,1.304,2026-04-19,3150.0
LIM-04830,San Martín de Porres,-12.004098733263044,-77.07454735658246,93.7,3,2,7,False,True,False,17,1.823,2026-06-25,2050.0
LIM-04831,Jesús María,-12.0843194726153,-77.04262540812192,87.4,3,1,8,False,True,False,24,3.236,2026-06-03,2800.0
LIM-04832,Surco (Santiago de Surco),-12.1376794448929,-77.00260658229087,149.8,4,2,5,True,True,False,39,1.484,2026-05-15,9200.0
LIM-04833,Lince,-12.108563339972847,-77.05270132104637,38.9,1,1,4,False,False,False,16,4.35,2026-02-26,1350.0
LIM-04834,San Miguel,-12.082382933628706,-77.06743568734558,98.4,3,2,3,False,False,True,13,4.759,2026-06-08,5000.0
LIM-04835,Surco (Santiago de Surco),-12.138155126926268,-76.98352651140078,74.8,3,2,9,False,False,False,15,3.524,2026-04-09,3300.0
LIM-04836,Surquillo,-12.127592963789349,-77.01561776366047,84.7,3,3,2,False,False,False,1,0.228,2026-07-07,4500.0
LIM-04837,San Isidro,-12.088225857661149,-77.03459069700912,69.8,2,1,13,False,False,False,5,2.555,2026-04-16,
LIM-04838,San Isidro,-12.099825195453473,-77.02924419565804,951.7,3,1,4,False,True,True,14,2.065,2026-05-17,10200.0
LIM-04839,Miraflores,-12.128729534535374,-77.02050724056745,45.7,1,1,8,False,True,False,18,0.706,2026-05-16,3550.0
LIM-04840,Miraflores,-12.125004007220824,-77.05443640012984,43.6,2,1,15,False,False,True,11,4.31,2026-07-11,4000.0
LIM-04841,Los Olivos,-11.964638710320209,-77.07571046375239,84.9,3,2,1,False,False,False,22,1.622,2026-06-20,2700.0
LIM-04842,La Molina,-12.085921345474397,-76.95065795947446,174.1,5,4,13,True,False,True,15,6.016,2026-07-10,
LIM-04843,Surco (Santiago de Surco),-12.143411701057051,-76.99693721590202,112.8,3,2,5,True,True,True,16,2.046,2026-07-18,6650.0
LIM-04844,La Molina,-12.085292158311514,-76.9359504726823,130.3,4,3,6,False,False,False,15,7.617,2026-05-12,5350.0
LIM-04845,La Molina,-12.087408111490795,-76.9666809623695,144.9,5,4,5,False,False,False,24,4.268,2026-06-27,7300.0
LIM-04846,Surco (Santiago de Surco),-12.148673570677786,-77.01118970862676,83.7,2,1,5,False,True,False,13,0.642,2026-06-11,4100.0
LIM-04847,Miraflores,-12.124562056322087,-77.03758094043842,91.2,2,1,6,False,True,False,12,2.48,2026-03-02,7850.0
LIM-04848,Lince,-12.07814794075495,-77.0314478584824,56.5,2,2,10,True,False,True,12,1.941,2026-04-22,3700.0
LIM-04849,Miraflores,-12.114234340881243,-77.01941449263991,67.8,1,1,12,False,False,False,11,0.722,2026-06-04,4900.0
LIM-04850,San Miguel,-12.080159571988842,-77.07322411896526,73.4,2,1,3,False,False,False,19,5.073,2026-06-14,2750.0
LIM-04851,Miraflores,-12.112978726462568,-77.0328362503986,63.0,1,1,11,False,False,False,12,2.135,2026-05-25,5450.0
LIM-04852,Pueblo Libre,-12.085359465963815,-77.0531342290845,73.4,2,1,6,False,False,False,13,4.102,2026-06-06,2550.0
LIM-04853,Surquillo,-12.12608785405832,-77.00897805026081,59.9,2,2,4,False,False,False,11,0.634,2026-04-16,2500.0
LIM-04854,Miraflores,-12.124115059559525,-77.02289997018715,59.8,1,1,11,False,False,True,11,0.898,2026-06-15,4300.0
LIM-04855,San Isidro,-12.079229206366955,-77.03699137127805,81.3,2,2,9,True,True,False,4,2.548,2026-03-22,8350.0
LIM-04856,Callao,-12.05464098048154,-77.12289438326128,89.3,2,1,7,False,False,False,2,9.4,2026-04-20,2250.0
LIM-04857,Magdalena del Mar,-12.098804389715989,-77.08848479196723,54.9,2,1,4,True,True,False,7,7.678,2026-04-22,2150.0
LIM-04858,Jesús María,-12.055070343985522,-77.06257911439347,91.4,2,1,9,True,False,False,19,2.884,2026-06-15,4900.0
LIM-04859,San Isidro,-12.100643261222443,-77.03253501811803,72.6,1,1,4,True,False,False,27,2.434,2026-04-15,5150.0
LIM-04860,Surco (Santiago de Surco),-12.108183201152569,-76.99565307012338,101.2,2,2,7,False,True,False,5,1.634,2026-03-18,6750.0
LIM-04861,San Borja,-12.114435397483449,-77.00358608853408,72.7,2,2,7,True,False,False,6,0.927,2026-06-13,5800.0
LIM-04862,Los Olivos,-11.981040744751015,-77.06352229648444,123.2,4,3,3,False,False,False,20,0.996,2026-05-12,3750.0
LIM-04863,Surco (Santiago de Surco),-12.136996343698222,-76.99740587000507,129.0,4,2,9,False,False,False,4,2.018,2026-06-13,5550.0
LIM-04864,San Miguel,-12.080389011130045,-77.10375814984542,55.8,3,3,8,False,True,False,11,7.978,2026-05-29,2550.0
LIM-04865,Lince,-12.094792639716193,-77.03649797682836,80.4,2,2,4,False,False,False,4,2.807,2026-07-15,3400.0
LIM-04866,Miraflores,-12.089876311062099,-77.0195524418335,119.1,3,2,8,False,True,False,27,1.166,2026-07-30,11150.0
LIM-04867,Surco (Santiago de Surco),-12.131176481186337,-77.00728215902612,70.1,2,2,8,True,True,True,19,0.964,2026-08-06,4800.0
LIM-04868,Barranco,-12.143829005115942,-77.01888867818955,53.0,1,1,4,True,True,True,9,0.402,2026-04-11,5350.0
LIM-04869,Magdalena del Mar,-12.101042551205643,-77.07636510893272,98.7,3,2,5,False,True,False,9,6.952,2026-07-10,5000.0
LIM-04870,Jesús María,-12.080532032616942,-77.05812971869643,52.7,2,1,5,True,False,False,19,3.933,2026-03-20,2850.0
LIM-04871,Magdalena del Mar,-12.083193299731388,-77.07922022624447,60.8,2,1,5,False,False,True,19,5.797,2026-04-22,3150.0
LIM-04872,Barranco,-12.169510101271078,-77.04026019610535,50.6,1,1,12,False,False,True,5,2.648,2026-03-01,3400.0
LIM-04873,Pueblo Libre,-12.087314373673486,-77.06178431767012,95.3,2,2,8,True,False,False,8,4.776,2026-02-17,5200.0
LIM-04874,Jesús María,-12.076567702067292,-77.06537679580077,64.1,1,1,4,True,False,False,1,4.158,2026-06-16,2550.0
LIM-04875,San Borja,-12.092087432332388,-76.98573075339333,82.2,2,2,8,False,False,False,25,2.22,2026-07-04,5300.0
LIM-04876,San Borja,-12.112794203675634,-76.99970366907641,70.8,2,2,2,False,False,True,25,1.234,2026-05-16,5150.0
LIM-04877,Barranco,-12.144406181312709,-77.02826176387883,101.1,3,2,9,False,False,False,12,1.392,2026-04-13,6950.0
LIM-04878,Lince,-12.084767255847343,-77.01937328806332,51.7,1,1,8,True,False,False,15,0.989,2026-05-09,2200.0
LIM-04879,La Molina,-12.071244899044759,-76.9575821861307,70.1,2,1,4,False,False,False,8,5.612,2026-06-13,2950.0
LIM-04880,Surco (Santiago de Surco),-12.154016676218555,-77.00397219487003,59.8,1,1,2,False,True,False,6,1.397,2026-05-25,3400.0
LIM-04881,Miraflores,-12.112268441555328,-77.05135095994437,93.6,2,2,20,False,True,True,5,4.127,2026-05-23,8350.0
LIM-04882,Jesús María,-12.075986787156912,-77.03328592434801,102.2,3,2,4,True,False,True,2,2.147,2026-07-12,4600.0
LIM-04883,Jesús María,-12.062501389672969,-77.02652561164089,119.3,3,3,6,False,True,False,7,0.477,2026-07-20,6150.0
LIM-04884,Surco (Santiago de Surco),-12.144831385273203,-77.01508312773831,63.5,2,1,8,False,True,False,6,0.322,2026-03-19,2850.0
LIM-04885,Chorrillos,-12.174407283161646,-77.0278892692874,76.2,2,1,4,False,False,True,15,1.198,2026-05-29,2750.0
LIM-04886,Chorrillos,-12.175930080530952,-77.01726223702191,178.3,5,3,5,True,False,False,35,0.232,2026-05-25,
LIM-04887,Miraflores,-12.133129225655845,-77.0355883296441,68.1,1,1,10,False,False,True,9,2.164,2026-08-10,5350.0
LIM-04888,Pueblo Libre,-12.088964956155364,-77.06347578007372,62.6,1,2,4,True,False,False,3,5.033,2026-02-20,2500.0
LIM-04889,La Molina,-12.093764936342358,-76.94661117530052,109.3,3,2,5,True,False,False,5,6.468,2026-08-06,7650.0
LIM-04890,Comas,-11.941440826452059,-77.05710937767786,112.6,3,2,2,False,False,False,5,3.467,2026-03-20,2050.0
LIM-04891,Barranco,-12.158482946691654,-77.03293158592744,82.5,2,1,10,False,False,True,19,1.775,2026-02-26,6100.0
LIM-04892,Surco (Santiago de Surco),-12.138960882756333,-76.99268808419707,78.0,2,1,9,False,False,False,21,2.524,2026-07-23,4100.0
LIM-04893,Magdalena del Mar,-12.118129568253803,-77.0890935290749,64.7,2,1,4,True,True,False,15,8.121,2026-03-11,2600.0
LIM-04894,Surco (Santiago de Surco),-12.139447799045804,-76.99994229499238,86.4,2,1,4,False,True,False,4,1.736,2026-03-27,4150.0
LIM-04895,Pueblo Libre,-12.0613169602405,-77.08394101593012,59.4,2,2,7,True,True,False,22,5.285,2026-06-17,2600.0
LIM-04896,Magdalena del Mar,-12.087037836088358,-77.08055457829742,52.5,1,1,9,True,True,False,3,6.172,2026-07-26,2150.0
LIM-04897,Barranco,-12.150443063244326,-77.0282728509949,124.8,4,2,12,False,False,True,13,1.283,2026-06-06,8650.0
LIM-04898,San Borja,-12.10537616729983,-76.98727704771913,79.0,2,1,5,True,False,False,18,2.581,2026-06-13,3600.0
LIM-04899,Los Olivos,-11.978839124747129,-77.07221112086783,78.7,2,1,5,False,False,False,11,1.26,2026-02-19,2150.0
LIM-04900,Surquillo,-12.095206735800502,-77.01602996120275,58.7,2,2,12,False,True,False,11,0.583,2026-05-12,2300.0
LIM-04901,San Borja,-12.083486849921833,-76.99886942434196,87.7,3,3,6,True,True,True,6,0.98,2026-07-09,7350.0
LIM-04902,Surco (Santiago de Surco),-12.133022116431528,-77.02054930613288,109.2,3,1,9,False,False,False,4,0.536,2026-07-16,5500.0
LIM-04903,Miraflores,-12.090011769967262,-77.05336335512206,64.6,2,1,10,True,True,False,28,4.528,2026-06-10,4600.0
LIM-04904,Los Olivos,-11.977062188458424,-77.07532413160057,126.7,3,2,14,True,False,False,11,1.46,2026-02-20,3700.0
LIM-04905,Pueblo Libre,-12.088612950880828,-77.05975728014192,90.8,2,1,2,False,False,False,10,4.772,2026-04-03,2150.0
LIM-04906,Jesús María,-12.08211548504913,-77.05181838231265,75.3,2,1,7,True,False,False,27,3.715,2026-08-04,3050.0
LIM-04907,Los Olivos,-11.9715338831809,-77.0818687076992,71.1,2,1,9,False,False,False,2,2.064,2026-05-04,1700.0
LIM-04908,Miraflores,-12.093355201385565,-77.03228375743238,106.1,3,3,6,False,False,False,34,2.362,2026-02-21,7850.0
LIM-04909,Lince,-12.088473909528872,-77.03722502640854,64.6,2,1,9,False,False,False,10,2.825,2026-04-10,2300.0
LIM-04910,Barranco,-12.159715869753649,-77.01205196101341,47.0,1,1,6,False,True,False,12,0.595,2026-07-28,3550.0
LIM-04911,Miraflores,-12.13188150631493,-77.0207237602176,104.0,4,3,4,True,False,False,6,0.59,2026-07-31,9800.0
LIM-04912,Magdalena del Mar,-12.08181973465548,-77.08234097433171,61.8,2,1,5,False,False,True,9,5.99,2026-05-30,3150.0
LIM-04913,La Molina,-12.074832379020291,-76.9457990910462,145.2,4,3,4,False,False,False,3,6.722,2026-07-28,9650.0
LIM-04914,Callao,-12.062425738236243,-77.11478560856568,38.0,1,1,7,False,False,False,13,8.618,2026-06-27,700.0
LIM-04915,Surco (Santiago de Surco),-12.157509409392926,-76.98990426725472,84.4,3,1,18,True,True,False,25,2.975,2026-05-07,3950.0
LIM-04916,Surquillo,-12.12824312253651,-76.99766882291051,94.2,3,2,4,False,False,True,10,1.884,2026-03-21,4050.0
LIM-04917,San Miguel,-12.056745073950006,-77.0931377715761,78.1,2,1,4,False,True,False,13,6.21,2026-04-30,2800.0
LIM-04918,Lince,-12.076834305385407,-77.01927506234952,82.3,2,1,2,True,False,False,11,0.628,2026-02-20,3850.0
LIM-04919,San Martín de Porres,-11.998114463493302,-77.09452099693172,67.4,2,1,7,False,False,False,22,3.842,2026-02-28,1500.0
LIM-04920,La Molina,-12.064374001922188,-76.9528520858946,122.9,4,3,14,True,False,False,7,6.385,2026-05-20,6100.0
LIM-04921,La Molina,-12.063300084726261,-76.97082989300414,110.1,2,1,9,True,False,False,22,4.726,2026-08-05,5900.0
LIM-04922,Miraflores,-12.121531275223536,-77.02758432151988,81.1,1,1,7,True,False,False,7,1.465,2026-05-02,5750.0
LIM-04923,Surco (Santiago de Surco),-12.13521086112638,-76.9872297125417,182.4,5,4,8,True,True,False,13,3.098,2026-06-27,11600.0
LIM-04924,Los Olivos,-11.975884560185344,-77.10216462131696,133.6,3,2,7,True,False,False,13,4.292,2026-03-02,4200.0
LIM-04925,Magdalena del Mar,-12.098915239449822,-77.0734405635889,100.5,3,2,6,True,True,False,24,6.569,2026-05-09,5550.0
LIM-04926,Surco (Santiago de Surco),-12.1528358997096,-76.98774947583323,122.9,4,3,9,False,False,False,30,3.131,2026-06-18,7250.0
LIM-04927,Barranco,-12.167284636514209,-77.01483314884393,52.3,1,1,7,True,False,False,7,0.633,2026-03-18,2900.0
LIM-04928,Magdalena del Mar,-12.116171906426871,-77.09005033344042,67.1,1,1,3,False,False,False,10,8.249,2026-03-25,3400.0
LIM-04929,PUEBLO LIBRE,-12.060587955916967,-77.0538225603229,45.9,1,1,9,False,False,False,28,2.122,2026-04-15,1800.0
LIM-04930,Surco (Santiago de Surco),-12.153736826674951,-76.99488834603137,63.3,3,2,7,False,False,False,9,2.366,2026-08-08,3350.0
LIM-04931,San Miguel,-12.054000452415528,-77.085707548573,58.7,3,2,6,True,False,True,4,5.387,2026-03-21,3400.0
LIM-04932,Jesús María ,-12.082364534694394,-77.05051029469017,79.3,2,2,10,False,True,False,33,3.677,2026-07-17,4250.0
LIM-04933,Surquillo,-12.093851801118609,-77.01292755159534,43.9,2,2,3,True,False,False,20,0.325,2026-04-06,1700.0
LIM-04934,Barranco,-12.153780652114385,-77.00808917039951,69.1,2,2,6,False,True,False,11,0.958,2026-04-19,7350.0
LIM-04935,Jesús María,-12.092394241251046,-77.05144826464924,76.2,2,2,13,False,True,False,6,4.42,2026-05-22,3100.0
LIM-04936,Miraflores,-12.105694653223214,-77.02599074229323,52.2,1,1,10,False,True,False,5,1.732,2026-05-23,3700.0
LIM-04937,Surco (Santiago de Surco),-12.1181776124684,-76.98000277565693,154.8,5,4,10,False,True,False,5,3.457,2026-03-22,10000.0
LIM-04938,Pueblo Libre,-12.084472612003205,-77.06469876197772,49.1,1,1,6,False,False,False,18,4.725,2026-07-05,1700.0
LIM-04939,Jesús María,-12.07757982719917,-77.06250475398502,114.4,3,3,8,True,True,True,25,4.003,2026-07-09,6300.0
LIM-04940,Miraflores,-12.131969551238733,-77.02128748251012,36.5,1,1,12,True,True,False,4,0.644,2026-07-01,3350.0
LIM-04941,Chorrillos,-12.176146320333492,-77.00088146867269,78.4,3,2,3,False,False,True,8,1.818,2026-04-01,3150.0
LIM-04942,San Isidro,-12.095906050230711,-77.02123459784619,57.9,2,1,20,False,True,True,3,1.145,2026-07-30,6600.0
LIM-04943,Jesús María,-12.077816596709386,-77.04042014680407,64.9,1,1,7,False,False,False,9,2.741,2026-05-20,3450.0
LIM-04944,Comas,-11.964826696744689,-77.0901298910091,169.5,4,3,1,True,False,False,9,3.07,2026-07-16,4000.0
LIM-04945,San Borja,-12.11527055178108,-77.00622999272395,80.5,2,1,4,False,False,True,13,0.781,2026-03-15,5300.0
LIM-04946,Surquillo,-12.106257774837351,-77.0245152058519,45.6,1,1,4,True,False,False,1,1.561,2026-03-21,2200.0
LIM-04947,Jesús María ,-12.076106794511151,-77.04846157929806,93.5,3,3,2,False,False,False,10,2.954,2026-05-25,3250.0
LIM-04948,San Miguel,-12.08132928753074,-77.0725408219867,69.6,2,1,11,False,False,False,15,5.095,2026-02-17,2650.0
LIM-04949,Lince,-12.09626931854037,-77.04626649960268,71.4,2,2,4,True,True,False,13,3.867,2026-05-09,3250.0
LIM-04950,Pueblo Libre,-12.080920616430372,-77.03619357493685,56.0,3,2,3,False,False,False,18,2.48,2026-07-17,2150.0
LIM-04951,Barranco,-12.132492622721017,-77.02598793555929,53.1,2,1,10,True,False,True,14,1.129,2026-02-28,5150.0
LIM-04952,San Miguel,-12.091077327081626,-77.10200281576168,60.6,2,1,8,False,False,False,2,8.348,2026-06-08,2700.0
LIM-04953,Barranco,-12.140750122839778,-77.01125754345226,90.4,1,1,7,False,False,False,26,0.503,2026-05-12,5550.0
LIM-04954,Comas,-11.942435337349158,-77.0509083487981,88.3,3,2,5,False,False,True,23,3.547,2026-06-20,1900.0
LIM-04955,Barranco,-12.146462272042543,-77.01360063706771,50.1,2,2,12,False,False,False,6,0.546,2026-05-24,4050.0
LIM-04956,Barranco,-12.158188275372176,-77.03063346560167,73.7,1,1,7,False,True,True,10,1.541,2026-03-21,4500.0
LIM-04957,Chorrillos,-12.178921328392574,-77.01207566246714,84.1,2,2,2,False,False,False,5,0.598,2026-03-07,3050.0
LIM-04958,Barranco,-12.149468642162063,-77.03380269292681,84.1,2,1,6,True,False,True,15,1.891,2026-03-05,6400.0
LIM-04959,Surco (Santiago de Surco),-12.14124800357531,-77.00456695036776,81.4,2,1,6,False,False,False,16,1.213,2026-07-25,4000.0
LIM-04960,Pueblo Libre,-12.069622814751563,-77.06423844196925,73.2,2,2,6,False,False,False,23,3.6,2026-07-14,2650.0
LIM-04961,Miraflores,-12.115610731806523,-77.0392395631988,85.8,2,1,13,False,True,False,10,2.775,2026-04-17,5500.0
LIM-04962,Miraflores,-12.095027520516561,-77.01676702102546,54.3,2,1,8,False,True,True,13,0.665,2026-06-18,5800.0
LIM-04963,Magdalena del Mar,-12.09216171964765,-77.08263801038291,103.6,3,2,4,True,False,False,5,6.712,2026-02-20,4500.0
LIM-04964,Barranco,-12.172346911866226,-77.02404547461937,70.4,2,1,6,True,True,True,19,0.949,2026-03-20,6000.0
LIM-04965,Barranco,-12.135443771029935,-77.03196237938009,49.2,2,1,9,True,False,True,26,1.776,2026-06-12,3200.0
LIM-04966,San Isidro,-12.099646447699635,-77.02424868226294,59.6,1,1,11,False,True,False,21,1.534,2026-03-14,3850.0
LIM-04967,Surco (Santiago de Surco),-12.110856895644758,-77.0029935236922,92.0,3,2,15,False,True,False,30,0.837,2026-06-07,4150.0
LIM-04968,Surco (Santiago de Surco),-12.117348906569935,-76.98129586676707,79.7,2,2,6,False,True,True,10,3.297,2026-04-08,4550.0
LIM-04969,San Isidro,-12.10326320860454,-77.02387747697661,108.2,3,3,7,False,False,True,4,1.611,2026-04-21,9000.0
LIM-04970,Jesús María,-12.064937166593547,-77.05435129141135,73.0,2,2,2,False,False,False,1,2.416,2026-05-12,4200.0
LIM-04971,Jesús María,-12.080727461772975,-77.04864398630087,88.1,2,1,2,False,False,True,8,3.428,2026-05-21,4450.0
LIM-04972,San Isidro,-12.097167710083024,-77.04238450771881,64.8,3,3,12,False,False,False,10,3.448,2026-07-27,4600.0
LIM-04973,Surco (Santiago de Surco),-12.126888182227752,-76.98845133605693,94.3,2,1,5,True,False,False,18,2.868,2026-05-09,4150.0
LIM-04974,Los Olivos,-11.95554399752744,-77.07383365573595,134.1,3,3,8,False,False,False,9,2.192,2026-03-15,3250.0
LIM-04975,Jesús María,-12.062857530053366,-77.05400976796528,76.3,2,1,2,False,False,False,5,2.259,2026-05-16,3500.0
LIM-04976,La Molina,-12.085900124417046,-76.94464585004111,92.2,2,1,5,False,False,True,16,6.669,2026-06-16,4650.0
LIM-04977,Magdalena del Mar,-12.065698913199025,-77.09468658916231,59.2,2,1,10,False,False,False,14,6.53,2026-07-01,2100.0
LIM-04978,Barranco,-12.153780244878325,-77.02231017893766,69.6,2,1,15,False,True,True,21,0.694,2026-03-29,4150.0
LIM-04979,Surquillo,-12.133986407580391,-77.00970465635832,102.0,4,2,7,False,False,False,25,0.652,2026-05-04,3450.0
LIM-04980,San Martín de Porres,-12.015876391542513,-77.07894334743688,58.2,2,1,7,True,True,False,24,2.964,2026-04-12,1300.0
LIM-04981,San Martín de Porres,-11.981211907238533,-77.0691801212113,88.6,2,3,2,False,True,False,14,1.222,2026-07-10,3500.0
LIM-04982,Barranco,-12.150319835038161,-77.02592757705433,40.4,2,1,7,False,False,True,11,1.029,2026-02-19,3200.0
LIM-04983,Surco (Santiago de Surco),-12.133091310023351,-77.00051148854791,83.3,2,1,13,False,True,False,2,1.654,2026-04-25,3700.0
LIM-04984,Miraflores,-12.127610286559092,-77.04280782804771,81.6,2,2,6,False,False,False,18,3.029,2026-06-26,5950.0
LIM-04985,Surco (Santiago de Surco),-12.14043242975159,-76.9998689388426,57.3,2,1,7,True,False,False,21,1.73,2026-03-21,2750.0
LIM-04986,Surco (Santiago de Surco),-12.144445150331391,-76.97140928850044,82.4,2,1,9,False,True,True,5,4.822,2026-06-01,4900.0
LIM-04987,Jesús María,-12.06794619024004,-77.04569347961777,87.8,2,1,12,False,False,False,2,2.013,2026-02-15,3850.0
LIM-04988,Miraflores,-12.122268559010445,-77.03642643458957,78.2,1,1,9,True,False,False,8,2.382,2026-05-02,6450.0
LIM-04989,San Martín de Porres,-11.99367993546636,-77.0926737032568,100.3,3,2,3,False,False,True,26,3.666,2026-06-02,3150.0
LIM-04990,Miraflores,-12.11702673937619,-77.04858236870919,54.9,1,1,11,False,True,False,10,3.782,2026-06-25,3950.0
LIM-04991,San Isidro,-12.102310544803595,-77.04666472283289,93.3,3,2,20,True,True,False,3,3.962,2026-05-14,7150.0
LIM-04992,Chorrillos,-12.192204767503632,-77.00898967789755,67.7,2,1,6,True,True,False,15,1.83,2026-02-12,2450.0
LIM-04993,Pueblo Libre,-12.092149595151993,-77.06822438127891,94.3,2,1,7,False,False,False,6,5.627,2026-07-10,4300.0
LIM-04994,Surco (Santiago de Surco),-12.09868018089966,-77.00649806097772,45.4,1,1,6,False,False,False,27,0.558,2026-06-12,2350.0
LIM-04995,Jesús María,-12.05586191866692,-77.05917820540841,72.9,2,1,4,False,True,True,5,2.528,2026-04-14,3650.0
LIM-04996,Barranco,-12.133317809197305,-77.01360623040073,72.3,2,1,7,False,False,True,11,0.237,2026-04-08,4350.0
LIM-04997,Miraflores,-12.129195281683844,-77.03037515690457,115.5,4,2,9,True,True,False,5,1.679,2026-03-04,11450.0
LIM-04998,Magdalena del Mar,-12.095385883194842,-77.08322645297052,80.2,3,3,5,False,False,True,15,7.0,2026-08-10,4150.0
LIM-04999,Surco (Santiago de Surco),-12.144784353508598,-76.99870066043466,100.9,3,2,7,False,False,False,11,1.874,2026-05-05,5350.0
LIM-05000,Jesús María,-12.089344985141992,-77.02252940249343,90.2,2,1,8,False,True,False,25,1.473,2026-05-11,5000.0
LIM-05001,Barranco,-12.156465282244508,-77.00676452310954,104.5,3,2,6,False,False,False,21,1.209,2026-05-27,6750.0
LIM-05002,Lince,-12.069185780438845,-77.01567649604397,60.2,2,1,10,False,True,False,10,0.379,2026-08-08,3150.0
LIM-05003,San Miguel,-12.067311055596914,-77.11382524734755,49.8,2,1,7,False,False,False,10,8.602,2026-05-27,
LIM-05004,Miraflores,-12.132740576019465,-77.03121322733404,45.0,2,1,9,True,True,False,11,1.691,2026-03-17,3850.0
LIM-05005,San Isidro,-12.10097779260189,-77.0444374691898,105.1,2,2,9,True,True,False,15,3.713,2026-05-05,6700.0
LIM-05006,Magdalena del Mar,-12.086510521936761,-77.06917391764999,83.8,3,2,4,False,False,False,45,5.219,2026-05-26,2450.0
LIM-05007,San Miguel,-12.084251656742248,-77.08008231745858,71.9,2,2,7,True,False,False,19,5.942,2026-03-04,3000.0
LIM-05008,Lince,-12.084144965062007,-77.02938288544496,56.4,1,1,18,False,True,False,10,1.851,2026-05-07,1950.0
LIM-05009,Pueblo Libre,-12.068777830635224,-77.07356964051192,79.5,2,1,11,False,True,False,3,4.453,2026-07-17,4350.0
LIM-05010,La Molina,-12.082108833377871,-76.95313216005597,117.6,4,3,9,False,False,False,2,5.788,2026-05-06,7850.0
LIM-05011,Barranco,-12.146350254867716,-77.01395314960641,81.6,3,2,15,False,True,True,2,0.52,2026-04-06,8450.0
LIM-05012,San Borja,-12.11614436608539,-76.98995912192149,1135.1,1,1,6,True,False,True,25,2.356,2026-07-17,3650.0
LIM-05013,Miraflores,-12.127711695050227,-77.02770857153075,42.6,1,1,7,False,False,True,7,1.421,2026-03-05,3550.0
LIM-05014,Pueblo Libre,-12.087203798218248,-77.06154250896734,56.0,1,1,6,False,False,False,27,4.751,2026-07-26,1950.0
LIM-05015,Miraflores,-12.139836039122027,-77.02879852957078,48.7,1,2,9,False,False,True,9,1.444,2026-05-19,3850.0
LIM-05016,Surco (Santiago de Surco),-12.136376984900282,-76.99177084130704,60.6,2,1,12,True,False,False,7,2.616,2026-04-21,2800.0
LIM-05017,San Borja,-12.098504884624953,-76.99000846829793,148.7,4,3,11,False,True,False,19,2.025,2026-04-28,
LIM-05018,Magdalena del Mar,-12.112063388729847,-77.06813801151316,37.8,1,1,2,False,False,False,2,5.941,2026-06-03,1550.0
LIM-05019,Jesús María,-12.07032432107051,-77.04871697479341,93.0,3,2,10,False,True,True,34,2.414,2026-07-09,4750.0
LIM-05020,Magdalena del Mar,-12.086084425439399,-77.07628859300793,104.3,4,3,6,False,True,False,5,5.747,2026-06-14,5050.0
LIM-05021,San Martín de Porres,-12.020940805225857,-77.08164757970884,123.4,4,4,5,True,False,False,11,3.571,2026-06-06,4500.0
LIM-05022,Chorrillos,-12.177946973201633,-77.0274639677304,89.6,2,1,5,False,True,False,8,1.083,2026-02-22,
LIM-05023,Los Olivos,-11.949145477594499,-77.08101633779198,134.3,5,4,3,False,True,False,20,3.225,2026-03-19,3950.0
LIM-05024,Jesús María,-12.066976707786912,-77.04247252470238,141.6,4,3,7,False,False,False,8,1.759,2026-07-22,7350.0
LIM-05025,Jesús María,-12.096045485788748,-77.05755442663674,72.6,2,1,4,False,False,False,27,5.094,2026-03-25,2750.0
LIM-05026,Jesús María,-12.065699926451062,-77.03923279358506,92.3,3,2,6,True,False,False,24,1.515,2026-06-24,3950.0
LIM-05027,Magdalena del Mar,-12.10447284153074,-77.07631611253242,117.3,4,3,4,False,False,False,18,6.954,2026-05-14,
LIM-05028,Surco (Santiago de Surco),-12.126704316838886,-76.98516485689878,72.1,1,1,4,False,True,False,4,3.224,2026-05-19,3500.0
LIM-05029,Jesús María,-12.08188098119921,-77.04135649435734,74.0,2,2,18,True,True,True,2,3.05,2026-06-23,5150.0
LIM-05030,San Isidro,-12.097836389332944,-77.02658484090273,69.6,2,1,8,False,False,False,15,1.742,2026-08-03,5050.0
LIM-05031,San Isidro,-12.103650513222757,-77.04241638907801,98.5,2,2,9,True,True,False,18,3.481,2026-03-21,9050.0
LIM-05032,Chorrillos,-12.174662107327137,-77.01319320659425,44.7,2,2,10,False,False,False,12,0.597,2026-05-10,1750.0
LIM-05033,San Isidro,-12.104007362086932,-77.02784534412541,134.6,5,4,11,True,False,False,12,1.979,2026-03-30,10000.0
LIM-05034,San Borja,-12.110982458898654,-77.01721592039279,106.8,3,2,5,True,False,True,32,0.733,2026-03-26,8900.0
LIM-05035,Jesús María,-12.087707260099728,-77.02857967862943,96.6,3,2,4,True,False,True,4,1.96,2026-05-11,4550.0
LIM-05036,Miraflores,-12.115212084855033,-77.00220856344663,35.2,1,1,6,False,False,False,13,1.099,2026-03-31,2800.0
LIM-05037,Los Olivos,-11.966796577496272,-77.06013254046603,63.1,2,1,11,False,True,False,20,0.662,2026-03-03,1700.0
LIM-05038,Miraflores,-12.14049838608925,-77.01972943085444,120.8,4,2,3,True,False,False,35,0.469,2026-05-06,8550.0
LIM-05039,Los Olivos,-11.956985000077577,-77.06443489683049,83.1,1,1,2,False,False,False,6,1.689,2026-06-06,2150.0
LIM-05040,San Miguel,-12.079515455515855,-77.09668120010024,44.9,2,2,4,False,False,True,13,7.235,2026-02-17,2200.0
LIM-05041,Barranco,-12.147458851245169,-77.02272204253522,75.1,2,1,7,False,True,False,10,0.794,2026-05-04,4400.0
LIM-05042,Miraflores,-12.11192525993565,-77.01782714125567,93.2,2,2,7,True,True,True,15,0.777,2026-08-03,7350.0
LIM-05043,Surco (Santiago de Surco),-12.13106109309168,-77.0066786063384,112.6,3,2,9,False,False,True,21,1.03,2026-06-18,7450.0
LIM-05044,La Molina,-12.07281756209847,-76.95792860295755,104.8,4,3,8,False,True,False,15,5.518,2026-03-03,7000.0
LIM-05045,Barranco,-12.152919546266466,-77.0261679502649,100.7,2,1,6,False,False,False,7,1.068,2026-02-27,6200.0
LIM-05046,Comas,-11.930586847365275,-77.05412496190125,75.9,2,1,3,True,False,False,13,4.714,2026-06-06,1450.0
LIM-05047,Barranco,-12.147924904586311,-77.03179123389928,83.2,3,2,20,True,True,False,13,1.702,2026-06-26,5200.0
LIM-05048,Surquillo,-12.108608398905918,-77.020204992803,67.9,1,1,6,False,True,False,4,1.051,2026-05-03,2600.0
LIM-05049,Miraflores,-12.116256449926425,-77.03068010724861,71.9,2,1,2,False,False,True,45,1.842,2026-06-06,5400.0
LIM-05050,Ate,-12.031511236096286,-76.92814243086362,81.5,2,2,2,False,False,False,8,8.438,2026-07-15,2500.0
LIM-05051,Barranco,-12.140743051517289,-77.05067721500143,62.7,2,2,6,False,False,False,20,3.805,2026-06-18,3950.0
LIM-05052,La Molina,-12.092115345763718,-76.95751815047302,111.1,3,2,19,True,True,False,1,5.272,2026-06-13,6500.0
LIM-05053,San Borja,-12.115995204527998,-76.99546936179219,82.0,2,1,6,False,True,False,9,1.788,2026-03-29,4050.0
LIM-05054,Miraflores,-12.121697049771138,-77.02356627838067,94.8,3,2,8,True,False,False,5,1.052,2026-05-13,8500.0
LIM-05055,Surquillo,-12.12382121729295,-77.01156764419366,54.8,2,2,2,True,False,False,8,0.409,2026-07-27,2700.0
LIM-05056,Surco (Santiago de Surco),-12.147626306415916,-76.98768513126188,156.9,5,3,7,True,False,False,4,3.109,2026-06-30,7700.0
LIM-05057,San Borja,-12.133836629631576,-77.00611673880644,74.7,3,2,11,False,False,False,18,1.042,2026-04-28,4150.0
LIM-05058,San Borja,-12.126891153093945,-77.00868730949985,120.8,3,2,7,False,False,False,6,0.678,2026-06-15,8300.0
LIM-05059,Jesús María,-12.049775123666663,-77.04449930394179,108.9,4,4,5,False,True,True,17,0.949,2026-08-05,6050.0
LIM-05060,San Isidro,-12.105078002995558,-77.03924100084284,89.6,2,2,9,False,True,False,7,3.102,2026-07-13,7500.0
LIM-05061,Miraflores,-12.098258476402146,-77.01851505652944,76.9,3,2,13,False,False,False,7,0.893,2026-06-10,6600.0
LIM-05062,Miraflores,-12.116262144786134,-77.02482351722794,59.4,2,1,8,True,True,False,16,1.209,2026-07-27,4550.0
LIM-05063,Surco (Santiago de Surco),-12.135597096259634,-76.97959415324601,80.5,3,2,6,False,False,False,4,3.93,2026-05-18,3050.0
LIM-05064,Miraflores,-12.139107261401856,-77.0349864356519,80.5,2,1,11,False,False,False,13,2.121,2026-05-12,6350.0
LIM-05065,San Martín de Porres,-11.998843973253088,-77.0677895889987,88.7,2,2,3,False,False,False,6,0.946,2026-05-19,2550.0
LIM-05066,San Borja,-12.085593794796381,-76.97418388923434,131.4,3,2,5,True,False,False,13,3.469,2026-02-20,6400.0
LIM-05067,Jesús María,-12.0549083590718,-77.04835508926071,69.2,1,1,2,True,False,False,24,1.351,2026-02-19,3400.0
LIM-05068,Surco (Santiago de Surco),-12.131709136167629,-76.98900831987672,83.7,3,2,6,False,True,True,22,2.882,2026-04-24,4000.0
LIM-05069,Surco (Santiago de Surco),-12.14878402039086,-77.00616633946439,55.8,1,1,5,True,False,False,4,1.155,2026-03-17,3500.0
LIM-05070,San Borja,-12.11978598414299,-76.98787132168941,110.6,4,3,12,False,False,False,1,2.714,2026-07-29,5850.0
LIM-05071,Surco (Santiago de Surco),-12.145231102120709,-76.98145130196572,113.4,3,3,6,True,False,False,24,3.74,2026-07-25,6400.0
LIM-05072,Surco (Santiago de Surco),-12.119662140871647,-77.0009334382088,129.9,3,2,10,False,False,True,24,1.416,2026-04-22,7100.0
LIM-05073,Magdalena del Mar,-12.075919354766695,-77.0686660851471,108.6,4,4,8,True,False,False,15,4.393,2026-05-20,5150.0
LIM-05074,San Borja,-12.105949285980389,-76.99523432713386,115.8,2,1,3,True,False,False,13,1.722,2026-07-06,6750.0
LIM-05075,Comas,-11.946636965226277,-77.05731057651668,123.9,3,2,2,False,False,False,1,2.896,2026-02-18,3650.0
LIM-05076,Barranco,-12.130815474040068,-77.01165576311082,85.1,3,1,18,True,True,True,9,0.558,2026-04-23,8850.0
LIM-05077,Magdalena del Mar,-12.107242882490379,-77.06947320589201,99.6,2,2,5,False,False,False,20,6.163,2026-07-12,4150.0
LIM-05078,Miraflores,-12.120478120068796,-77.03106785391407,41.6,1,1,11,False,False,True,3,1.861,2026-07-17,3900.0
LIM-05079,Surco (Santiago de Surco),-12.129444408005446,-76.98500044373485,66.8,2,2,6,False,False,True,8,3.266,2026-08-10,3050.0
LIM-05080,Pueblo Libre,-12.083953607286118,-77.0497577269257,50.1,1,2,2,False,False,False,9,3.806,2026-06-05,2450.0
LIM-05081,Miraflores,-12.128730970656695,-77.03605033320824,112.6,4,3,6,True,False,False,23,2.286,2026-05-16,9650.0
LIM-05082,Jesús María,-12.082164850950251,-77.04902158952457,62.3,2,2,3,False,True,False,8,3.591,2026-04-29,3700.0
LIM-05083,La Molina,-12.069799277728142,-76.96642431366266,90.1,2,2,10,True,False,False,20,4.794,2026-02-13,4500.0
LIM-05084,San Isidro,-12.074227592675316,-77.02969682342962,85.2,2,2,7,True,False,True,22,1.797,2026-07-23,7150.0
LIM-05085,Callao,-12.055222489637162,-77.10342258908483,57.1,3,2,5,False,False,False,11,7.317,2026-07-11,1800.0
LIM-05086,La Molina,-12.090018623044514,-76.94828754272987,124.2,4,3,3,True,False,True,31,6.265,2026-04-08,7450.0
LIM-05087,San Miguel,-12.08459809289992,-77.09119876610598,39.4,1,1,1,False,False,False,10,6.97,2026-07-02,
LIM-05088,La Molina,-12.086779044238597,-76.94784234881932,75.5,2,2,7,False,False,False,19,6.317,2026-06-19,4150.0
LIM-05089,Callao,-12.063202661017241,-77.1227067546865,90.6,2,2,5,False,False,False,17,9.483,2026-06-05,2550.0
LIM-05090,Surco (Santiago de Surco),-12.136164362908263,-76.99221394455785,63.9,2,2,5,True,False,False,9,2.566,2026-06-08,3500.0
LIM-05091,La Molina,-12.081841206123952,-76.95461091046833,166.7,5,3,7,False,True,True,22,5.633,2026-05-09,11300.0
LIM-05092,San Miguel,-12.082263755313486,-77.09562332323732,79.2,2,1,2,False,False,False,32,7.265,2026-04-03,2700.0
LIM-05093,Surco (Santiago de Surco),-12.137275056751369,-77.00585461113728,136.5,3,2,6,False,True,False,7,1.134,2026-08-08,7450.0
LIM-05094,Surco (Santiago de Surco),-12.137225453820868,-76.98793108096982,106.5,3,2,10,False,False,True,37,3.041,2026-06-15,4350.0
LIM-05095,Comas,-11.946810761216714,-77.05912914255678,94.6,3,2,11,False,True,False,8,2.842,2026-07-06,2150.0
LIM-05096,San Borja,-12.113597374524195,-77.00377485500861,65.4,2,1,7,False,False,False,17,0.859,2026-08-07,3700.0
LIM-05097,Pueblo Libre,-12.064453640764759,-77.06265505505253,101.0,3,1,7,True,True,False,12,3.174,2026-05-02,3650.0
LIM-05098,Lince,-12.106348832347718,-77.03594870306931,78.3,3,2,10,True,False,False,4,2.719,2026-07-26,3250.0
LIM-05099,Surquillo,-12.095808641691985,-77.00377325795313,126.7,3,2,6,True,False,True,13,0.753,2026-02-12,5050.0
LIM-05100,Chorrillos,-12.173073646441564,-77.02339214778412,106.9,2,2,6,True,False,False,13,0.843,2026-03-03,4050.0
LIM-05101,Jesús María,-12.066279789088163,-77.04137946041483,70.4,2,2,13,True,True,False,22,1.643,2026-05-02,3400.0
LIM-05102,Surco (Santiago de Surco),-12.126299066602213,-77.0034624874237,104.2,2,1,8,True,True,True,10,1.234,2026-04-15,5450.0
LIM-05103,San Isidro,-12.105696709920368,-77.02692913919543,97.3,3,3,8,True,False,False,17,1.83,2026-04-13,7350.0
LIM-05104,Jesús María,-12.084572302674152,-77.03655233279996,116.1,4,3,13,False,False,False,7,2.604,2026-04-26,6750.0
LIM-05105,Surquillo,-12.127087231415844,-77.00448592448886,99.2,2,1,6,True,False,False,6,1.132,2026-05-19,4550.0
LIM-05106,Magdalena del Mar,-12.098464816357943,-77.05804779730633,74.1,2,2,3,False,False,False,11,5.156,2026-03-13,3650.0
LIM-05107,Miraflores,-12.112709543701389,-77.02589065999905,50.8,1,1,8,False,False,True,9,1.427,2026-05-03,3300.0
LIM-05108,Surco (Santiago de Surco),-12.142005144302649,-76.98014463958005,52.5,1,1,17,False,True,False,9,3.865,2026-02-15,2750.0
LIM-05109,San Borja,-12.10100482031786,-76.97910984057215,62.5,1,1,12,True,True,False,11,3.204,2026-07-14,3650.0
LIM-05110,Chorrillos,-12.203115054626334,-77.03156462836662,67.9,2,2,3,True,False,True,5,3.184,2026-05-14,2350.0
LIM-05111,Miraflores,-12.125726806423703,-77.03663885770115,121.4,3,3,15,False,False,False,23,2.374,2026-08-08,6900.0
LIM-05112,Jesús María,-12.059594351588663,-77.06694840851421,130.1,4,2,5,False,False,False,33,3.438,2026-03-22,5950.0
LIM-05113,San Miguel,-12.079451655468397,-77.0800662705033,106.1,3,2,3,True,False,False,15,5.639,2026-03-20,
LIM-05114,Callao,-12.066549723633994,-77.13620238720866,126.0,3,2,7,False,True,False,1,10.988,2026-07-15,5400.0
LIM-05115,Miraflores,-12.128982118665652,-77.05075810808576,59.8,1,1,5,False,True,False,26,3.85,2026-06-04,2850.0
LIM-05116,San Martín de Porres,-12.035236270756819,-77.09376871217074,55.4,2,1,2,False,False,False,3,5.634,2026-06-04,1600.0
LIM-05117,Jesús María,-12.085741623644944,-77.0698597441263,58.0,3,2,6,False,True,False,5,5.21,2026-05-22,2950.0
LIM-05118,San Miguel,-12.064713103529849,-77.0895341036421,40.7,1,1,6,False,False,False,18,5.959,2026-05-24,1600.0
LIM-05119,San Isidro,-12.104191233202755,-77.04971451174463,59.5,1,1,14,True,True,False,14,4.184,2026-05-11,5350.0
LIM-05120,San Borja,-12.113874532344015,-77.01888339494404,76.5,2,1,4,True,True,False,28,0.697,2026-06-08,5050.0
LIM-05121,Jesús María,-12.101581746244438,-77.04950247984127,84.4,3,3,7,True,False,False,5,4.268,2026-03-11,4500.0
LIM-05122,Surco (Santiago de Surco),-12.15457005351735,-76.99479465565864,99.2,3,2,2,True,True,False,29,2.389,2026-06-05,5050.0
LIM-05123,Magdalena del Mar,-12.081219409856802,-77.09813739716984,62.6,2,1,2,False,False,False,4,7.458,2026-05-20,2950.0
LIM-05124,San Borja,-12.100892471032061,-77.00716441408164,108.0,3,2,5,True,False,False,8,0.684,2026-05-31,7750.0
LIM-05125,San Borja,-12.123869268377273,-76.99949566502367,72.6,2,2,11,False,True,True,12,1.676,2026-06-21,5050.0
LIM-05126,San Isidro,-12.10476686869888,-77.04098187928163,85.3,2,1,12,False,False,False,16,3.287,2026-04-17,7150.0
LIM-05127,Magdalena del Mar,-12.095850068115984,-77.07965379872464,54.7,2,2,5,False,False,True,25,6.758,2026-07-16,2200.0
LIM-05128,Barranco,-12.163753532785881,-77.00724855625516,99.2,3,3,3,True,True,True,19,1.078,2026-08-10,8700.0
LIM-05129,San Martín de Porres,-12.022949726602164,-77.05484146249212,90.6,3,2,4,False,False,False,6,2.869,2026-04-22,2250.0
LIM-05130,Ate,-12.048310524649274,-76.91975958183178,114.3,3,2,18,False,True,False,21,10.169,2026-06-10,2700.0
LIM-05131,Surco (Santiago de Surco),-12.12812869725392,-77.01086257839096,64.4,1,1,6,False,False,True,9,0.506,2026-02-14,5100.0
LIM-05132,Miraflores,-12.113997712163242,-77.03221499718336,79.3,4,3,5,False,True,True,2,2.044,2026-04-10,8750.0
LIM-05133,Barranco,-12.138897151373493,-77.01906848275897,84.1,3,2,8,True,False,False,13,0.503,2026-07-03,4800.0
LIM-05134,Magdalena del Mar,-12.114142687141358,-77.07633934253724,40.6,2,1,3,False,False,False,16,6.811,2026-04-26,1600.0
LIM-05135,Los Olivos,-11.968205177082076,-77.0641717065813,127.9,3,1,3,True,False,False,16,0.455,2026-06-19,3550.0
LIM-05136,San Borja,-12.11152141637075,-76.97205708899764,60.3,1,1,10,False,True,False,16,4.195,2026-05-23,3650.0
LIM-05137,San Isidro,-12.098246648225967,-77.05725745028496,90.9,3,2,18,True,True,True,12,5.069,2026-07-07,10300.0
LIM-05138,San Isidro,-12.09974137960361,-77.0427849560044,150.6,3,2,9,True,False,False,5,3.516,2026-07-12,11550.0
LIM-05139,Barranco,-12.15732537816729,-77.00290628187166,95.0,3,2,4,False,False,True,24,1.618,2026-02-27,5950.0
LIM-05140,Chorrillos,-12.210913485450586,-77.02436454672319,50.9,2,1,7,True,False,True,13,3.735,2026-05-24,2050.0
LIM-05141,Jesús María,-12.059658051753154,-77.03952607793312,75.6,2,2,7,False,True,False,12,0.884,2026-06-09,3400.0
LIM-05142,Jesús María,-12.0696401180143,-77.04142919163183,118.7,4,3,6,False,False,False,16,2.0,2026-04-08,5600.0
LIM-05143,Surco (Santiago de Surco),-12.152811477450438,-76.98015744171823,73.1,3,3,7,True,True,False,10,3.955,2026-04-06,4850.0
LIM-05144,San Martín de Porres,-11.993222420164088,-77.05763992307008,80.2,2,2,3,True,False,False,20,0.505,2026-04-30,2400.0
LIM-05145,Surco (Santiago de Surco),-12.140367657684017,-76.9910031275148,83.9,1,1,6,True,True,True,29,2.691,2026-03-30,4200.0
LIM-05146,Chorrillos,-12.179727667797012,-77.03904995742505,98.4,3,2,5,True,False,True,3,2.35,2026-06-29,5400.0
LIM-05147,Los Olivos,-11.978120975217868,-77.07990488611517,53.8,2,1,5,False,False,False,2,1.967,2026-05-03,1150.0
LIM-05148,Magdalena del Mar,-12.089056834328172,-77.04946736560088,95.3,3,2,6,False,False,False,7,4.092,2026-05-21,3350.0
LIM-05149,Los Olivos,-11.978497882858195,-77.08847037371262,72.1,3,3,2,False,False,False,4,2.871,2026-08-05,2100.0
LIM-05150,Surco (Santiago de Surco),-12.148162016233087,-76.98903832116972,94.7,3,2,16,False,True,False,14,2.978,2026-05-29,4950.0
LIM-05151,Lince,-12.07151906227273,-77.06347411068882,63.3,2,1,6,True,True,False,35,3.649,2026-06-30,2250.0
LIM-05152,San Isidro,-12.0993465769172,-77.05291472618266,103.0,2,2,4,True,True,True,35,4.607,2026-07-26,12400.0
LIM-05153,Magdalena del Mar,-12.097269836679907,-77.06505675262319,77.5,2,1,5,True,False,False,8,5.894,2026-03-26,3850.0
LIM-05154,Barranco,-12.14109043055668,-77.02096846895604,111.0,4,3,7,False,False,False,5,0.582,2026-07-21,7800.0
LIM-05155,San Isidro,-12.105211040410156,-77.04121730190465,116.7,3,2,7,False,False,False,8,3.288,2026-06-30,10650.0
LIM-05156,San Isidro,-12.102817838071763,-77.04647227229225,65.9,2,2,6,True,True,True,18,3.919,2026-07-06,5000.0
LIM-05157,Surco (Santiago de Surco),-12.131331416763325,-77.01895851047563,147.0,3,2,7,False,False,False,5,0.455,2026-05-10,10000.0
LIM-05158,Jesús María,-12.092096531229567,-77.04067912936529,88.6,2,2,7,True,False,False,3,3.285,2026-02-26,3900.0
LIM-05159,Magdalena del Mar,-12.09284681143878,-77.07909776843589,82.4,2,1,3,False,False,False,8,6.48,2026-04-02,3050.0
LIM-05160,Surco (Santiago de Surco),-12.144068537510176,-77.01326238209417,124.6,4,3,7,True,True,False,11,0.351,2026-04-04,8150.0
LIM-05161,Comas,-11.932734328890538,-77.06163773032587,68.1,2,1,4,False,False,False,12,4.379,2026-03-18,1350.0
LIM-05162,Callao,-12.0500400400778,-77.11112502381508,54.7,2,2,2,False,False,False,6,8.125,2026-07-01,1650.0
LIM-05163,Miraflores,-12.1161254197163,-77.0318080842815,75.6,2,2,8,True,False,False,3,1.966,2026-07-11,5850.0
LIM-05164,La Molina,-12.106083503782655,-76.94380808780025,90.6,2,2,16,True,False,False,14,7.013,2026-02-23,5600.0
LIM-05165,Lince,-12.086340744742087,-77.03284247821415,132.0,3,2,8,True,True,True,13,2.293,2026-08-10,8000.0
LIM-05166,Pueblo Libre,-12.087727198724972,-77.07158153770354,58.7,2,2,8,False,True,False,6,5.498,2026-04-02,2750.0
LIM-05167,Surco (Santiago de Surco),-12.135442366835724,-76.9943488846404,96.2,3,2,9,False,True,True,15,2.327,2026-03-05,5550.0
LIM-05168,San Miguel,-12.105183356122678,-77.08397739682411,82.9,3,1,10,False,False,False,12,7.756,2026-04-09,2950.0
LIM-05169,Miraflores,-12.139589987220504,-77.0169842759201,111.2,4,2,3,True,False,False,14,0.302,2026-07-13,8700.0
LIM-05170,Surco (Santiago de Surco),-12.120731596693918,-76.98551124793693,69.1,2,1,4,True,False,False,12,2.991,2026-02-16,3500.0
LIM-05171,Pueblo Libre,-12.069171361887921,-77.07120117637484,44.8,2,2,2,False,False,False,6,4.238,2026-05-21,2100.0
LIM-05172,Jesús María,-12.077845790169757,-77.04136544938117,125.0,4,3,5,False,False,False,30,2.81,2026-05-23,5350.0
LIM-05173,Chorrillos,-12.185604919872235,-77.01251440287197,84.1,3,3,3,False,False,False,15,1.004,2026-04-03,2700.0
LIM-05174,San Isidro,-12.110211047011045,-77.04521650550934,110.1,2,2,8,False,True,False,5,3.516,2026-05-08,10300.0
LIM-05175,Miraflores,-12.118698130938938,-77.03497175285047,98.7,3,1,12,False,False,False,19,2.304,2026-08-03,5950.0
LIM-05176,San Isidro,-12.10132358771511,-77.02854368276823,118.2,3,2,7,True,True,False,23,2.035,2026-04-10,11900.0
LIM-05177,Miraflores,-12.102540233800193,-77.01287710216631,66.5,2,2,20,False,True,False,21,0.786,2026-05-29,4900.0
LIM-05178,San Isidro,-12.099417164640125,-77.05844006277576,69.1,3,2,4,False,False,True,12,5.206,2026-02-24,7200.0
LIM-05179,San Borja,-12.107595354093066,-76.97891926513957,47.5,2,1,13,True,False,True,10,3.452,2026-06-29,3200.0
LIM-05180,San Borja,-12.124962041616664,-76.9846300838891,65.5,2,1,3,False,False,True,10,3.272,2026-03-06,
LIM-05181,Lince,-12.089428390702126,-77.030910577998,69.4,2,2,8,False,True,False,15,2.277,2026-04-04,3050.0
LIM-05182,La Molina,-12.084676103139184,-76.9480885994803,87.9,3,2,9,True,False,True,26,6.304,2026-04-11,4700.0
LIM-05183,San Isidro,-12.101673428534559,-77.03201479860937,59.0,2,2,9,True,False,False,26,2.408,2026-05-26,5050.0
LIM-05184,Lince,-12.090927542402891,-77.0409867843279,69.1,1,1,9,False,False,True,3,3.311,2026-03-06,3150.0
LIM-05185,San Isidro,-12.093277084492618,-77.03883234023935,130.6,4,3,7,True,False,False,7,3.072,2026-03-28,10950.0
LIM-05186,Chorrillos,-12.156522120621268,-77.03580032341728,80.5,2,2,3,False,False,False,2,2.132,2026-06-09,2250.0
LIM-05187,San Isidro,-12.095460367556306,-77.05759827548482,59.2,2,1,13,False,True,False,15,5.099,2026-07-25,5350.0
LIM-05188,San Borja,-12.094569764598322,-76.97061232038352,135.2,4,3,6,False,True,True,29,3.886,2026-05-07,7950.0
LIM-05189,Los Olivos,-11.961440771469775,-77.07074309737911,68.7,2,2,11,False,True,True,9,1.46,2026-04-16,2300.0
LIM-05190,Jesús María,-12.060587759503987,-77.04655573174797,128.4,4,3,9,False,True,False,20,1.448,2026-03-26,5700.0
LIM-05191,Jesús María,-12.08091663908016,-77.04936879351733,73.5,2,1,7,True,True,False,2,3.479,2026-02-17,3600.0
LIM-05192,Lince,-12.087583129939814,-77.04323328823376,70.3,2,1,5,False,False,True,14,3.397,2026-08-06,2900.0
LIM-05193,Miraflores,-12.123533282849175,-77.03308474531715,123.6,4,3,5,True,False,False,11,2.002,2026-04-15,8500.0
LIM-05194,Lince,-12.078544673161232,-77.03220573567238,44.1,1,1,10,False,False,False,21,2.024,2026-03-25,1900.0
LIM-05195,Los Olivos,-11.959391046133458,-77.07385965933062,62.9,2,2,8,True,True,False,3,1.849,2026-07-03,2000.0
LIM-05196,Ate,-12.044899325706657,-76.92502643273232,82.9,2,1,2,False,False,False,12,9.482,2026-04-27,2150.0
LIM-05197,Magdalena del Mar,-12.084979521071489,-77.06994613448131,74.6,1,1,3,False,False,False,35,5.156,2026-04-09,2900.0
LIM-05198,Surco (Santiago de Surco),-12.141759977723776,-76.99273962369759,221.3,5,3,7,True,False,True,5,2.496,2026-04-07,11100.0
LIM-05199,San Miguel,-12.066775469365211,-77.08808510673907,58.7,2,2,5,False,False,False,5,5.864,2026-07-30,2600.0
LIM-05200,San Borja,-12.096110286693769,-76.99013946225575,59.3,2,2,11,True,False,False,22,1.887,2026-03-06,3500.0
LIM-05201,Barranco,-12.141270043848904,-77.02344628694757,51.9,2,1,7,False,False,False,24,0.846,2026-06-11,3000.0
LIM-05202,Miraflores,-12.119489962598225,-77.03142665528337,80.8,2,1,18,True,True,False,17,1.927,2026-05-22,6350.0
LIM-05203,Miraflores,-12.11254012001114,-77.01161056925297,87.8,1,1,11,False,True,False,45,0.334,2026-07-08,5250.0
LIM-05204,Magdalena del Mar,-12.10622805358286,-77.08702818250691,62.2,2,1,15,False,False,True,12,8.063,2026-06-24,3650.0
LIM-05205,Miraflores,-12.118719652827677,-77.05188358097868,75.5,1,1,5,True,False,False,18,4.106,2026-04-17,4950.0
LIM-05206,San Isidro,-12.093593874278099,-77.03003353557531,158.4,5,4,11,True,True,False,17,2.116,2026-02-18,18800.0
LIM-05207,San Isidro,-12.113154187957818,-77.04425220113849,86.0,3,3,18,True,False,False,9,3.349,2026-05-06,6350.0
LIM-05208,San Martín de Porres,-11.993204988964727,-77.09352821148752,99.7,3,2,2,False,True,False,7,3.764,2026-02-26,2300.0
LIM-05209,San Isidro,-12.112185824708183,-77.0260771437949,155.6,4,3,15,True,False,False,11,1.469,2026-02-13,14350.0
LIM-05210,San Isidro,-12.102335019574914,-77.0384372206051,68.0,1,1,4,False,False,False,7,3.102,2026-06-05,5350.0
LIM-05211,Magdalena del Mar,-12.095022868488684,-77.09086276869158,61.1,2,1,14,False,True,False,12,7.602,2026-06-24,2750.0
LIM-05212,Barranco,-12.158168836615594,-76.99818064657188,60.2,2,1,4,True,False,False,20,2.09,2026-08-03,3700.0
LIM-05213,Ate,-12.045409351536556,-76.93532823517276,77.7,2,1,2,True,False,False,4,8.608,2026-04-30,2300.0
LIM-05214,San Martín de Porres,-11.998101316114766,-77.08164014070803,50.3,2,2,2,False,True,False,4,2.442,2026-06-04,1350.0
LIM-05215,La Molina,-12.096642179672306,-76.96787132129816,115.0,5,3,10,True,False,False,9,4.221,2026-02-17,5950.0
LIM-05216,Magdalena del Mar,-12.088684306494107,-77.07245210119378,83.6,3,1,5,True,False,False,10,5.641,2026-07-21,4900.0
LIM-05217,La Molina,-12.095969878039675,-76.95289330440252,103.6,3,2,7,False,False,False,5,5.815,2026-07-05,6550.0
LIM-05218,San Isidro,-12.069744307503184,-77.02686870221605,92.0,3,2,20,False,True,False,18,1.255,2026-08-08,7950.0
LIM-05219,Surco (Santiago de Surco),-12.136313745879967,-76.99520863663568,103.2,3,2,4,True,False,False,5,2.244,2026-04-04,4850.0
LIM-05220,Miraflores,-12.135155529739881,-77.0131927066519,49.2,1,1,9,False,True,False,3,0.306,2026-05-17,3500.0
LIM-05221,Miraflores,-12.132912101194565,-77.03455656700885,82.3,3,2,17,True,True,True,14,2.053,2026-02-14,7700.0
LIM-05222,Jesús María,-12.059829034423622,-77.06825453227376,95.7,3,2,3,False,False,False,16,3.582,2026-06-23,5300.0
LIM-05223,Miraflores,-12.126009819796622,-77.02654980736368,45.0,1,1,20,False,True,False,14,1.278,2026-02-16,3700.0
LIM-05224,Miraflores,-12.13746516569396,-77.0324306897655,119.8,4,3,8,True,True,False,4,1.861,2026-05-17,10400.0
LIM-05225,Magdalena del Mar,-12.085255447034466,-77.09753111857653,52.5,2,1,4,False,True,False,2,7.604,2026-03-11,2250.0
LIM-05226,Magdalena del Mar,-12.100486886653336,-77.08836456331302,54.2,1,2,3,False,False,False,37,7.795,2026-05-08,1850.0
LIM-05227,Miraflores,-12.113258965866567,-77.0382455893457,80.0,2,2,11,True,False,False,15,2.703,2026-03-29,5800.0
LIM-05228,San Isidro,-12.085973207692128,-77.01803539931518,100.9,3,2,11,True,False,False,32,1.019,2026-04-25,11500.0
LIM-05229,Miraflores,-12.117806437534298,-77.02091065040516,96.2,3,2,5,True,True,False,6,0.773,2026-03-26,7150.0
LIM-05230,Barranco,-12.120649111251776,-77.02557282195352,83.8,3,3,14,False,False,False,28,1.299,2026-07-10,4950.0
LIM-05231,Surquillo,-12.135396909915197,-77.01184956324153,55.0,2,2,7,False,True,False,29,0.45,2026-07-23,1850.0
LIM-05232,San Martín de Porres,-12.008715400903263,-77.10507351855833,93.2,3,2,8,False,False,False,20,5.143,2026-04-19,2350.0
LIM-05233,La Molina,-12.089871400055248,-76.95197887333377,99.4,3,2,13,False,True,False,10,5.864,2026-07-21,4150.0
LIM-05234,La Molina,-12.059665917656703,-76.9403880554519,116.3,3,2,3,False,False,True,5,7.835,2026-03-22,5850.0
LIM-05235,Pueblo Libre,-12.052023970358775,-77.06111548432327,76.7,1,1,11,False,True,True,16,2.71,2026-02-23,3000.0
LIM-05236,Jesús María,-12.058135709591273,-77.05547227375085,68.1,2,1,9,False,False,False,4,2.191,2026-05-04,2650.0
LIM-05237,Miraflores,-12.130629487288951,-77.02985969758556,67.1,2,1,11,True,True,False,8,1.582,2026-03-30,4700.0
LIM-05238,Miraflores,-12.129230176877245,-77.02534269794346,41.5,1,1,8,True,True,True,14,1.17,2026-02-21,3600.0
LIM-05239,Magdalena del Mar,-12.105442720421685,-77.07581227992202,101.7,2,1,12,False,True,True,30,6.878,2026-05-19,5650.0
LIM-05240,Jesús María,-12.08300112265649,-77.03866795251693,88.0,3,3,12,False,False,False,30,2.784,2026-05-12,3600.0
LIM-05241,Miraflores,-12.10318754471269,-77.02557557468134,35.9,1,1,11,True,True,True,28,1.782,2026-08-09,2500.0
LIM-05242,Surco (Santiago de Surco),-12.13792520548075,-76.98886511435485,122.4,4,3,9,True,False,False,31,2.951,2026-02-12,6550.0
LIM-05243,Surco (Santiago de Surco),-12.136337977975726,-76.97443734254125,93.4,3,2,18,False,False,False,9,4.494,2026-08-06,5250.0
LIM-05244,Barranco,-12.140107358556918,-77.01146992400442,51.9,1,1,2,True,False,False,7,0.506,2026-05-06,3000.0
LIM-05245,Magdalena del Mar,-12.115462335688408,-77.05480849864342,56.2,2,2,13,False,False,True,2,4.465,2026-05-08,2800.0
LIM-05246,Lince,-12.084468250144772,-77.04136297239464,54.6,1,1,6,False,False,False,18,3.106,2026-03-17,1950.0
LIM-05247,San Borja,-12.121462460744075,-77.01770896647415,66.8,1,1,16,False,False,True,8,0.567,2026-04-14,4200.0
LIM-05248,Miraflores,-12.1246329790467,-77.03108336948853,58.1,3,2,6,False,True,False,9,1.774,2026-02-24,4200.0
LIM-05249,Miraflores,-12.128137048327511,-77.03210715634012,129.2,4,3,11,False,True,False,9,1.895,2026-07-20,10400.0
LIM-05250,Surquillo,-12.122355768952374,-76.99998703017133,73.2,3,2,7,True,False,False,11,1.588,2026-07-11,2950.0
LIM-05251,Magdalena del Mar,-12.092793018319522,-77.08926053319188,149.6,4,3,9,True,True,False,13,7.312,2026-07-30,8850.0
LIM-05252,San Isidro,-12.094545439171291,-77.03764654752551,91.4,2,2,9,False,True,True,14,2.933,2026-03-23,7850.0
LIM-05253,Barranco,-12.152037847070808,-77.01653784760748,84.3,2,1,6,True,False,True,7,0.093,2026-02-22,5650.0
LIM-05254,Surquillo,-12.110251787884105,-77.01629876995219,49.0,2,2,7,False,False,False,2,0.623,2026-03-15,2300.0
LIM-05255,San Miguel,-12.087823374490243,-77.09485835576686,73.9,2,2,8,False,True,False,12,7.497,2026-08-09,2650.0
LIM-05256,Los Olivos,-11.960720969571527,-77.06719717856153,85.7,3,3,4,False,False,False,30,1.349,2026-07-08,2150.0
LIM-05257,Jesús María,-12.076074388265893,-77.03605082842907,97.6,3,3,8,False,False,True,13,2.304,2026-07-28,5850.0
LIM-05258,La Molina,-12.092603962745654,-76.92677105434532,108.3,3,1,16,True,True,False,19,8.613,2026-05-20,5950.0
LIM-05259,La Molina,-12.096337105740435,-76.94480631351053,123.1,3,2,7,False,True,False,8,6.692,2026-06-06,6250.0
LIM-05260,Miraflores,-12.1239967695256,-77.03919014904314,83.0,3,2,3,False,False,False,27,2.658,2026-03-26,6050.0
LIM-05261,Lince,-12.06265232891785,-77.01488559087088,61.7,1,1,7,False,False,False,9,0.391,2026-04-24,3250.0
LIM-05262,Jesús María,-12.074359765241232,-77.06193160136083,70.3,2,2,3,False,False,False,8,3.714,2026-07-23,2650.0
LIM-05263,Miraflores,-12.134832842433722,-77.00791305388262,60.5,2,1,11,True,False,False,16,0.853,2026-05-12,3000.0
LIM-05264,Los Olivos,-11.95787417119858,-77.05537037562098,124.4,5,4,8,False,True,False,21,1.781,2026-06-22,3900.0
LIM-05265,Surco (Santiago de Surco),-12.140663141229501,-76.97712721450286,86.2,3,2,6,True,False,False,9,4.196,2026-07-20,4600.0
LIM-05266,San Isidro,-12.093794891947772,-77.02847530972832,94.4,2,1,14,True,True,False,15,1.945,2026-07-12,8750.0
LIM-05267,Surco (Santiago de Surco),-12.142267926605118,-77.02034988048166,90.4,3,3,10,True,True,False,45,0.506,2026-07-08,6150.0
LIM-05268,Chorrillos,-12.159330720206281,-77.03056944997292,115.2,4,3,10,True,True,False,13,1.505,2026-06-22,5900.0
LIM-05269,San Martín de Porres,-12.005989117079752,-77.07691734135169,47.6,1,1,13,False,True,False,5,2.146,2026-05-19,
LIM-05270,San Borja,-12.09152570425707,-77.0067077639826,99.2,3,2,16,False,True,False,4,0.294,2026-05-11,5700.0
LIM-05271,Callao,-12.069191127014346,-77.12188335854005,56.9,2,2,1,False,True,False,23,9.502,2026-06-15,1750.0
LIM-05272,Los Olivos,-11.972414876628585,-77.06414630183009,99.7,3,2,3,True,False,False,5,0.14,2026-07-11,2850.0
LIM-05273,Surquillo,-12.097900050569118,-77.01953969142035,62.0,1,2,3,False,False,True,11,0.989,2026-02-26,1900.0
LIM-05274,Chorrillos,-12.172681909302623,-77.0327282472519,51.1,2,1,7,False,True,True,6,1.758,2026-07-01,1700.0
LIM-05275,La Molina,-12.059542408698332,-76.93457209544233,122.6,3,3,7,True,True,False,4,8.419,2026-07-08,7950.0
LIM-05276,San Miguel,-12.080629685390857,-77.08662116669815,83.8,2,2,3,True,False,False,25,6.318,2026-07-05,3400.0
LIM-05277,Jesús María,-12.070515485764473,-77.05198795131577,74.3,2,2,5,False,False,False,2,2.647,2026-05-21,3350.0
LIM-05278,Pueblo Libre,-12.050738208735416,-77.05456480579075,72.5,2,1,5,True,True,False,27,2.006,2026-02-28,2850.0
LIM-05279,Miraflores,-12.139267078600907,-77.02825943524283,79.0,2,1,13,True,True,True,10,1.399,2026-05-05,7150.0
LIM-05280,Pueblo Libre,-12.09325300039818,-77.04712366569102,109.3,4,3,2,False,False,False,12,3.97,2026-06-02,4550.0
LIM-05281,Callao,-12.066146098126513,-77.11628550537331,76.9,3,2,2,True,False,False,16,8.842,2026-05-14,1800.0
LIM-05282,Surco (Santiago de Surco),-12.12523952772632,-76.97911286800104,131.4,3,2,2,False,False,False,8,3.835,2026-05-22,6550.0
LIM-05283,Comas,-11.962318214199984,-77.0844838333765,93.9,2,1,6,False,True,False,10,2.588,2026-04-21,2600.0
LIM-05284,La Molina,-12.079635411321256,-76.93968937172146,166.5,5,4,12,True,False,True,15,7.274,2026-07-21,11050.0
LIM-05285,Miraflores,-12.114779519666133,-77.03417434156016,69.6,2,1,12,False,False,False,36,2.239,2026-07-30,3450.0
LIM-05286,Miraflores,-12.096927317201576,-77.03970861186012,60.6,3,2,12,True,False,True,14,3.156,2026-04-29,6600.0
LIM-05287,Surquillo,-12.102154180893852,-77.00359799304714,45.7,1,1,6,False,True,False,31,1.047,2026-05-10,1600.0
LIM-05288,San Borja,-12.103931397150026,-76.98793095081749,89.0,3,2,10,True,True,False,17,2.547,2026-07-08,5400.0
LIM-05289,Surco (Santiago de Surco),-12.118690404778164,-77.01907772026911,73.7,2,1,2,False,False,True,30,0.584,2026-05-16,4450.0
LIM-05290,Jesús María,-12.067133152706623,-77.0404140523762,125.4,4,2,8,False,True,False,3,1.701,2026-05-02,5650.0
LIM-05291,Surco (Santiago de Surco),-12.140520840655526,-76.98787022344314,71.9,2,1,4,True,False,True,6,3.03,2026-04-23,4450.0
LIM-05292,Magdalena del Mar,-12.109235269324586,-77.08437685807989,62.5,2,2,9,False,False,False,10,7.731,2026-05-05,2300.0
LIM-05293,Chorrillos,-12.181532387244317,-77.02812364736356,98.8,3,2,4,False,False,True,9,1.22,2026-05-18,3550.0
LIM-05294,Lince,-12.085580886494567,-77.05238690269518,99.4,3,2,13,False,True,False,14,4.088,2026-05-08,3600.0
LIM-05295,San Miguel,-12.075299779135806,-77.09685038276685,98.6,3,2,6,False,False,False,7,7.07,2026-07-11,
LIM-05296,Jesús María,-12.099222347177042,-77.05112985045969,112.3,3,3,4,True,True,False,12,4.412,2026-05-24,6400.0
LIM-05297,Comas,-11.945634724019088,-77.05243603863569,92.6,3,2,2,False,False,False,9,3.155,2026-07-20,2000.0
LIM-05298,Barranco,-12.149057018765406,-77.018167435626,68.5,2,1,5,False,True,True,13,0.299,2026-07-14,5500.0
LIM-05299,Barranco,-12.142829550661443,-77.03411889738365,133.3,4,3,8,False,True,True,7,2.004,2026-05-23,10600.0
LIM-05300,Miraflores,-12.101578389409925,-77.02653350810066,128.8,3,2,17,True,True,False,12,1.838,2026-06-08,8750.0
LIM-05301,San Borja,-12.106072157574657,-77.00164854503284,113.1,4,2,6,False,False,False,12,1.054,2026-02-15,7550.0
LIM-05302,Jesús María,-12.084514754514974,-77.06021791456398,114.0,3,2,8,False,False,False,5,4.424,2026-06-04,5900.0
LIM-05303,Pueblo Libre,-12.095416952603218,-77.08217408692528,98.7,3,2,3,False,False,False,2,6.919,2026-03-21,4650.0
LIM-05304,Surco (Santiago de Surco),-12.12675586850265,-76.9875023599797,64.6,1,1,9,False,False,False,20,2.97,2026-04-01,2650.0
LIM-05305,San Isidro,-12.10762904831373,-77.03134323420625,83.9,3,2,9,False,True,True,32,2.212,2026-03-11,5450.0
LIM-05306,Jesús María,-12.063197956274065,-77.04231877166063,129.2,4,3,8,False,False,False,8,1.373,2026-02-14,6500.0
LIM-05307,Comas,-11.926230958174049,-77.0707389332019,119.6,3,3,9,False,True,False,21,5.171,2026-02-15,3200.0
LIM-05308,Surco (Santiago de Surco),-12.15352889719175,-76.99294704165479,93.1,3,2,7,True,True,False,12,2.573,2026-04-04,4900.0
LIM-05309,Miraflores,-12.114453289294893,-77.0459043697648,121.5,3,2,5,True,False,False,18,3.509,2026-03-25,8050.0
LIM-05310,Surco (Santiago de Surco),-12.119488531075927,-77.00683899374222,106.9,3,2,7,False,False,False,20,0.782,2026-05-22,5500.0
LIM-05311,La Molina,-12.074571528096637,-76.94479521360302,140.1,5,3,8,False,False,False,24,6.835,2026-06-02,5500.0
LIM-05312,Barranco,-12.174556553242926,-77.01825176363613,78.9,1,1,12,False,True,False,12,0.392,2026-06-19,4000.0
LIM-05313,Surco (Santiago de Surco),-12.145243824537523,-77.01454581475127,113.0,3,3,7,False,False,False,4,0.382,2026-05-28,7400.0
LIM-05314,Lince,-12.100462166069006,-77.04599053657162,82.7,2,1,13,True,True,False,9,3.872,2026-07-10,4000.0
LIM-05315,Surco (Santiago de Surco),-12.128718326938236,-76.999384714033,144.0,3,2,11,True,True,False,21,1.709,2026-03-23,8200.0
LIM-05316,La Molina,-12.081840080518175,-76.93369777520508,173.8,5,4,7,True,True,False,12,7.891,2026-07-15,11250.0
LIM-05317,San Isidro,-12.129574702535288,-77.04645723303439,73.6,2,1,10,True,False,True,2,3.378,2026-02-28,5800.0
LIM-05318,San Martín de Porres,-12.002509979455935,-77.07891309660646,100.8,4,2,2,True,False,False,26,2.215,2026-07-14,2250.0
LIM-05319,La Molina,-12.077191362035906,-76.9422552883124,165.2,5,4,6,True,True,False,8,7.044,2026-05-15,10250.0
LIM-05320,Surco (Santiago de Surco),-12.13322428810531,-76.99799630190869,91.1,2,1,3,False,False,False,5,1.926,2026-04-30,4750.0
LIM-05321,San Isidro,-12.095444796966003,-77.03348375954208,55.9,2,1,10,False,True,True,3,2.478,2026-07-08,4800.0
LIM-05322,Jesús María,-12.077979924240624,-77.06513900165477,59.8,2,1,2,False,False,False,34,4.242,2026-05-10,2350.0
LIM-05323,Chorrillos,-12.187407291292896,-77.02596944638275,62.7,2,2,5,False,False,False,12,1.393,2026-03-04,1950.0
LIM-05324,San Isidro,-12.097404669886688,-77.01948768171037,73.4,3,2,6,True,True,False,10,0.972,2026-03-13,8300.0
LIM-05325,Miraflores,-12.12047487858518,-77.01134282117603,59.1,1,1,11,True,False,True,13,0.408,2026-02-20,5350.0
LIM-05326,Miraflores,-12.113716945756005,-77.01928495105668,104.3,4,3,9,False,False,True,8,0.743,2026-05-26,9900.0
LIM-05327,Jesús María,-12.065242000908455,-77.03579529372057,73.2,2,1,5,True,True,True,1,1.428,2026-07-25,4700.0
LIM-05328,San Martín de Porres,-11.997869662970041,-77.10251093027249,134.7,3,2,2,False,False,False,27,4.711,2026-06-11,2150.0
LIM-05329,Magdalena del Mar,-12.08236109962498,-77.08708435062353,54.3,2,2,6,True,False,True,5,6.459,2026-08-05,3400.0
LIM-05330,Surco (Santiago de Surco),-12.139499096017628,-76.99873321883614,84.8,1,1,6,True,False,False,20,1.865,2026-08-08,4100.0
LIM-05331,San Miguel,-12.094728294838557,-77.06381229688303,80.6,2,2,15,True,True,False,4,5.583,2026-08-05,3550.0
LIM-05332,San Miguel,-12.071675355966983,-77.09655700769407,101.1,3,2,4,True,False,False,20,6.904,2026-06-29,4200.0
LIM-05333,Barranco,-12.147883445347329,-77.01246114840453,100.9,3,2,12,True,True,False,1,0.573,2026-08-07,7550.0
LIM-05334,Miraflores,-12.115136821811841,-77.02485953566094,63.1,2,1,7,False,False,True,13,1.236,2026-03-01,5800.0
LIM-05335,Surco (Santiago de Surco),-12.150173416179396,-76.99072651847123,130.6,4,3,4,True,False,False,31,2.804,2026-08-06,8250.0
LIM-05336,San Miguel,-12.055910446936668,-77.09308236748244,45.5,1,1,7,False,False,True,15,6.198,2026-07-13,1900.0
LIM-05337,Pueblo Libre,-12.065073971036037,-77.07750039396272,99.1,3,2,4,True,False,False,3,4.707,2026-03-13,5150.0
LIM-05338,Lince,-12.08855596269199,-77.06571396696182,44.3,1,1,6,False,False,False,12,5.144,2026-07-15,1700.0
LIM-05339,Surquillo,-12.125925437751574,-77.00211789021557,75.0,2,1,1,False,False,False,1,1.379,2026-03-02,2450.0
LIM-05340,Surco (Santiago de Surco),-12.122074159074813,-77.0023979734351,136.3,4,2,5,True,False,False,7,1.332,2026-05-15,8150.0
LIM-05341,Surco (Santiago de Surco),-12.148221237384766,-77.01740535833966,126.2,4,2,5,True,False,False,29,0.346,2026-07-22,
LIM-05342,San Isidro,-12.070063622102497,-77.03144446774796,50.3,2,1,6,False,True,True,14,1.472,2026-05-20,3950.0
LIM-05343,Chorrillos,-12.182058459278792,-77.01307452709118,71.1,2,2,4,False,False,False,13,0.66,2026-04-27,2500.0
LIM-05344,Jesús María,-12.052953937424734,-77.03978529226222,100.6,2,2,2,False,False,False,27,0.395,2026-07-04,4250.0
LIM-05345,Surco (Santiago de Surco),-12.137213685420873,-76.98161141157843,118.4,3,2,7,False,False,False,8,3.724,2026-03-12,5950.0
LIM-05346,San Isidro,-12.078231039494158,-77.04772783643135,92.8,2,1,20,False,True,False,9,3.134,2026-06-29,8000.0
LIM-05347,Pueblo Libre,-12.082418422081918,-77.07359978048002,37.1,2,2,5,False,False,False,7,5.261,2026-05-21,1800.0
LIM-05348,San Miguel,-12.07717396345744,-77.09662443922076,114.4,3,2,4,True,False,False,6,7.125,2026-03-06,5700.0
LIM-05349,Lince,-12.075443008037954,-77.02344031779134,105.6,3,2,8,False,True,False,7,1.104,2026-04-05,5200.0
LIM-05350,Miraflores,-12.11315507435965,-77.05463166792575,79.0,3,3,6,True,False,False,17,4.468,2026-02-19,5100.0
LIM-05351,San Martín de Porres,-11.985690857996106,-77.07906152396691,96.8,3,2,10,False,True,False,19,2.318,2026-04-28,2400.0
LIM-05352,San Miguel,-12.08324966537762,-77.08161453810622,91.6,3,2,3,False,False,False,3,6.013,2026-06-26,3400.0
LIM-05353,Lince,-12.084082299525804,-77.02260972263578,108.5,2,1,10,False,True,False,29,1.197,2026-07-01,4350.0
LIM-05354,Lince,-12.070119337088023,-77.02479726098196,73.7,3,1,12,False,False,False,24,1.236,2026-07-13,3350.0
LIM-05355,San Martín de Porres,-12.007363066020629,-77.06784399375705,84.7,2,1,1,False,False,False,11,1.445,2026-03-25,2150.0
LIM-05356,San Martín de Porres,-11.99202950726658,-77.11356619247819,101.7,2,2,2,True,False,False,8,5.94,2026-08-04,2750.0
LIM-05357,Jesús María,-12.076229922877333,-77.02963837572514,79.7,2,1,3,False,True,False,10,1.754,2026-03-29,3950.0
LIM-05358,La Molina,-12.084329510721009,-76.94123514055713,110.0,4,3,9,True,True,False,12,7.05,2026-02-17,6650.0
LIM-05359,Surco (Santiago de Surco),-12.133985397403027,-76.97898418473987,54.0,1,1,5,False,False,False,6,3.991,2026-06-20,2550.0
LIM-05360,Surquillo,-12.124159397809418,-77.03159561372296,76.8,2,1,3,True,False,False,6,1.834,2026-06-01,3450.0
LIM-05361,Lince,-12.08822831830547,-77.05434592213506,98.9,3,2,5,True,True,False,5,4.446,2026-06-07,5350.0
LIM-05362,San Isidro,-12.09546081297508,-77.01526346777993,117.8,3,2,10,False,False,False,45,0.498,2026-03-25,7900.0
LIM-05363,Miraflores,-12.122332687984546,-77.04051826201542,101.7,3,2,15,False,False,True,9,2.821,2026-03-04,6650.0
LIM-05364,Los Olivos,-11.95002716860247,-77.07523018685559,86.5,3,2,9,True,False,True,40,2.797,2026-05-12,2800.0
LIM-05365,Los Olivos,-11.956780533318204,-77.06517054431446,92.2,3,2,3,True,False,False,8,1.721,2026-04-03,2800.0
LIM-05366,Callao,-12.053120234018078,-77.10882536007654,124.4,4,2,2,False,False,False,8,7.898,2026-05-23,3100.0
LIM-05367,La Molina,-12.095957754192634,-76.93225900446163,145.2,4,2,8,False,True,False,8,8.044,2026-02-20,7400.0
LIM-05368,San Miguel,-12.087288277102775,-77.09011936599131,125.5,5,3,5,True,False,False,15,7.03,2026-02-13,5350.0
LIM-05369,Surquillo,-12.091014267576634,-77.0301517106767,52.4,1,1,11,True,False,False,19,2.181,2026-06-20,2000.0
LIM-05370,Surco (Santiago de Surco),-12.147118625232865,-76.98652040840996,76.4,3,2,13,False,False,True,27,3.223,2026-06-23,3550.0
LIM-05371,Miraflores,-12.119733684582194,-77.0207293273232,67.4,2,2,11,False,True,True,9,0.787,2026-07-23,5300.0
LIM-05372,Comas,-11.938668615427815,-77.08378041869423,70.3,1,1,4,True,False,True,19,4.356,2026-03-20,1400.0
LIM-05373,San Isidro,-12.100935883817801,-77.01967578190016,55.7,1,1,11,False,False,False,5,1.131,2026-04-18,4450.0
LIM-05374,Jesús María,-12.08562644517493,-77.07884490735073,92.9,3,2,7,False,False,False,30,5.929,2026-03-25,4100.0
LIM-05375,Lince,-12.094518759668079,-77.02088701236087,77.3,3,2,7,False,True,False,4,1.117,2026-07-05,3850.0
LIM-05376,Lince,-12.09165806002765,-77.04090931961669,73.6,2,2,4,False,False,False,4,3.317,2026-05-21,2700.0
LIM-05377,Barranco,-12.157913914429173,-77.0129338862246,78.4,2,2,6,True,True,True,11,0.634,2026-03-16,5850.0
LIM-05378,Pueblo Libre,-12.05766735528183,-77.05697766953641,47.0,2,1,4,False,True,False,14,2.334,2026-03-26,1600.0
LIM-05379,Barranco,-12.149509511921671,-77.02184547058687,60.0,2,2,18,False,True,False,8,0.611,2026-03-12,3600.0
LIM-05380,Surquillo,-12.12098561321377,-77.01208696032744,59.2,1,1,1,True,False,True,13,0.41,2026-03-22,2450.0
LIM-05381,Barranco,-12.148116503473593,-77.02243738386497,71.1,1,1,6,False,False,False,12,0.731,2026-06-20,4000.0
LIM-05382,Pueblo Libre,-12.065584529136462,-77.05453259008117,47.0,1,1,4,False,False,False,7,2.475,2026-07-09,2600.0
LIM-05383,San Miguel,-12.081535436472691,-77.06657673885461,58.0,2,2,7,False,False,False,16,4.627,2026-03-18,2050.0
LIM-05384,Miraflores,-12.11027622445789,-77.04549486788761,65.2,2,2,7,True,True,False,15,3.543,2026-07-31,3850.0
LIM-05385,Barranco,-12.164653761292278,-77.05965775593526,98.2,3,2,15,True,True,False,18,4.646,2026-08-08,7500.0
LIM-05386,San Miguel,-12.063344356414603,-77.09778809120334,84.8,2,2,10,True,False,False,30,6.807,2026-06-01,3250.0
LIM-05387,San Isidro,-12.097307428077267,-77.04250831079896,117.9,4,3,18,True,True,False,37,3.462,2026-05-23,10400.0
LIM-05388,Miraflores,-12.12167614822102,-77.03393081810476,72.1,2,2,10,False,True,True,17,2.127,2026-06-12,5750.0
LIM-05389,Magdalena del Mar,-12.103816171893577,-77.08681726744713,78.0,2,2,12,True,True,True,12,7.936,2026-04-29,5600.0
LIM-05390,San Martín de Porres,-12.013634201566163,-77.07013078996958,105.6,3,2,2,False,True,False,18,2.152,2026-05-17,2700.0
LIM-05391,Jesús María,-12.093600063229786,-77.06557595347059,75.6,2,2,6,False,False,False,16,5.585,2026-02-21,3800.0
LIM-05392,La Molina,-12.095953320027398,-76.93979069873134,90.1,3,2,2,False,False,False,3,7.229,2026-07-08,5400.0
LIM-05393,Ate,-12.039347921352771,-76.9083384125857,57.1,1,1,5,False,False,True,3,10.756,2026-07-10,1500.0
LIM-05394,Magdalena del Mar,-12.107035341067656,-77.07190240911551,64.4,2,2,8,True,False,True,20,6.427,2026-06-22,3600.0
LIM-05395,Magdalena del Mar,-12.114081378228692,-77.06985428069008,101.9,3,3,7,False,False,False,22,6.107,2026-02-27,5450.0
LIM-05396,La Molina,-12.097708783730054,-76.93380879293127,164.7,5,4,6,True,False,False,3,7.898,2026-04-03,11400.0
LIM-05397,Surco (Santiago de Surco),-12.139617999810051,-76.99435721661293,74.2,3,2,10,True,True,False,6,2.335,2026-05-07,5050.0
LIM-05398,Surco (Santiago de Surco),-12.139146014671947,-76.99915795936471,54.5,2,1,13,False,False,False,22,1.826,2026-05-25,3400.0
LIM-05399,Pueblo Libre,-12.075146714898914,-77.05726355473651,100.9,2,1,15,True,True,False,11,3.412,2026-07-05,4200.0
LIM-05400,San Isidro,-12.08480872384738,-77.02949560514865,86.9,2,2,12,False,False,False,13,1.891,2026-03-12,6450.0
LIM-05401,Lince,-12.070108946742902,-77.02262382774538,44.2,1,1,6,True,True,False,2,1.019,2026-05-01,1850.0
LIM-05402,Miraflores,-12.097034449935329,-77.04994871311868,27.7,1,1,7,True,True,True,19,4.27,2026-03-17,1950.0
LIM-05403,La Molina,-12.106298887800383,-76.94740237824821,80.8,3,2,9,False,True,False,2,6.645,2026-07-18,4200.0
LIM-05404,Miraflores,-12.131370607044037,-77.04218441944909,64.7,3,2,6,True,False,True,19,2.893,2026-08-08,5600.0
LIM-05405,San Borja,-12.099918178115283,-76.99186842208066,62.3,2,1,10,False,False,False,34,1.95,2026-07-04,2900.0
LIM-05406,Pueblo Libre,-12.079048374586302,-77.05437948994395,93.6,3,3,4,True,False,False,37,3.562,2026-05-09,3550.0
LIM-05407,Surco (Santiago de Surco),-12.124670562361809,-76.99829295217388,73.2,3,2,7,False,True,True,20,1.798,2026-04-26,3950.0
LIM-05408,Miraflores,-12.118614638838622,-77.0381512157835,75.3,2,1,6,True,True,False,3,2.649,2026-07-25,5550.0
LIM-05409,Barranco,-12.13044954947956,-77.01423643758089,149.6,4,3,7,True,False,True,19,0.415,2026-03-07,11800.0
LIM-05410,Surquillo,-12.102187406632806,-77.01909890780391,67.5,2,1,7,False,True,False,9,1.157,2026-03-04,2200.0
LIM-05411,Surco (Santiago de Surco),-12.122267800481293,-76.97788240005453,91.6,2,1,11,False,True,False,3,3.822,2026-06-21,5750.0
LIM-05412,San Miguel,-12.082342459304325,-77.07152456335021,75.7,3,2,5,True,False,False,14,5.083,2026-07-15,3050.0
LIM-05413,Surco (Santiago de Surco),-12.13616953015162,-76.98299146741638,117.7,4,3,2,True,False,True,27,3.565,2026-04-17,6050.0
LIM-05414,Miraflores,-12.124763041490809,-77.02660811112742,89.3,1,1,4,True,False,True,6,1.288,2026-08-07,7450.0
LIM-05415,Pueblo Libre,-12.0916707057238,-77.04119310136582,54.4,2,1,2,False,False,True,32,3.347,2026-04-24,1800.0
LIM-05416,Magdalena del Mar,-12.077838768934052,-77.07281135651304,68.4,2,1,12,False,True,True,9,4.884,2026-07-05,4250.0
LIM-05417,San Isidro,-12.088255352293883,-77.04245032668499,68.7,2,2,20,True,False,False,9,3.342,2026-06-10,4600.0
LIM-05418,Callao,-12.06074032548897,-77.12620408523723,77.6,2,2,4,False,True,False,6,9.831,2026-05-09,2250.0
LIM-05419,Miraflores,-12.10544488991048,-77.03784201874942,134.6,3,2,4,False,False,False,1,2.948,2026-07-23,12450.0
LIM-05420,Surco (Santiago de Surco),-12.142564411760965,-76.99507643696802,115.8,3,2,4,True,False,False,3,2.243,2026-05-31,5850.0
LIM-05421,La Molina,-12.108857613621463,-76.93964295820605,107.2,3,2,4,False,True,False,24,7.535,2026-07-09,3850.0
LIM-05422,Magdalena del Mar,-12.083411562965276,-77.09268188327383,116.2,3,3,12,False,True,False,6,7.044,2026-06-16,6000.0
LIM-05423,Surquillo,-12.130042722797391,-77.02288711113081,69.0,2,1,4,False,False,False,9,0.891,2026-04-28,2550.0
LIM-05424,San Isidro,-12.09954930558749,-77.03414578783263,50.3,2,2,20,True,True,True,6,2.583,2026-04-02,4800.0
LIM-05425,Callao,-12.054126523510595,-77.11037648477007,144.8,5,4,2,True,False,False,8,8.069,2026-02-12,4200.0
LIM-05426,Lince,-12.080474415863135,-77.03361107302496,64.7,2,2,3,True,False,False,19,2.195,2026-05-09,2950.0
LIM-05427,Callao,-12.046419187325554,-77.11516590239405,41.3,1,1,3,True,False,False,39,8.163,2026-05-06,1100.0
LIM-05428,Surquillo,-12.107729782884789,-77.03236226888389,39.0,1,1,4,False,False,False,33,2.303,2026-07-28,1150.0
LIM-05429,San Martín de Porres,-11.992301289681256,-77.09154144085214,129.1,3,2,8,False,True,False,13,3.565,2026-05-19,3550.0
LIM-05430,Jesús María,-12.083089021384678,-77.04973034204741,48.2,1,1,6,False,False,False,23,3.716,2026-03-31,1750.0
LIM-05431,Surco (Santiago de Surco),-12.131469077312788,-76.98887338661773,146.3,4,3,9,False,True,False,28,2.891,2026-06-06,9550.0
LIM-05432,Magdalena del Mar,-12.1135665996406,-77.07292436049381,80.0,2,2,7,True,False,False,24,6.444,2026-06-07,4300.0
LIM-05433,Lince,-12.066354347618567,-77.04348589263874,85.5,2,2,7,False,False,False,4,1.742,2026-07-27,5150.0
LIM-05434,La Molina,-12.103630777885819,-76.94803874392258,101.3,2,1,6,False,False,False,13,6.498,2026-03-24,5550.0
LIM-05435,Pueblo Libre,-12.077757278065077,-77.04495793988548,88.7,3,2,11,False,True,False,19,2.976,2026-03-10,
LIM-05436,Miraflores,-12.136926490868321,-77.02286890120884,83.0,2,2,14,False,True,True,5,0.849,2026-03-08,6700.0
LIM-05437,Surquillo,-12.123461995430388,-77.01945039652027,64.2,2,1,3,True,False,True,5,0.563,2026-07-25,3450.0
LIM-05438,Miraflores,-12.120938859014815,-77.04171004114063,53.3,2,1,8,False,False,True,15,2.973,2026-06-08,3800.0
LIM-05439,Callao,-12.062945097182192,-77.12666045340568,95.3,3,2,2,True,False,False,14,9.906,2026-07-15,2900.0
LIM-05440,Miraflores,-12.107369044902253,-77.02932091565319,41.9,1,1,10,False,True,False,27,2.041,2026-03-31,2600.0
LIM-05441,Miraflores,-12.118377187808447,-77.0260886348168,101.0,3,2,11,True,True,False,2,1.338,2026-05-03,9850.0
LIM-05442,Surquillo,-12.120254916750742,-77.01071323865878,69.2,1,1,4,False,True,False,31,0.44,2026-06-08,3250.0
LIM-05443,Surquillo,-12.116302983159688,-77.01284417298733,75.4,2,1,4,False,False,True,8,0.187,2026-07-16,2850.0
LIM-05444,San Miguel,-12.06276359451533,-77.09724283634722,33.8,1,1,3,False,False,False,3,6.737,2026-06-20,1050.0
LIM-05445,Callao,-12.045693549400585,-77.12423325879271,59.3,1,1,2,False,True,False,18,8.874,2026-05-31,1400.0
LIM-05446,Surco (Santiago de Surco),-12.148665250728184,-76.97043613341253,80.8,2,1,5,False,False,False,10,4.976,2026-04-19,3800.0
LIM-05447,Surquillo,-12.122867820569674,-77.02417760786314,80.6,3,2,5,False,False,False,23,1.067,2026-04-18,2700.0
LIM-05448,Surco (Santiago de Surco),-12.129302522175788,-77.01050044434358,70.3,2,2,4,False,False,False,11,0.616,2026-06-09,3850.0
LIM-05449,San Borja,-12.104059600967675,-77.01826460973662,203.4,5,4,4,True,False,False,4,1.043,2026-07-17,14050.0
LIM-05450,Magdalena del Mar,-12.108104578496784,-77.07993826664556,71.7,2,2,18,False,False,False,3,7.269,2026-07-02,3050.0
LIM-05451,San Isidro,-12.088210480928321,-77.02542019415199,61.4,1,1,8,False,True,True,1,1.722,2026-03-22,6000.0
LIM-05452,Jesús María,-12.084290489682237,-77.0559113722721,75.4,3,2,7,False,False,False,15,4.144,2026-04-28,3750.0
LIM-05453,San Miguel,-12.061754078713724,-77.07506982549668,57.5,2,1,8,False,True,False,3,4.353,2026-03-16,2450.0
LIM-05454,Miraflores,-12.114746610125005,-77.02948737854166,51.3,1,1,11,False,False,True,10,1.737,2026-07-16,5200.0
LIM-05455,Callao,-12.070183093407747,-77.10478530319904,117.5,3,1,6,False,False,True,11,7.716,2026-08-07,3250.0
LIM-05456,San Borja,-12.114648920417562,-77.00769265359033,106.1,2,1,8,False,False,False,15,0.635,2026-08-09,5250.0
LIM-05457,Miraflores,-12.127657527374344,-77.03830660073503,88.5,3,3,4,False,False,True,8,2.554,2026-06-23,7700.0
LIM-05458,Lince,-12.083181479344372,-77.03220745156004,102.3,4,3,7,False,False,False,4,2.107,2026-07-04,3850.0
LIM-05459,Miraflores,-12.12354772277615,-77.02360934400386,87.6,2,2,8,True,False,True,8,0.987,2026-04-29,10650.0
LIM-05460,San Isidro,-12.110945866960583,-77.03884748691078,60.4,2,2,7,True,False,True,12,2.825,2026-05-18,7250.0
LIM-05461,Lince,-12.101831109754672,-77.02979041459183,85.3,2,1,15,True,True,False,26,2.181,2026-04-24,4350.0
LIM-05462,Miraflores,-12.114511719987226,-77.02233816855859,52.3,2,1,4,True,False,True,31,0.994,2026-05-25,2800.0
LIM-05463,Miraflores,-12.11766515762523,-77.04644606815728,64.4,1,1,11,True,True,True,25,3.549,2026-05-25,4750.0
LIM-05464,San Miguel,-12.07613354931354,-77.09689124939027,76.9,2,2,7,True,False,False,14,7.108,2026-04-10,3200.0
LIM-05465,San Isidro,-12.093951217692476,-77.04292419034871,81.1,2,2,18,True,True,False,8,3.51,2026-05-13,7150.0
LIM-05466,Surquillo,-12.122127029770299,-77.02314146589144,36.6,1,1,6,False,True,False,13,0.99,2026-02-18,1550.0
LIM-05467,Surquillo,-12.112492091706697,-77.01261746725778,47.7,1,1,4,True,False,False,19,0.38,2026-06-18,2250.0
LIM-05468,Miraflores,-12.090637933220188,-77.03545747322698,74.5,2,1,4,False,True,True,11,2.752,2026-07-02,7300.0
LIM-05469,San Borja,-12.094205194551034,-77.02266093163453,74.0,2,1,3,False,True,False,16,1.313,2026-04-09,4500.0
LIM-05470,Miraflores,-12.124560901411519,-77.032238223822,107.5,4,3,7,True,False,True,12,1.9,2026-08-07,9650.0
LIM-05471,Jesús María,-12.079880460965216,-77.0617728723751,121.2,3,2,12,True,True,True,7,4.132,2026-06-22,7250.0
LIM-05472,San Isidro,-12.131525272769899,-77.03074401622581,59.4,2,1,5,False,False,False,11,1.657,2026-06-24,4900.0
LIM-05473,Callao,-12.043775670164184,-77.10843163609775,86.6,3,2,4,False,False,False,4,7.426,2026-08-06,2050.0
LIM-05474,Barranco,-12.139960735754702,-77.04749794632028,116.2,4,3,14,True,False,True,10,3.464,2026-06-02,9150.0
LIM-05475,Lince,-12.091625935631319,-77.04259078484048,65.1,1,1,14,False,True,False,17,3.498,2026-02-23,3400.0
LIM-05476,Miraflores,-12.138280492194525,-77.02515952371897,65.8,2,2,8,False,False,False,18,1.108,2026-04-30,5050.0
LIM-05477,Barranco,-12.163263209318277,-77.03830650162242,92.2,3,2,3,False,True,True,38,2.32,2026-04-07,6750.0
LIM-05478,Magdalena del Mar,-12.090167225650246,-77.06630806947383,71.4,1,1,11,False,False,False,10,5.325,2026-03-10,3350.0
LIM-05479,Jesús María,-12.07467208880395,-77.03640820158166,120.1,3,2,5,False,False,False,9,2.198,2026-03-28,6350.0
LIM-05480,Comas,-11.934700895788712,-77.06394418760672,78.5,3,2,5,True,True,False,12,4.16,2026-06-04,2150.0
LIM-05481,San Isidro,-12.096162682339582,-77.04598693919422,73.0,2,1,13,False,True,True,21,3.837,2026-07-10,7700.0
LIM-05482,San Isidro,-12.085598894014604,-77.0644268115057,109.5,3,2,7,False,False,False,32,4.801,2026-05-30,7050.0
LIM-05483,Surco (Santiago de Surco),-12.130565098315293,-76.98523169646288,98.1,3,2,2,True,False,False,30,3.26,2026-04-26,4100.0
LIM-05484,Surco (Santiago de Surco),-12.125054455438072,-76.9709695562559,98.4,3,2,7,True,False,False,5,4.634,2026-07-05,4350.0
LIM-05485,Los Olivos,-11.993976200931064,-77.04995218561997,47.8,1,1,7,False,True,False,15,1.079,2026-05-20,1400.0
LIM-05486,San Martín de Porres,-12.01371214684597,-77.0829396822099,80.4,2,1,8,False,True,False,21,3.149,2026-03-21,2200.0
LIM-05487,Los Olivos,-11.973272220038652,-77.08461210981261,116.0,4,3,5,False,False,False,45,2.365,2026-04-08,3700.0
LIM-05488,Miraflores,-12.108145174581198,-77.01934850928406,58.4,2,1,13,False,True,True,26,0.967,2026-02-16,4350.0
LIM-05489,La Molina,-12.064233643287187,-76.94672242531382,137.6,5,4,5,False,False,False,6,6.999,2026-07-20,9650.0
LIM-05490,San Miguel,-12.079370829388644,-77.08706241931628,85.0,2,2,10,True,False,True,36,6.291,2026-06-07,3800.0
LIM-05491,Surco (Santiago de Surco),-12.142338960766658,-76.99136697956044,89.1,2,1,11,False,False,True,10,2.645,2026-03-23,4100.0
LIM-05492,Lince,-12.108559622531095,-77.03218395842984,105.0,4,2,8,False,False,False,28,2.242,2026-05-31,4650.0
LIM-05493,Barranco,-12.139037234831122,-77.0090578343582,62.8,1,1,6,True,True,True,31,0.794,2026-02-20,4050.0
LIM-05494,Surco (Santiago de Surco),-12.141602286902334,-76.98221198317164,87.1,3,2,7,True,True,True,17,3.641,2026-07-29,5000.0
LIM-05495,Chorrillos,-12.139199983967702,-77.02437225221654,76.6,2,1,4,False,False,False,6,0.993,2026-04-08,3150.0
LIM-05496,Barranco,-12.158272847040415,-77.03247734965663,71.8,3,2,7,False,True,False,13,1.733,2026-05-20,5600.0
LIM-05497,Ate,-12.021136698837672,-76.9459893900746,117.6,4,3,6,False,False,True,19,6.188,2026-05-22,3450.0
LIM-05498,Surco (Santiago de Surco),-12.12601959139695,-76.9991539363212,59.3,1,1,9,False,True,False,33,1.701,2026-06-06,2350.0
LIM-05499,San Isidro,-12.109539172791857,-77.04981990190213,112.2,3,2,4,True,False,True,18,4.02,2026-06-11,8650.0
LIM-05500,Barranco,-12.146614274536278,-77.01636963697203,71.5,2,2,6,False,True,False,22,0.51,2026-03-21,4900.0
LIM-05501,Miraflores,-12.111843433681395,-77.03343040321813,89.5,3,2,16,True,True,True,14,2.231,2026-02-16,8150.0
LIM-05502,San Borja,-12.111003026310199,-77.00132914380356,193.5,5,3,9,True,True,False,24,1.018,2026-06-27,11950.0
LIM-05503,Miraflores,-12.111044207473373,-77.01965640685097,63.7,2,2,8,False,False,False,6,0.976,2026-05-29,5200.0
LIM-05504,Jesús María,-12.063808514087818,-77.0442329438396,54.1,1,1,3,True,False,False,24,1.54,2026-03-05,2400.0
LIM-05505,Los Olivos,-11.96174393799287,-77.07290028071924,93.6,2,2,8,False,False,False,4,1.584,2026-07-29,2700.0
LIM-05506,Surco (Santiago de Surco),-12.135197680416569,-76.97476289188879,106.3,3,2,20,False,False,True,8,4.453,2026-02-23,4950.0
LIM-05507,Miraflores,-12.135199281071674,-77.02054221300399,99.1,3,3,5,False,False,False,14,0.546,2026-03-31,7550.0
LIM-05508,La Molina,-12.087721424505704,-76.95019033024494,92.6,3,2,2,False,False,False,18,6.059,2026-06-22,4200.0
LIM-05509,Surquillo,-12.112587224035408,-77.02195503919143,49.8,1,1,13,False,False,False,25,1.053,2026-07-06,1650.0
LIM-05510,Jesús María,-12.096112610452455,-77.03953944367795,49.0,1,1,4,False,False,True,9,3.136,2026-03-23,2350.0
LIM-05511,Miraflores,-12.119069176208104,-77.02696585161944,48.4,1,1,13,False,True,True,16,1.439,2026-03-17,3800.0
LIM-05512,San Borja,-12.109461615177722,-77.01205391652401,78.8,3,2,5,False,False,True,9,0.16,2026-07-11,5250.0
LIM-05513,Magdalena del Mar,-12.111059512849419,-77.06496344592266,75.1,2,1,16,False,True,False,9,5.611,2026-07-29,3750.0
LIM-05514,Surco (Santiago de Surco),-12.1389960766883,-76.97991321359764,184.0,5,4,10,False,False,False,10,3.905,2026-05-09,9700.0
LIM-05515,Miraflores,-12.124842156162012,-77.01522333358392,43.6,1,1,6,False,False,False,26,0.106,2026-04-08,3100.0
LIM-05516,Comas,-11.919838865598079,-77.04348701198182,105.8,3,2,2,False,False,False,21,6.183,2026-02-14,1950.0
LIM-05517,Miraflores,-12.118458579845871,-77.00456962244532,59.5,2,2,6,False,False,False,13,1.007,2026-07-18,4000.0
LIM-05518,Miraflores,-12.108667456984225,-77.00864049157612,80.5,2,2,7,True,True,False,2,0.242,2026-05-04,8100.0
LIM-05519,Miraflores,-12.122513783653888,-77.02531205861888,62.8,2,2,15,True,True,True,26,1.196,2026-07-19,4350.0
LIM-05520,Jesús María,-12.096086998202022,-77.0515011345035,111.4,3,1,2,False,False,False,13,4.436,2026-05-31,
LIM-05521,Magdalena del Mar,-12.08743189781414,-77.09765522036402,108.4,3,2,4,True,False,False,27,7.735,2026-05-06,5250.0
LIM-05522,Barranco,-12.15729824075505,-77.02126958585472,67.5,1,1,12,False,True,True,21,0.699,2026-06-22,4700.0
LIM-05523,La Molina,-12.090827201559856,-76.93897036729305,174.3,5,4,11,False,True,False,6,7.28,2026-08-06,11450.0
LIM-05524,Lince,-12.097735654989386,-77.03277736513486,86.7,3,3,11,False,False,False,16,2.41,2026-07-10,3250.0
LIM-05525,Surco (Santiago de Surco),-12.134126785632944,-77.01765865198408,148.3,4,3,3,True,False,False,3,0.214,2026-03-09,10050.0
LIM-05526,San Martín de Porres,-11.986117859660531,-77.08403945618497,88.8,2,1,3,False,False,False,10,2.778,2026-02-21,1700.0
LIM-05527,Surco (Santiago de Surco),-12.123807142698304,-76.98725601541372,128.8,4,4,4,True,False,False,15,2.965,2026-06-21,8350.0
LIM-05528,Miraflores,-12.102065725906579,-77.04171098041957,58.7,3,2,19,True,True,True,6,3.443,2026-05-26,4600.0
LIM-05529,Callao,-12.03586448650455,-77.11611170505715,64.4,2,1,4,False,True,True,45,7.517,2026-03-16,1900.0
LIM-05530,Surquillo,-12.139250490763098,-77.01232047598944,130.6,3,2,3,False,False,True,30,0.478,2026-04-07,4550.0
LIM-05531,Surco (Santiago de Surco),-12.149323446731149,-76.9815843883077,67.1,2,1,15,True,True,False,16,3.797,2026-05-11,3500.0
LIM-05532,Chorrillos,-12.196398298939918,-76.99754873528647,71.3,1,1,4,False,True,False,3,2.981,2026-06-16,2550.0
LIM-05533,San Borja,-12.100716835075325,-77.00313391275132,49.0,1,1,8,False,False,False,8,0.988,2026-05-19,2850.0
LIM-05534,Surco (Santiago de Surco),-12.14331698140559,-76.99279491141851,72.5,1,1,17,False,True,False,7,2.494,2026-02-20,3900.0
LIM-05535,Chorrillos,-12.180570163982127,-77.01551916992932,59.7,2,1,5,False,False,False,19,0.358,2026-04-06,1700.0
LIM-05536,San Miguel,-12.07999916918313,-77.08500750168734,62.9,2,1,11,False,False,False,11,6.131,2026-06-17,1850.0
LIM-05537,Surco (Santiago de Surco),-12.13040915174291,-76.98855116297231,104.6,3,2,5,False,True,True,22,2.901,2026-03-11,5100.0
LIM-05538,Jesús María,-12.091423852576078,-77.0318999332764,95.1,2,1,9,False,True,False,21,2.356,2026-04-18,4700.0
LIM-05539,Surco (Santiago de Surco),-12.15010636155161,-77.02297556076266,68.8,2,2,8,True,False,False,8,0.714,2026-05-29,3800.0
LIM-05540,San Isidro,-12.097184445521627,-77.03168374706132,66.0,1,1,15,True,True,True,10,2.287,2026-06-30,5750.0
LIM-05541,Ate,-12.032015048766146,-76.9101510678917,130.1,2,2,4,False,False,False,17,10.246,2026-07-17,3950.0
LIM-05542,San Borja,-12.108604768839013,-77.00142275079035,155.3,4,3,8,True,True,True,15,1.005,2026-02-25,10400.0
LIM-05543,Jesús María,-12.083099916476586,-77.07616811690995,119.6,4,2,12,True,False,False,10,5.526,2026-08-09,6800.0
LIM-05544,Jesús María,-12.099378504164052,-77.04973195332929,47.2,1,1,4,True,True,False,36,4.262,2026-06-06,1750.0
LIM-05545,San Borja,-12.096867892979276,-77.00712672915228,131.7,3,3,6,False,False,False,2,0.406,2026-07-16,7750.0
LIM-05546,Surco (Santiago de Surco),-12.143831179792686,-76.97486453508093,171.9,4,3,18,True,True,False,2,4.444,2026-07-06,11700.0
LIM-05547,Ate,-12.060169242989021,-76.91149650356206,53.5,1,1,2,True,False,False,16,10.754,2026-03-02,
LIM-05548,Jesús María,-12.094183902717505,-77.05854581792994,113.1,4,3,5,False,False,False,26,5.205,2026-07-07,4300.0
LIM-05549,Lince,-12.102369209733704,-77.05793174005754,73.1,2,2,4,True,False,False,9,5.092,2026-05-05,2600.0
LIM-05550,Magdalena del Mar,-12.107034570645446,-77.06861258781338,70.2,2,1,5,False,True,False,4,6.076,2026-04-12,3300.0
LIM-05551,Surco (Santiago de Surco),-12.13786618483433,-76.98664620967509,98.3,3,2,3,False,False,False,3,3.189,2026-04-19,4900.0
LIM-05552,San Isidro,-12.111704900457129,-77.03928932221383,98.0,3,1,13,True,True,True,4,2.85,2026-03-26,12750.0
LIM-05553,Surco (Santiago de Surco),-12.132771503549428,-76.98775589421413,137.6,3,2,10,False,True,False,6,3.04,2026-05-16,6200.0
LIM-05554,Miraflores,-12.124057372879017,-77.03357924634156,106.8,3,2,3,True,False,False,4,2.05,2026-06-19,8150.0
LIM-05555,Lince,-12.058436092529787,-77.02049341669797,42.0,1,1,5,False,False,False,41,0.437,2026-05-04,1600.0
LIM-05556,Los Olivos,-11.989353317396711,-77.05958778197075,71.5,2,2,3,False,False,True,1,0.907,2026-02-17,2500.0
LIM-05557,Surco (Santiago de Surco),-12.133062246836252,-77.01466710445683,97.9,3,2,4,False,False,False,12,0.146,2026-06-25,4850.0
LIM-05558,Surco (Santiago de Surco),-12.132911940131509,-77.0117423021273,157.1,3,2,4,False,False,False,8,0.444,2026-03-04,7850.0
LIM-05559,Lince,-12.097466688847078,-77.00892461932348,28.4,1,1,5,False,False,False,14,0.268,2026-05-05,1250.0
LIM-05560,Miraflores,-12.11995697123063,-77.01821364379967,61.7,2,1,16,True,True,False,5,0.542,2026-06-10,5350.0
LIM-05561,San Martín de Porres,-11.98966486760312,-77.09574857206034,55.2,1,1,5,False,True,True,12,4.07,2026-07-13,1800.0
LIM-05562,Surco (Santiago de Surco),-12.133842102209305,-77.01384456046108,61.3,2,2,8,False,False,False,3,0.202,2026-07-19,3700.0
LIM-05563,Miraflores,-12.104486445382163,-77.02690673521268,102.8,3,2,7,True,False,False,11,1.865,2026-07-19,7400.0
LIM-05564,Miraflores,-12.147232251417144,-77.04310778470247,63.3,1,1,5,False,False,False,21,2.926,2026-07-11,4600.0
LIM-05565,Callao,-12.066706800953632,-77.1219004886551,40.3,2,2,12,False,True,False,24,9.454,2026-03-10,1100.0
LIM-05566,Barranco,-12.131699327433228,-77.0219673502752,66.5,2,1,14,False,True,True,24,0.724,2026-03-10,4650.0
LIM-05567,Lince,-12.074155684000834,-77.03438526066637,130.4,4,3,11,False,False,False,26,2.027,2026-03-20,4850.0
LIM-05568,Miraflores,-12.114613859464805,-77.01588154061861,42.1,1,1,11,True,False,True,3,0.411,2026-06-26,4700.0
LIM-05569,Miraflores,-12.106301415121766,-77.00738292513049,88.9,2,1,14,False,False,False,5,0.515,2026-03-26,6700.0
LIM-05570,Los Olivos,-11.991898694544421,-77.07724701423399,145.3,4,3,6,True,False,True,11,2.059,2026-06-16,6200.0
LIM-05571,Miraflores,-12.111552672047326,-77.04296790996564,73.8,2,1,6,True,False,True,34,3.244,2026-05-12,5050.0
LIM-05572,San Isidro,-12.084427558050967,-77.0320338461402,157.5,5,4,20,True,True,False,20,2.132,2026-06-06,12300.0
LIM-05573,San Borja,-12.116204401994109,-76.97902223862668,72.9,3,3,12,True,False,False,1,3.508,2026-08-03,4100.0
LIM-05574,Chorrillos,-12.143149154585306,-77.02293858187608,130.2,4,4,4,False,False,False,27,0.797,2026-05-04,4600.0
LIM-05575,Surco (Santiago de Surco),-12.132643812431255,-76.98479569329584,139.9,4,2,3,False,False,False,18,3.352,2026-06-17,5650.0
LIM-05576,Miraflores,-12.147413228510104,-77.03944562711041,74.2,2,1,5,False,True,True,19,2.53,2026-03-30,4800.0
LIM-05577,Comas,-11.938424736024794,-77.06174474358279,59.0,2,1,4,True,True,False,19,3.747,2026-04-05,1550.0
LIM-05578,Lince,-12.093738320359874,-77.0472433073876,49.4,2,2,6,False,True,False,9,3.98,2026-06-28,2400.0
LIM-05579,Chorrillos,-12.160720056712846,-77.01797001527426,38.7,1,1,3,False,True,False,2,0.177,2026-03-16,1350.0
LIM-05580,San Miguel,-12.070824671599306,-77.09419745974458,94.3,2,2,6,False,False,False,25,6.631,2026-05-19,2300.0
LIM-05581,Pueblo Libre,-12.080775064867314,-77.05580252521005,87.3,2,2,6,False,False,True,4,3.808,2026-04-22,3600.0
LIM-05582,La Molina,-12.068770576980846,-76.92386326069573,112.8,3,1,6,False,True,False,9,9.199,2026-05-24,7850.0
LIM-05583,Surco (Santiago de Surco),-12.123726584328248,-76.99966674505092,91.3,2,1,4,False,False,True,15,1.66,2026-05-09,4850.0
LIM-05584,Pueblo Libre,-12.083535039852187,-77.08709674976815,115.8,4,2,6,False,True,False,6,6.528,2026-07-21,4650.0
LIM-05585,Pueblo Libre,-12.075424540966731,-77.06552524667016,82.5,3,2,12,False,True,False,6,4.089,2026-06-27,4100.0
LIM-05586,Callao,-12.05039699851083,-77.11450818851814,71.2,2,1,2,True,False,True,6,8.413,2026-04-30,2050.0
LIM-05587,Jesús María,-12.077971159153272,-77.04657719894092,83.9,2,2,12,True,False,False,19,3.059,2026-02-24,3450.0
LIM-05588,Surco (Santiago de Surco),-12.139012792846167,-76.99688907372342,182.9,5,4,13,True,True,False,7,2.072,2026-07-15,12050.0
LIM-05589,Magdalena del Mar,-12.095059299660825,-77.05784742071044,95.2,3,2,7,False,False,False,4,5.127,2026-06-15,4700.0
LIM-05590,Jesús María,-12.08638958300845,-77.04736542552159,70.6,2,2,7,True,True,False,10,3.791,2026-07-23,3050.0
LIM-05591,La Molina,-12.113593184062923,-76.94645755518144,108.4,3,2,7,True,False,True,17,6.987,2026-05-07,6350.0
LIM-05592,Surquillo,-12.111830381652014,-77.02683247352196,75.4,3,2,7,True,False,False,16,1.56,2026-02-18,2650.0
LIM-05593,Jesús María,-12.097466799391542,-77.0699605282481,69.9,2,2,5,False,False,False,2,6.212,2026-02-13,3500.0
LIM-05594,San Isidro,-12.109116464437738,-77.03274921676419,72.2,2,2,13,False,False,False,21,2.27,2026-06-11,5150.0
LIM-05595,Jesús María,-12.094858988307383,-77.0460549852016,79.7,4,2,2,False,False,False,4,3.845,2026-05-14,4250.0
LIM-05596,Jesús María,-12.093381333373136,-77.06171196641914,130.1,4,2,19,True,True,False,8,5.335,2026-03-02,5500.0
LIM-05597,San Martín de Porres,-11.993783737910569,-77.08113246831462,115.9,3,2,7,False,True,False,15,2.421,2026-04-25,3200.0
LIM-05598,La Molina,-12.089467697980721,-76.94692621720233,96.5,3,3,8,False,True,True,7,6.412,2026-04-29,5800.0
LIM-05599,Jesús María,-12.076700805465618,-77.05649400629292,105.6,3,2,9,True,True,False,42,3.489,2026-02-15,5300.0
LIM-05600,Magdalena del Mar,-12.111290821403488,-77.08521972855779,78.2,2,1,7,True,True,True,6,7.797,2026-03-22,3350.0
LIM-05601,San Borja,-12.116170189066063,-76.99373901994674,100.5,3,2,11,False,True,False,9,1.969,2026-07-21,7250.0
LIM-05602,San Isidro,-12.092682538089479,-77.0394097404186,92.2,3,3,11,False,True,False,26,3.141,2026-02-16,8050.0
LIM-05603,Los Olivos,-11.969525047183678,-77.07859192309714,44.8,1,1,3,False,False,False,11,1.731,2026-03-19,1250.0
LIM-05604,San Martín de Porres,-11.989027911267497,-77.09094006430885,33.9,1,1,5,False,False,True,36,3.579,2026-03-13,1050.0
LIM-05605,San Borja,-12.096718895854488,-77.00015982078915,96.8,3,2,9,False,False,False,13,1.061,2026-04-03,5300.0
LIM-05606,San Borja,-12.111326638299099,-76.98750619717356,68.5,2,2,10,False,True,True,4,2.517,2026-05-09,5900.0
LIM-05607,San Isidro,-12.119426991431046,-77.03422031910944,50.3,2,1,8,True,False,False,36,2.224,2026-08-05,3950.0
LIM-05608,Jesús María,-12.082679738788796,-77.0518454642637,61.5,2,2,2,False,False,False,16,3.772,2026-03-18,2550.0
LIM-05609,La Molina,-12.087972271370473,-76.94149811490517,147.9,3,3,8,False,True,False,15,7.003,2026-08-08,10200.0
LIM-05610,Pueblo Libre,-12.08291784462405,-77.04672737982399,84.1,3,2,9,False,True,True,16,3.581,2026-03-14,4200.0
LIM-05611,San Isidro,-12.109855490536006,-77.03081503157783,108.8,3,2,20,True,True,False,45,2.045,2026-04-05,7750.0
LIM-05612,Pueblo Libre,-12.072762972589318,-77.05997758822113,86.7,4,3,8,True,True,False,8,3.437,2026-05-06,4900.0
LIM-05613,Surco (Santiago de Surco),-12.105836362767201,-76.98733764594888,70.8,2,2,4,False,False,False,19,2.565,2026-06-22,3150.0
LIM-05614,Lince,-12.090958256744438,-77.03519616483827,87.2,3,2,11,True,False,False,7,2.717,2026-06-11,3650.0
LIM-05615,Jesús María,-12.073633670229903,-77.04679118615077,96.5,3,3,7,True,False,False,11,2.627,2026-05-22,5300.0
LIM-05616,Barranco,-12.165144430526771,-77.02726746508655,67.4,2,1,15,True,True,False,11,1.17,2026-06-28,4800.0
LIM-05617,Magdalena del Mar,-12.0805791873395,-77.09430663985603,79.5,3,2,5,False,False,False,18,7.053,2026-06-02,3550.0
LIM-05618,Chorrillos ,-12.164203083479782,-77.01398596977135,105.7,3,1,5,False,False,False,5,0.409,2026-03-25,3800.0
LIM-05619,Jesús María,-12.063931190326409,-77.04483983898677,62.9,2,2,10,True,False,False,21,1.59,2026-07-24,2800.0
LIM-05620,San Isidro,-12.080882450264344,-77.04015255549923,120.4,4,3,15,False,True,False,2,2.906,2026-02-22,9550.0
LIM-05621,Magdalena del Mar,-12.100628096256337,-77.06327014717678,93.5,3,2,8,False,True,False,22,5.704,2026-08-06,4900.0
LIM-05622,Surco (Santiago de Surco),-12.138629013838147,-77.00365923985035,95.1,2,1,9,False,True,False,2,1.362,2026-06-24,
LIM-05623,Lince,-12.064581457617361,-77.05455661294238,111.0,2,1,10,True,False,False,8,2.412,2026-03-28,5250.0
LIM-05624,Jesús María,-12.066007262764666,-77.05736539015027,52.9,1,1,6,False,False,False,16,2.754,2026-02-24,1850.0
LIM-05625,San Isidro,-12.12383066185613,-77.05519127163062,73.4,2,2,11,False,False,False,18,4.396,2026-05-18,6100.0
LIM-05626,Jesús María,-12.068142148292356,-77.04494356373412,64.3,3,3,16,False,True,False,15,1.992,2026-04-16,2800.0
LIM-05627,Pueblo Libre,-12.080580376729236,-77.07212493443647,84.1,2,1,4,False,False,False,23,5.008,2026-03-04,2800.0
LIM-05628,San Miguel,-12.06662193810412,-77.08098372969005,113.9,3,3,2,False,False,False,11,5.12,2026-05-22,4950.0
LIM-05629,San Isidro,-12.09230171436696,-77.02513441436928,62.1,2,1,11,True,False,True,8,1.617,2026-02-20,5350.0
LIM-05630,Surco (Santiago de Surco),-12.155886513168273,-77.00609968911886,273.6,5,3,7,True,True,False,13,1.245,2026-08-02,16400.0
LIM-05631,La Molina,-12.083574037954055,-76.95489728235907,89.0,3,2,4,False,True,False,6,5.578,2026-03-30,4950.0
LIM-05632,Miraflores,-12.118572467272982,-77.0229867241678,84.2,2,2,10,False,True,False,18,1.003,2026-07-28,6350.0
LIM-05633,La Molina,-12.082438450162423,-76.93344192262262,110.1,3,2,3,False,True,True,14,7.912,2026-06-07,6550.0
LIM-05634,San Isidro,-12.09029365377704,-77.06085144733947,86.3,2,2,8,False,False,True,22,4.994,2026-04-06,7350.0
LIM-05635,Miraflores,-12.10314840848214,-77.02601994955964,58.2,1,1,11,False,True,False,6,1.828,2026-07-11,4850.0
LIM-05636,Lince,-12.080133332124628,-77.05967108711411,95.7,3,2,3,False,False,False,12,4.003,2026-06-22,4200.0
LIM-05637,Barranco,-12.149125218474307,-77.02798219331879,53.3,2,1,7,False,True,False,9,1.269,2026-07-12,4250.0
LIM-05638,Pueblo Libre,-12.059824389349743,-77.04997611830525,42.6,1,1,2,False,True,True,3,1.71,2026-03-09,
LIM-05639,San Isidro,-12.070287111316924,-77.00058275839896,59.4,2,2,8,True,True,False,6,1.552,2026-07-05,5550.0
LIM-05640,Jesús María,-12.062619150949983,-77.0518658860098,127.0,4,3,12,False,True,False,12,2.048,2026-05-23,8700.0
LIM-05641,La Molina,-12.084325526478302,-76.96016539054044,164.1,5,4,20,True,True,True,6,5.0,2026-03-02,10550.0
LIM-05642,Surquillo,-12.109509633402773,-77.02366190609298,34.2,1,1,5,False,True,False,0,1.407,2026-05-29,1300.0
LIM-05643,San Miguel,-12.074327474887221,-77.09200716374352,101.2,3,2,7,False,True,False,7,6.54,2026-03-25,4050.0
LIM-05644,La Molina,-12.08657777901672,-76.95324289487446,58.3,2,2,4,True,True,False,14,5.732,2026-05-16,4150.0
LIM-05645,Jesús María,-12.047617950021925,-77.06009788411177,79.3,2,2,8,False,False,False,12,2.653,2026-06-21,3900.0
LIM-05646,Barranco,-12.158388640491797,-77.02652220007766,47.6,1,1,16,False,True,False,45,1.11,2026-05-11,2950.0
LIM-05647,Jesús María,-12.059741130061088,-77.0442530728053,106.4,3,2,7,True,False,True,13,1.197,2026-04-24,5850.0
LIM-05648,San Isidro,-12.098710283312407,-77.03873290726867,101.5,3,2,16,True,True,True,6,3.065,2026-02-16,9150.0
LIM-05649,Magdalena del Mar,-12.113265030041664,-77.08627923360112,106.7,3,2,5,False,False,False,20,7.893,2026-04-23,4050.0
LIM-05650,Miraflores,-12.123359812923038,-77.03744074999622,68.2,2,2,4,False,False,False,19,2.475,2026-08-04,4300.0
LIM-05651,Los Olivos,-11.975461310005047,-77.07646630259605,82.8,2,1,4,False,True,False,12,1.522,2026-07-20,2750.0
LIM-05652,Magdalena del Mar,-12.088569072178988,-77.087693116771,48.3,1,1,5,False,False,False,2,6.894,2026-03-13,2200.0
LIM-05653,Jesús María,-12.072504397328098,-77.05748573995666,57.5,2,1,11,False,False,False,13,3.218,2026-04-17,2600.0
LIM-05654,Surco (Santiago de Surco),-12.147264322363775,-76.98727636799276,128.7,3,2,11,True,False,False,18,3.145,2026-03-24,5100.0
LIM-05655,Surco (Santiago de Surco),-12.117347905038123,-76.99776385153471,106.8,3,2,4,True,True,True,22,1.634,2026-05-14,6000.0
LIM-05656,Miraflores,-12.108018391946292,-77.050441843509,77.5,2,1,12,True,False,True,10,4.127,2026-05-20,5900.0
LIM-05657,San Martín de Porres,-11.979867333614845,-77.06830061561122,134.8,3,2,7,True,False,False,13,1.045,2026-03-28,4050.0
LIM-05658,Surquillo,-12.111856424031181,-77.01249936216257,42.9,1,1,4,False,False,False,3,0.316,2026-03-21,2250.0
LIM-05659,Miraflores,-12.12152879681937,-77.04599759556496,94.4,2,1,10,False,False,False,25,3.423,2026-03-13,6650.0
LIM-05660,San Miguel,-12.068957274208577,-77.09718454807336,53.5,1,1,8,True,False,False,10,6.882,2026-06-04,2050.0
LIM-05661,La Molina,-12.093729700251052,-76.9547051859487,176.5,4,4,12,True,True,False,11,5.591,2026-04-29,9450.0
LIM-05662,San Isidro,-12.095639285343363,-77.02857713149105,101.2,3,3,11,False,True,True,27,1.944,2026-07-08,9350.0
LIM-05663,San Borja,-12.110408134791856,-77.00305982671257,122.5,4,3,10,True,True,True,10,0.824,2026-06-07,10150.0
LIM-05664,Miraflores,-12.13863241180628,-77.03027328000663,59.9,2,1,4,False,True,True,14,1.628,2026-08-09,4800.0
LIM-05665,Barranco,-12.147870533941932,-77.02367033303811,140.7,4,3,12,True,False,False,7,0.863,2026-07-28,9950.0
LIM-05666,Pueblo Libre,-12.07889160270092,-77.0808616143567,142.2,3,2,3,False,True,False,23,5.68,2026-05-03,6100.0
LIM-05667,Barranco,-12.15231062596822,-77.00453524598451,80.3,2,2,3,True,False,False,26,1.306,2026-03-23,4750.0
LIM-05668,Los Olivos,-11.9645345806522,-77.0635520393138,128.2,3,2,6,False,False,True,3,0.844,2026-04-19,3850.0
LIM-05669,Lince,-12.069829602392161,-77.04226860321259,61.7,2,1,7,False,False,True,18,2.047,2026-05-04,3350.0
LIM-05670,Surquillo,-12.124885241086576,-77.01519765694806,43.3,1,1,3,False,False,True,5,0.1,2026-07-12,2100.0
LIM-05671,Jesús María,-12.077638698581554,-77.03731058502184,103.2,2,2,9,False,True,False,25,2.525,2026-07-04,5300.0
LIM-05672,Chorrillos,-12.183880992356316,-77.01743110784692,61.1,2,1,2,False,False,False,13,0.654,2026-07-25,2250.0
LIM-05673,Surco (Santiago de Surco),-12.144962167053588,-76.97631894975999,144.5,4,3,7,False,False,False,16,4.294,2026-06-01,8100.0
LIM-05674,San Borja,-12.115434827323798,-76.96358578989698,125.9,3,1,11,False,False,True,23,5.151,2026-02-14,9850.0
LIM-05675,San Borja,-12.110657403393782,-77.00011346083093,97.0,3,2,12,False,True,False,5,1.145,2026-06-04,6900.0
LIM-05676,SAN MARTÍN DE PORRES,-11.99186954011747,-77.0875903569165,95.3,2,1,3,False,True,False,11,3.151,2026-07-19,2000.0
LIM-05677,Miraflores,-12.117254650822582,-77.04127291102425,102.9,3,3,14,False,True,True,4,2.987,2026-02-18,8100.0
LIM-05678,Jesús María,-12.086282283989,-77.07556289547715,87.3,2,1,6,False,True,False,21,5.702,2026-07-17,3550.0
LIM-05679,San Miguel,-12.061870076112996,-77.0778222593826,68.5,2,1,3,False,False,False,4,4.647,2026-08-08,2150.0
LIM-05680,Surco (Santiago de Surco),-12.123667052322276,-76.99924192572077,58.5,2,2,5,False,True,False,9,1.706,2026-06-23,2600.0
LIM-05681,Chorrillos,-12.185514227807316,-77.00759573103036,111.4,2,1,4,True,False,True,8,1.363,2026-05-26,5500.0
LIM-05682,La Molina,-12.072110669296965,-76.93228257394934,123.7,4,3,2,False,False,True,28,8.222,2026-05-12,7350.0
LIM-05683,Miraflores,-12.117176739048844,-77.04237164275916,181.1,5,4,13,False,True,False,32,3.107,2026-05-13,14300.0
LIM-05684,Jesús María,-12.075477463635103,-77.06016977033696,77.6,2,1,8,False,False,False,18,3.658,2026-08-09,2950.0
LIM-05685,La Molina,-12.082503039466248,-76.9242637573266,121.2,4,2,5,False,False,False,15,8.906,2026-07-02,5350.0
LIM-05686,San Isidro,-12.097509249547507,-77.03754078179752,94.3,2,1,13,True,False,False,4,2.924,2026-07-27,7650.0
LIM-05687,San Isidro,-12.090659056146224,-77.04462345044541,104.7,3,2,6,True,True,False,10,3.659,2026-06-03,10600.0
LIM-05688,Miraflores,-12.118852213722427,-77.04194207953884,55.0,2,1,12,True,False,False,21,3.047,2026-03-18,3700.0
LIM-05689,San Miguel,-12.081449112627267,-77.09449746936481,76.1,1,1,8,False,True,False,10,7.115,2026-02-17,3350.0
LIM-05690,Los Olivos,-11.993209921109937,-77.05340526694826,114.7,4,3,2,False,False,False,15,0.79,2026-02-25,4350.0
LIM-05691,San Borja,-12.101973809512417,-76.99037474421884,80.9,2,1,12,True,False,True,1,2.22,2026-05-15,5550.0
LIM-05692,Miraflores,-12.12558386334064,-77.02721885184427,96.6,2,1,9,False,True,False,5,1.35,2026-02-16,6150.0
LIM-05693,San Borja,-12.098964640684256,-76.9795377486769,92.8,3,2,7,False,True,False,19,3.073,2026-04-23,6750.0
LIM-05694,Chorrillos,-12.16891989925269,-77.00135069802036,93.3,3,2,2,False,False,True,3,1.867,2026-05-30,4000.0
LIM-05695,San Miguel,-12.081571970533872,-77.08879053347133,112.7,3,2,10,True,False,False,6,6.575,2026-05-02,4400.0
LIM-05696,Surco (Santiago de Surco),-12.122724141707073,-76.96168656410957,88.3,4,3,12,False,True,False,2,5.511,2026-04-19,4550.0
LIM-05697,Miraflores,-12.11864190005796,-77.03236907786712,47.1,2,1,18,False,True,False,12,2.021,2026-06-20,3700.0
LIM-05698,Los Olivos,-11.966936285831462,-77.05832365803408,80.8,2,2,9,True,False,True,6,0.76,2026-08-02,3050.0
LIM-05699,Chorrillos,-12.176357328241158,-77.02281595926051,63.0,2,1,6,False,False,False,30,0.606,2026-06-21,1650.0
LIM-05700,San Isidro,-12.076997331453123,-77.02586581876297,43.1,1,1,12,True,False,False,16,1.337,2026-04-15,2950.0
LIM-05701,Surquillo,-12.123259200749146,-77.02048064620277,62.8,1,1,2,False,False,False,16,0.675,2026-06-14,2500.0
LIM-05702,Miraflores,-12.12497209444951,-77.023863580209,79.9,2,1,3,False,False,True,5,0.989,2026-04-07,6900.0
LIM-05703,San Isidro,-12.11204802174096,-77.00801836908141,117.8,4,3,10,False,True,False,13,0.383,2026-05-22,13550.0
LIM-05704,San Miguel,-12.068679227072106,-77.08137777838343,54.2,1,1,5,False,True,True,3,5.236,2026-05-01,1750.0
LIM-05705,San Borja,-12.115285788076292,-76.99287790664772,92.6,3,2,5,False,False,True,6,2.024,2026-02-27,6250.0
LIM-05706,La Molina,-12.092440426980716,-76.95449643350614,157.8,5,3,7,False,True,False,36,5.602,2026-06-18,6950.0
LIM-05707,San Martín de Porres,-12.005103239585887,-77.07834125554596,74.9,2,1,2,False,True,False,4,2.247,2026-06-02,1600.0
LIM-05708,Chorrillos,-12.17394733700725,-77.0301960300189,97.3,3,2,9,False,True,False,9,1.452,2026-03-24,3500.0
LIM-05709,San Isidro,-12.112209115015911,-77.02605628382115,141.7,4,3,11,True,False,False,8,1.466,2026-07-27,13850.0
LIM-05710,Jesús María,-12.100518943193228,-77.03865746832373,44.1,2,1,4,False,False,False,25,3.085,2026-03-01,2000.0
LIM-05711,San Miguel,-12.071907551551288,-77.09495562535096,85.1,2,1,10,False,True,False,4,6.747,2026-07-30,4450.0
LIM-05712,San Borja,-12.133662692474445,-76.97863761615739,130.6,4,2,4,False,True,False,13,4.029,2026-06-30,6500.0
LIM-05713,Comas,-11.932750346592272,-77.04372524716756,84.9,3,2,12,False,True,False,1,4.847,2026-07-21,2200.0
LIM-05714,Lince,-12.066397667005578,-77.03150424081865,106.0,3,2,7,True,True,False,15,1.146,2026-04-18,4900.0
LIM-05715,Miraflores,-12.123070685647221,-77.02261386654014,91.9,2,1,9,False,False,False,23,0.898,2026-05-08,4950.0
LIM-05716,Miraflores,-12.105506084639355,-77.0364614866153,132.1,4,3,4,False,False,False,10,2.812,2026-06-26,11450.0
LIM-05717,Surquillo,-12.114991077034517,-77.02076616632756,78.3,2,2,5,False,True,True,13,0.815,2026-06-04,4150.0
LIM-05718,Comas,-11.923809106091065,-77.07493609256755,171.9,5,4,3,False,False,True,14,5.527,2026-06-15,4900.0
LIM-05719,Miraflores,-12.126574614225358,-77.03514004387665,82.6,2,1,12,True,True,True,5,2.213,2026-06-04,8000.0
LIM-05720,Miraflores,-12.149478581713174,-77.03065266637107,48.4,2,1,9,True,False,True,9,1.55,2026-06-19,3950.0
LIM-05721,San Miguel,-12.078358940929279,-77.11272440695986,63.7,2,2,3,True,False,True,5,8.808,2026-05-11,3300.0
LIM-05722,San Isidro,-12.076704441679071,-77.02977823230005,117.7,3,2,9,True,False,False,14,1.764,2026-05-29,10200.0
LIM-05723,San Isidro,-12.090780380328717,-77.02443446075368,117.0,3,2,7,True,True,False,5,1.594,2026-05-25,10550.0
LIM-05724,Los Olivos,-11.975083878742455,-77.07159501281892,79.7,2,1,2,True,True,False,9,1.002,2026-06-14,2850.0
LIM-05725,Surquillo,-12.110753185968582,-77.04986690470126,115.8,3,2,11,True,False,False,4,3.997,2026-05-02,4650.0
LIM-05726,Los Olivos,-11.957246501938569,-77.07453591317298,78.6,2,1,1,False,False,False,8,2.081,2026-06-19,2500.0
LIM-05727,Lince,-12.086127397266974,-77.0500206345484,78.8,1,1,11,True,True,False,5,4.04,2026-06-25,4600.0
LIM-05728,Surco (Santiago de Surco),-12.103483318975892,-77.00231542839045,109.2,3,2,7,False,False,False,3,1.135,2026-04-23,6400.0
LIM-05729,San Martín de Porres,-12.005109015478235,-77.06317676439247,58.8,1,1,6,False,False,False,13,0.95,2026-05-11,1500.0
LIM-05730,Surco (Santiago de Surco),-12.122969871335464,-77.02421367699444,91.7,3,2,13,False,True,False,18,1.067,2026-03-08,4550.0
LIM-05731,Surco (Santiago de Surco),-12.125856753162218,-77.00479635029865,203.5,5,3,5,False,True,False,28,1.088,2026-07-21,9500.0
LIM-05732,Los Olivos,-11.977297929096377,-77.06154516465774,65.5,2,1,5,False,True,False,5,0.596,2026-07-29,2150.0
LIM-05733,Lince,-12.090193283208173,-77.04172311343459,83.1,2,1,4,False,False,False,8,3.349,2026-04-30,3050.0
LIM-05734,Los Olivos,-11.956682816230247,-77.08084116212606,60.8,1,1,4,True,False,False,17,2.598,2026-06-19,1500.0
LIM-05735,Miraflores,-12.11936254534875,-77.00501112597671,55.6,2,1,12,True,False,False,10,0.973,2026-02-19,3750.0
LIM-05736,Callao,-12.052543139279273,-77.11355935127908,54.1,2,1,4,False,True,False,20,8.412,2026-06-10,1250.0
LIM-05737,Jesús María,-12.093231608244453,-77.03778837106762,108.1,3,2,7,False,False,False,13,2.959,2026-06-09,4300.0
LIM-05738,Lince,-12.077228016138056,-77.02736396338551,51.5,1,1,3,False,False,False,6,1.498,2026-04-25,1850.0
LIM-05739,San Martín de Porres,-11.99545243787101,-77.07865963130082,135.0,5,3,4,False,False,False,8,2.129,2026-03-31,3350.0
LIM-05740,La Molina,-12.087566920271694,-76.93003170108034,92.8,3,2,6,False,False,False,11,8.251,2026-07-25,4700.0
LIM-05741,Pueblo Libre,-12.069269297643292,-77.0402358407464,78.1,2,1,6,False,False,False,6,1.926,2026-02-17,3050.0
LIM-05742,Lince,-12.090010612485491,-77.05350220309532,77.6,3,2,3,False,True,False,5,4.543,2026-08-01,3700.0
LIM-05743,Surquillo,-12.121802830046601,-77.01792380827425,38.7,1,1,4,False,True,False,17,0.551,2026-04-09,1700.0
LIM-05744,Los Olivos,-11.971802626379668,-77.07201838498078,93.9,3,2,5,False,True,False,14,0.992,2026-07-13,2950.0
LIM-05745,Lince,-12.09067043813982,-77.03845132682375,76.1,2,1,8,False,False,False,1,3.053,2026-02-20,2900.0
LIM-05746,San Isidro,-12.071033645267482,-77.02492727244632,122.4,2,2,11,True,False,False,29,1.289,2026-06-20,10900.0
LIM-05747,Miraflores,-12.110157551253877,-77.02631734780977,55.2,1,1,8,False,False,False,5,1.599,2026-02-20,3850.0
LIM-05748,Callao,-12.06822162708766,-77.09499432562669,65.4,1,1,3,False,True,False,18,6.631,2026-06-18,1700.0
LIM-05749,Ate,-12.02196444797287,-76.90279680308845,113.6,3,3,1,True,False,True,11,10.653,2026-06-02,3700.0
LIM-05750,Ate,-12.051594279337236,-76.89962357074653,144.6,4,4,8,False,False,False,16,12.227,2026-06-09,3950.0
LIM-05751,San Isidro,-12.09684653559043,-77.05108997063984,70.3,2,1,16,True,False,False,14,4.393,2026-05-02,7050.0
LIM-05752,La Molina,-12.076030993660824,-76.9548730310882,74.1,2,1,14,False,False,False,6,5.733,2026-02-18,3700.0
LIM-05753,San Miguel,-12.101039862526772,-77.10148429745844,70.5,1,1,12,False,True,False,6,8.924,2026-05-26,3250.0
LIM-05754,San Miguel,-12.080244310163293,-77.07692257437299,56.4,1,1,7,False,True,False,4,5.403,2026-07-01,2300.0
LIM-05755,San Isidro,-12.104080006211607,-77.04830611543358,96.5,3,2,20,True,True,False,15,4.046,2026-03-01,7950.0
LIM-05756,Jesús María,-12.071139039045471,-77.06025521219054,56.6,1,1,6,True,False,True,20,3.344,2026-05-26,2700.0
LIM-05757,Miraflores,-12.116659403800815,-77.04285626500881,102.4,3,1,10,False,True,True,6,3.161,2026-03-02,6800.0
LIM-05758,San Borja,-12.109227112383987,-76.96556367337345,96.3,3,2,6,True,False,False,14,4.897,2026-04-22,
LIM-05759,Barranco,-12.150883767578147,-77.02310678291599,96.5,4,3,4,True,False,True,3,0.719,2026-02-15,9350.0
LIM-05760,San Isidro,-12.084418423528376,-77.03034134380128,39.1,1,1,8,True,False,False,15,1.959,2026-05-31,2100.0
LIM-05761,San Isidro,-12.093582168835992,-77.05038740781593,48.4,2,2,8,True,False,True,3,4.322,2026-07-12,4850.0
LIM-05762,San Martín de Porres,-11.998402899879377,-77.06908889920096,136.1,4,2,6,False,False,False,25,1.08,2026-05-26,3350.0
LIM-05763,San Miguel,-12.07562555290248,-77.11408399950291,62.0,2,2,6,False,False,False,15,8.854,2026-06-08,2350.0
LIM-05764,Callao,-12.034569332029637,-77.1298480329424,53.2,2,2,5,False,False,False,10,8.719,2026-05-27,1500.0
LIM-05765,Magdalena del Mar,-12.09342791227619,-77.08447648679366,73.1,2,1,8,False,True,True,12,6.955,2026-07-23,3600.0
LIM-05766,La Molina,-12.092973382059588,-76.9425735415379,118.9,3,2,8,True,True,True,14,6.9,2026-02-20,7950.0
LIM-05767,Surco (Santiago de Surco),-12.157907989063332,-77.00451698776905,90.3,3,2,5,True,True,False,2,1.431,2026-02-21,6950.0
LIM-05768,Jesús María,-12.09080724848842,-77.03071202278686,92.9,2,1,7,True,False,False,14,2.246,2026-07-22,3450.0
LIM-05769,Surco (Santiago de Surco),-12.140604310740956,-76.98896132154688,105.7,3,2,10,False,False,False,6,2.911,2026-07-06,5850.0
LIM-05770,San Miguel,-12.07870052212745,-77.10107524111301,85.3,3,2,11,True,False,False,14,7.637,2026-06-07,3450.0
LIM-05771,Surquillo,-12.121367457515323,-77.00552859507518,100.1,3,3,9,False,False,False,21,0.987,2026-04-07,3650.0
LIM-05772,Los Olivos,-11.96468627227545,-77.07621941485527,87.6,3,2,6,False,False,False,8,1.667,2026-03-27,3150.0
LIM-05773,Barranco,-12.1562220965341,-77.02848523964688,69.0,1,1,9,False,True,False,19,1.404,2026-05-29,4200.0
LIM-05774,San Borja,-12.119273871241624,-76.98785021223006,116.4,4,2,6,False,True,False,24,2.693,2026-02-18,6150.0
LIM-05775,Barranco,-12.14204827397571,-77.05083389491065,83.5,3,2,10,True,False,False,13,3.819,2026-07-17,5700.0
LIM-05776,San Isidro,-12.080767266037464,-77.02788219519925,63.7,2,1,19,True,True,False,11,1.585,2026-06-24,4450.0
LIM-05777,Pueblo Libre,-12.08688601117296,-77.07165713753056,72.8,2,2,5,False,False,False,12,5.438,2026-05-12,3550.0
LIM-05778,San Borja,-12.105375409635506,-77.00717528764382,103.5,3,2,17,True,True,False,6,0.608,2026-05-03,7750.0
LIM-05779,Pueblo Libre,-12.096460055897847,-77.03960235678093,62.2,1,1,7,False,False,False,27,3.143,2026-06-10,2000.0
LIM-05780,San Isidro,-12.114894457568727,-77.04307455326123,71.5,2,1,17,False,True,False,15,3.198,2026-07-24,4900.0
LIM-05781,Comas,-11.950065189935726,-77.05052902440684,60.9,2,2,2,True,False,False,15,2.795,2026-07-25,1450.0
LIM-05782,Comas,-11.929381074811474,-77.05864906325002,37.8,1,1,2,False,False,False,25,4.773,2026-03-08,800.0
LIM-05783,Magdalena del Mar,-12.104844472356465,-77.0711041076958,69.2,2,1,3,False,False,True,8,6.392,2026-04-06,3050.0
LIM-05784,Chorrillos,-12.184493205697187,-77.02110650709393,85.4,2,1,11,False,False,False,3,0.822,2026-06-14,2750.0
LIM-05785,Barranco,-12.148966952617267,-77.02503258602812,49.3,1,1,10,False,False,False,10,0.96,2026-07-29,3300.0
LIM-05786,San Miguel,-12.076954996666203,-77.07446413931805,121.2,4,3,9,True,True,False,33,4.977,2026-06-01,4600.0
LIM-05787,Los Olivos,-11.978321577673055,-77.06033447916253,63.0,2,2,5,False,False,False,27,0.746,2026-03-28,1650.0
LIM-05788,Surquillo,-12.09086534119284,-77.02349617150321,87.0,3,2,6,False,False,False,3,1.496,2026-08-02,3750.0
LIM-05789,Surquillo,-12.117884360477383,-77.03005051368827,74.3,2,2,2,False,False,True,6,1.767,2026-05-14,2600.0
LIM-05790,Magdalena del Mar,-12.094136980210983,-77.08271368480057,156.5,5,4,8,False,True,True,22,6.864,2026-04-17,9850.0
LIM-05791,Surquillo,-12.119521354452525,-77.0057220567594,77.3,2,1,9,False,True,False,14,0.901,2026-03-20,2750.0
LIM-05792,Pueblo Libre,-12.068320341254188,-77.048955698704,47.2,2,2,2,False,False,True,13,2.249,2026-07-29,2800.0
LIM-05793,Miraflores,-12.10628050928355,-77.02274067677581,105.1,2,1,8,False,False,True,9,1.374,2026-06-06,10750.0
LIM-05794,Miraflores,-12.101136035636545,-77.0488012511745,129.1,4,3,6,True,False,True,7,4.185,2026-05-20,14600.0
LIM-05795,San Miguel,-12.086547188103168,-77.08375465103366,44.2,1,1,8,False,False,False,8,6.415,2026-03-25,1500.0
LIM-05796,Jesús María,-12.060390457884386,-77.03335706155677,98.2,3,2,8,True,False,True,3,0.941,2026-04-12,5250.0
LIM-05797,San Borja,-12.101703830165388,-76.99651732145186,118.5,4,3,11,True,True,False,16,1.676,2026-04-29,7650.0
LIM-05798,San Martín de Porres,-11.98720556068648,-77.05684236333279,84.1,2,1,4,True,True,False,7,1.173,2026-03-11,2750.0
LIM-05799,Lince,-12.086202551272315,-77.0491516478709,31.3,1,1,2,False,True,True,16,3.974,2026-07-01,1600.0
LIM-05800,La Molina,-12.089044489279386,-76.93698230975464,100.1,3,2,8,False,False,False,3,7.493,2026-04-05,5350.0
LIM-05801,La Molina,-12.075571424251432,-76.95744265630155,91.3,2,1,3,False,False,False,11,5.476,2026-02-16,3100.0
LIM-05802,Jesús María,-12.062143689927325,-77.03629749709845,130.5,3,2,8,True,False,True,21,1.084,2026-07-06,7250.0
LIM-05803,San Miguel,-12.058611353233658,-77.0854456697311,75.8,3,2,3,False,False,True,14,5.399,2026-04-05,2600.0
LIM-05804,Jesús María,-12.071217429334595,-77.02738373019885,70.1,1,1,4,True,False,True,8,1.427,2026-05-19,4000.0
LIM-05805,San Borja,-12.109582975531618,-76.9926034969115,74.6,2,1,13,True,True,False,4,1.957,2026-06-19,4850.0
LIM-05806,Pueblo Libre,-12.103118242959932,-77.06794807221674,83.2,2,1,6,True,False,True,13,6.106,2026-07-03,3450.0
LIM-05807,Pueblo Libre,-12.092935126455945,-77.06899284254906,76.4,3,3,6,False,True,False,23,5.747,2026-03-21,4050.0
LIM-05808,Surquillo,-12.1194310192622,-77.02050212689215,50.5,3,2,3,False,False,False,29,0.754,2026-05-20,
LIM-05809,San Isidro,-12.110412707174955,-77.04282868849471,92.5,2,1,16,True,False,False,16,3.258,2026-02-19,7850.0
LIM-05810,San Miguel,-12.067630433214802,-77.07663469234983,65.3,2,1,7,False,True,True,7,4.712,2026-07-25,3400.0
LIM-05811,San Borja,-12.124020251538948,-76.98329234067886,39.3,1,1,9,False,True,False,9,3.369,2026-07-30,2050.0
LIM-05812,San Isidro,-12.103215651940204,-77.0546588093393,105.3,4,3,6,False,True,False,14,4.725,2026-02-27,
LIM-05813,Lince,-12.090644317917663,-77.03283967828301,81.7,2,1,6,False,False,False,13,2.475,2026-02-22,2750.0
LIM-05814,Pueblo Libre,-12.059143082999208,-77.0623501017984,80.0,3,2,20,False,True,False,2,2.941,2026-03-13,3400.0
LIM-05815,San Borja,-12.115598864988236,-77.0079755433816,78.1,2,1,5,True,False,True,34,0.675,2026-07-05,4350.0
LIM-05816,Surquillo,-12.109271054583424,-77.01224100009512,63.5,3,2,10,True,False,False,11,0.185,2026-05-10,2900.0
LIM-05817,Surco (Santiago de Surco),-12.132651526469727,-76.97746978994607,123.5,2,1,2,True,False,False,11,4.131,2026-07-12,6050.0
LIM-05818,Miraflores,-12.110260538174632,-77.01869829219255,61.3,2,1,13,False,True,True,3,0.883,2026-05-03,4750.0
LIM-05819,Surco (Santiago de Surco),-12.124797419374602,-76.9788351793327,125.1,4,3,9,False,False,False,8,3.84,2026-06-11,7600.0
LIM-05820,La Molina,-12.087201281354435,-76.95382161417042,68.6,2,1,6,True,False,False,18,5.666,2026-05-07,3750.0
LIM-05821,Pueblo Libre,-12.093955534151286,-77.0626619067268,79.1,2,2,7,True,False,False,20,5.443,2026-04-11,3300.0
LIM-05822,Chorrillos,-12.177480890639748,-77.0272877721512,82.7,2,1,6,False,False,False,16,1.065,2026-04-13,3850.0
LIM-05823,Pueblo Libre,-12.073839467734386,-77.06022683915305,103.4,3,2,7,True,True,False,5,3.537,2026-08-04,4300.0
LIM-05824,Miraflores,-12.117667889202167,-77.0254465890907,55.9,2,2,8,False,False,True,23,1.266,2026-03-30,3550.0
LIM-05825,Surco (Santiago de Surco),-12.143850661742649,-76.98348194393519,73.3,3,1,5,False,True,False,6,3.508,2026-04-13,4550.0
LIM-05826,Miraflores,-12.107409186579098,-77.01363809775383,48.0,1,1,6,False,True,True,6,0.417,2026-03-19,4800.0
LIM-05827,Pueblo Libre,-12.07343656698022,-77.05483227403266,62.6,3,2,2,True,False,False,7,3.095,2026-06-01,3300.0
LIM-05828,Barranco,-12.160445968173745,-77.03172203835409,76.0,3,2,8,False,False,True,25,1.61,2026-06-19,6050.0
LIM-05829,San Borja,-12.1137987340649,-77.01482607257189,50.6,1,1,12,False,True,False,8,0.448,2026-02-20,3850.0
LIM-05830,Surquillo,-12.091557488152397,-77.01125975963153,56.4,2,1,4,True,True,False,14,0.476,2026-06-06,2150.0
LIM-05831,Lince,-12.077127465284642,-77.01529374669366,82.7,3,1,3,False,True,False,9,0.203,2026-05-02,3850.0
LIM-05832,Surco (Santiago de Surco),-12.122418521333227,-76.99529750252482,91.9,3,2,5,False,False,False,30,2.079,2026-03-12,4450.0
LIM-05833,Surco (Santiago de Surco) ,-12.14749904363656,-77.0133287227456,97.3,4,3,7,True,False,True,13,0.537,2026-06-21,5500.0
LIM-05834,Lince,-12.093365956306206,-77.0082829285195,42.0,1,1,6,False,False,True,7,0.377,2026-07-20,2000.0
LIM-05835,San Borja,-12.116477067670575,-76.99272714539806,87.2,1,1,5,False,False,False,2,2.084,2026-03-12,6450.0
LIM-05836,Miraflores,-12.118887275148937,-77.02734630180741,75.7,3,3,9,False,True,False,16,1.479,2026-05-18,4900.0
LIM-05837,Los Olivos,-11.970988021973026,-77.08551565381208,83.5,3,2,4,True,False,False,11,2.463,2026-05-31,2800.0
LIM-05838,San Borja,-12.114173932935085,-76.99840540532526,94.5,3,2,10,True,True,False,8,1.416,2026-06-29,6450.0
LIM-05839,Magdalena del Mar,-12.09986883511004,-77.06745739005365,70.7,1,1,13,False,True,False,4,6.161,2026-03-12,3650.0
LIM-05840,Miraflores,-12.1306284222401,-77.02336375135336,64.8,1,1,7,True,True,False,32,0.909,2026-06-09,3800.0
LIM-05841,La Molina,-12.088958071442818,-76.95335864553783,78.9,2,1,5,False,False,False,17,5.713,2026-06-24,3950.0
LIM-05842,Surco (Santiago de Surco),-12.121641412993995,-76.99568478339549,129.8,4,3,7,True,False,False,21,2.018,2026-05-28,5500.0
LIM-05843,Surco (Santiago de Surco),-12.153157672218597,-77.00239208042444,64.2,3,2,8,False,False,False,9,1.549,2026-07-05,3150.0
LIM-05844,Jesús María,-12.069442246796378,-77.02903006100524,84.1,2,1,9,True,True,True,10,1.292,2026-04-04,4750.0
LIM-05845,Magdalena del Mar,-12.078938887661444,-77.06496151225636,139.3,4,2,3,False,False,False,35,4.3,2026-04-24,5750.0
LIM-05846,Los Olivos,-11.971098245182786,-77.0777920184232,125.2,5,4,13,True,False,False,5,1.624,2026-07-20,5450.0
LIM-05847,Callao,-12.06294651234975,-77.13212163590626,100.0,3,2,3,True,True,True,29,10.496,2026-04-01,2650.0
LIM-05848,Barranco,-12.138309222168592,-77.01806621901322,75.8,3,2,6,True,False,False,27,0.484,2026-06-06,5600.0
LIM-05849,Miraflores,-12.132910662522427,-77.0353138086766,72.0,2,3,5,False,True,True,3,2.135,2026-02-12,8000.0
LIM-05850,Surquillo,-12.114972298359264,-77.02251967996443,48.7,2,1,4,True,False,False,4,0.995,2026-04-30,1850.0
LIM-05851,Comas,-11.955478129204629,-77.07562256960273,87.6,2,2,1,False,False,False,39,2.309,2026-04-08,1350.0
LIM-05852,Chorrillos,-12.197141211640291,-77.03023690469426,98.6,2,1,9,False,False,False,11,2.539,2026-03-18,3100.0
LIM-05853,San Isidro,-12.099023811177538,-77.03474795816928,96.3,3,3,9,True,False,False,11,2.639,2026-05-02,10150.0
LIM-05854,Barranco,-12.164560740759203,-77.02460254137411,90.1,2,1,6,True,False,False,14,0.874,2026-04-16,7100.0
LIM-05855,San Isidro,-12.097340046159951,-77.00674182736775,125.6,3,2,15,False,True,False,8,0.463,2026-03-31,10000.0
LIM-05856,Surquillo,-12.10131964450743,-77.01036895880799,61.8,2,1,5,True,False,False,22,0.615,2026-05-04,2450.0
LIM-05857,Jesús María,-12.051348935119846,-77.06282034217695,85.1,3,3,4,False,False,False,3,2.897,2026-03-19,4700.0
LIM-05858,San Borja,-12.107177648592682,-77.0170276349162,49.0,1,1,16,False,False,True,22,0.753,2026-06-21,3350.0
LIM-05859,San Borja,-12.096069410016293,-76.9938219433361,185.3,5,4,6,False,True,False,7,1.531,2026-02-17,13900.0
LIM-05860,Barranco,-12.144612448198721,-77.02616240513673,61.3,2,1,3,True,False,True,6,1.174,2026-02-16,5650.0
LIM-05861,Jesús María,-12.0781973633665,-77.03302230060595,98.6,2,1,6,False,False,False,8,2.112,2026-06-01,4900.0
LIM-05862,San Isidro,-12.120297316247171,-77.03331763393848,74.4,1,1,9,False,False,False,19,2.101,2026-04-01,5250.0
LIM-05863,Lince,-12.065582092075015,-77.05709024371633,59.1,2,1,4,False,False,True,8,2.703,2026-05-24,2900.0
LIM-05864,Pueblo Libre,-12.086189226271374,-77.07533309158102,69.5,2,1,4,True,False,False,1,5.677,2026-07-22,3250.0
LIM-05865,Lince,-12.068506749062987,-77.04140338467208,45.7,1,1,6,True,True,False,5,1.878,2026-04-06,2450.0
LIM-05866,Surco (Santiago de Surco),-12.128558308448852,-76.98969555673959,43.0,1,2,5,False,False,False,16,2.748,2026-07-02,1700.0
LIM-05867,Surquillo,-12.126412153422967,-77.03013302915818,94.2,2,2,5,False,False,True,5,1.669,2026-07-25,3950.0
LIM-05868,Pueblo Libre,-12.069856019658173,-77.06126618887251,89.3,2,2,7,True,False,False,5,3.346,2026-04-18,4400.0
LIM-05869,Miraflores,-12.095505067264575,-77.04543379785454,55.9,2,1,8,False,True,False,6,3.777,2026-06-09,4550.0
LIM-05870,Miraflores,-12.102672169029635,-77.02932577497225,86.7,3,2,7,True,True,True,20,2.164,2026-05-03,8500.0
LIM-05871,Jesús María,-12.079752556673615,-77.04455968818662,1480.8,3,2,9,False,False,False,13,3.174,2026-06-04,3400.0
LIM-05872,Surco (Santiago de Surco),-12.143543769098216,-76.97746187619171,76.1,2,1,5,False,True,False,25,4.16,2026-04-29,4000.0
LIM-05873,Miraflores,-12.119897503552208,-77.02645309491673,85.6,2,1,7,False,False,False,9,1.397,2026-08-05,6100.0
LIM-05874,Miraflores,-12.123086164747638,-77.03920081909101,103.5,3,2,5,False,False,False,26,2.669,2026-06-02,5300.0
LIM-05875,Miraflores,-12.106703151372287,-77.0114839389565,47.3,2,1,6,True,True,False,1,0.347,2026-04-11,3800.0
LIM-05876,Magdalena del Mar,-12.086624930362937,-77.07789813643448,92.5,2,2,3,True,False,False,12,5.92,2026-02-21,3650.0
LIM-05877,Jesús María,-12.093906899218341,-77.0397171987828,89.9,2,1,3,False,False,False,9,3.162,2026-04-20,4050.0
LIM-05878,Miraflores,-12.115595896934913,-77.03675474925404,136.9,3,2,6,False,False,False,8,2.507,2026-07-10,9350.0
LIM-05879,Pueblo Libre,-12.07574909153041,-77.0620106608813,89.6,2,1,7,True,False,False,27,3.823,2026-06-12,3250.0
LIM-05880,Surco (Santiago de Surco),-12.134554702367662,-77.00461521521494,83.3,2,1,7,False,False,False,9,1.207,2026-07-05,5650.0
LIM-05881,Surco (Santiago de Surco),-12.132012683828872,-76.99113288053582,86.4,2,1,6,False,False,False,17,2.667,2026-07-17,
LIM-05882,Barranco,-12.13501525193668,-77.01175406285803,133.8,4,2,10,False,False,False,28,0.447,2026-06-12,9250.0
LIM-05883,Surquillo,-12.102966484437447,-77.02343759130629,58.0,2,1,4,False,False,False,13,1.584,2026-06-27,2050.0
LIM-05884,Callao,-12.065596912888248,-77.12471209503263,102.5,3,2,5,True,True,False,7,9.736,2026-03-16,3200.0
LIM-05885,San Borja,-12.109003343612276,-76.99431818137843,83.4,2,2,10,True,False,False,2,1.772,2026-07-11,5550.0
LIM-05886,San Isidro,-12.102582256714287,-77.04660019163975,120.1,2,1,4,True,False,False,9,3.942,2026-02-24,11050.0
LIM-05887,Barranco,-12.169582151626878,-77.03961532424803,100.5,4,3,8,False,True,False,15,2.58,2026-03-30,7650.0
LIM-05888,Miraflores,-12.122412446091213,-77.02516164297919,74.5,3,2,11,False,False,False,21,1.184,2026-06-12,5200.0
LIM-05889,Chorrillos,-12.15256294686929,-77.01939236611945,72.0,2,2,6,False,False,True,17,0.349,2026-04-09,2600.0
LIM-05890,San Isidro,-12.117744520724997,-77.03824631269728,74.1,3,2,10,False,False,False,6,2.658,2026-07-03,7250.0
LIM-05891,Ate,-12.046688741523921,-76.90974715502502,52.9,2,2,3,True,False,False,14,11.0,2026-03-10,1400.0
LIM-05892,Jesús María,-12.074273657744916,-77.04107099577084,82.6,2,1,5,False,False,True,8,2.489,2026-04-04,3200.0
LIM-05893,San Borja,-12.104847174338827,-77.00053202269905,92.3,2,1,3,True,False,False,4,1.22,2026-04-04,8150.0
LIM-05894,Chorrillos,-12.186252699488726,-77.03157203286348,63.2,3,2,10,False,True,False,21,1.784,2026-03-21,2250.0
LIM-05895,San Isidro,-12.114301327089601,-77.04436304163805,47.3,1,1,4,False,False,False,4,3.344,2026-07-19,3650.0
LIM-05896,San Miguel,-12.093943171881536,-77.08578043283441,83.3,2,2,4,False,False,True,13,7.1,2026-04-10,2800.0
LIM-05897,Miraflores,-12.105128794900022,-77.02776316803866,83.4,2,2,9,False,False,False,4,1.934,2026-07-17,7000.0
LIM-05898,Chorrillos,-12.186492231692341,-77.02469711238909,93.0,3,3,2,True,False,False,14,1.226,2026-07-25,2900.0
LIM-05899,San Borja,-12.114294746299837,-77.00801263783002,65.6,2,1,6,False,True,False,12,0.583,2026-03-30,5050.0
LIM-05900,San Isidro,-12.071944408816645,-77.02928612627693,96.5,3,2,13,True,False,True,7,1.562,2026-05-29,7050.0
LIM-05901,Surquillo,-12.123511067881317,-77.02015982886674,61.4,1,1,7,False,False,False,11,0.631,2026-07-09,2700.0
LIM-05902,San Isidro,-12.09309120482459,-77.02766739865473,112.1,3,2,10,False,False,True,3,1.869,2026-04-16,13050.0
LIM-05903,Miraflores,-12.108334259880493,-77.01884797043073,54.9,2,1,10,False,True,False,39,0.909,2026-07-21,3650.0
LIM-05904,Surquillo,-12.102511357756248,-77.02125407700342,93.9,2,2,1,False,True,False,5,1.369,2026-08-09,3900.0
LIM-05905,Magdalena del Mar,-12.111478916284524,-77.06430423018196,126.5,4,3,3,False,True,False,18,5.534,2026-03-04,6250.0
LIM-05906,Los Olivos,-11.977460229372417,-77.06983908294646,91.3,3,2,3,True,False,False,34,0.962,2026-08-09,2000.0
LIM-05907,Jesús María,-12.069971632284977,-77.045786901149,91.0,3,2,5,True,False,False,12,2.215,2026-05-10,4150.0
LIM-05908,Jesús María,-12.050451790511401,-77.07526498914135,102.8,2,2,9,False,False,True,20,4.254,2026-05-21,
LIM-05909,Surco (Santiago de Surco),-12.144138127903695,-77.00665105557988,68.4,2,1,15,False,True,False,32,1.012,2026-03-05,3450.0
LIM-05910,Miraflores,-12.127023355809333,-77.04040033236653,64.2,1,1,8,False,False,False,15,2.787,2026-07-30,4800.0
LIM-05911,Ate,-12.041365106943188,-76.91982385666884,97.6,2,1,3,True,False,False,8,9.755,2026-06-16,2200.0
LIM-05912,Miraflores,-12.11366410127182,-77.02802778790814,143.5,5,4,9,False,True,False,22,1.611,2026-03-05,12200.0
LIM-05913,San Borja,-12.100136951948366,-76.9967369960995,61.4,2,1,5,True,False,False,11,1.589,2026-06-18,4050.0
LIM-05914,Surco (Santiago de Surco),-12.145156270378017,-76.9915710366385,160.4,5,3,13,False,True,False,2,2.646,2026-05-26,6950.0
LIM-05915,Barranco,-12.155784577643212,-77.02961933509519,65.8,2,1,5,False,False,True,6,1.514,2026-07-25,3700.0
LIM-05916,Jesús María,-12.071013985602377,-77.04070364443471,79.1,2,2,4,False,False,False,10,2.127,2026-04-11,4100.0
LIM-05917,Surquillo,-12.09955226424846,-76.99578853867737,96.0,3,2,4,True,True,True,25,1.608,2026-03-04,4300.0
LIM-05918,San Miguel,-12.080261808985423,-77.09703989864938,148.9,4,2,12,True,True,True,14,7.305,2026-02-13,8650.0
LIM-05919,Chorrillos,-12.174967622801006,-77.02606401800921,93.9,3,2,6,True,True,False,7,0.99,2026-06-04,5100.0
LIM-05920,Surco (Santiago de Surco),-12.147311141245673,-77.00322398188693,137.9,4,3,6,False,False,False,15,1.479,2026-07-21,8500.0
LIM-05921,Magdalena del Mar,-12.073141278017292,-77.07467438608163,58.1,2,2,5,False,False,False,1,4.777,2026-05-09,2650.0
LIM-05922,San Isidro,-12.0953488446343,-77.04300915731535,71.8,2,1,9,False,False,False,4,3.513,2026-03-14,5250.0
LIM-05923,San Miguel,-12.06446694264532,-77.113563940957,50.6,1,1,3,False,True,False,34,8.519,2026-05-22,1650.0
LIM-05924,Surco (Santiago de Surco),-12.134641233503189,-77.01248102246943,80.6,3,2,2,True,False,False,2,0.36,2026-07-16,5300.0
LIM-05925,Jesús María,-12.07257679521708,-77.0367577183264,95.9,2,1,9,False,False,False,34,2.039,2026-04-29,4400.0
LIM-05926,Miraflores,-12.139103706690225,-77.01401847151851,80.3,2,2,5,False,False,True,41,0.37,2026-02-22,4750.0
LIM-05927,Surquillo,-12.14050914243631,-76.9983013249445,113.0,3,3,11,True,False,False,11,1.899,2026-04-29,5150.0
LIM-05928,Surquillo,-12.099677137457968,-77.01478434673464,125.4,3,2,7,False,False,True,20,0.619,2026-04-04,6200.0
LIM-05929,Los Olivos,-11.967963301428851,-77.08339086609544,84.2,2,2,4,False,False,False,6,2.276,2026-05-29,3000.0
LIM-05930,San Isidro,-12.094722862524161,-77.04195619378989,68.4,2,1,11,False,True,False,8,3.4,2026-06-27,6450.0
LIM-05931,Comas,-11.957988645026404,-77.07989665161976,137.7,4,2,4,True,False,False,36,2.425,2026-04-16,2350.0
LIM-05932,Barranco,-12.160236770133524,-77.0397587038745,104.9,3,2,8,False,False,True,29,2.482,2026-07-11,5150.0
LIM-05933,Surco (Santiago de Surco),-12.12225237598638,-76.99193684747326,109.4,3,2,6,False,False,True,27,2.43,2026-06-08,5900.0
LIM-05934,Barranco,-12.128518274749903,-77.01493186140712,87.7,2,1,12,False,True,True,21,0.314,2026-04-29,8000.0
LIM-05935,Surco (Santiago de Surco),-12.142455288165271,-76.9714995173313,113.3,4,2,8,True,True,False,3,4.805,2026-04-18,7000.0
LIM-05936,San Borja,-12.100242200539643,-76.99959712291422,65.6,2,1,7,False,False,False,8,1.304,2026-06-19,3700.0
LIM-05937,Barranco,-12.14711970080782,-77.03769401772966,47.4,1,1,11,False,True,False,9,2.348,2026-06-03,
LIM-05938,La Molina,-12.088246347280933,-76.94666304460506,108.2,3,3,14,True,False,True,26,6.441,2026-02-15,5900.0
LIM-05939,Lince,-12.06287649175786,-77.03668951038935,63.8,2,1,5,False,False,False,11,1.166,2026-03-26,2400.0
LIM-05940,Chorrillos,-12.180138419752273,-77.02399478012158,89.6,1,1,3,False,False,False,19,0.745,2026-03-27,2750.0
LIM-05941,Pueblo Libre,-12.05871144835579,-77.0589750051903,71.9,3,2,8,False,False,True,5,2.574,2026-02-24,3250.0
LIM-05942,Jesús María,-12.069022920195497,-77.06357367034929,46.4,1,1,6,True,False,True,4,3.504,2026-03-06,2800.0
LIM-05943,Miraflores,-12.121302671868378,-77.02783134280608,38.2,1,1,14,False,True,False,11,1.499,2026-03-08,3250.0
LIM-05944,Surquillo,-12.098235793923601,-77.00968124081136,82.3,2,1,3,False,False,False,7,0.293,2026-07-30,3200.0
LIM-05945,San Isidro,-12.093718386018924,-77.01966314675721,68.8,2,1,8,True,False,True,19,1.002,2026-03-21,5750.0
LIM-05946,Barranco,-12.150557130358948,-77.01767548981157,65.0,2,2,18,True,True,False,21,0.146,2026-03-24,4250.0
LIM-05947,san isidro,-12.080646693924216,-77.02418255459376,71.1,2,2,8,True,False,True,7,1.191,2026-03-20,9250.0
LIM-05948,Lince,-12.070108852954737,-77.03862675248367,50.8,1,1,10,False,True,True,7,1.987,2026-07-27,2200.0
LIM-05949,Surco (Santiago de Surco),-12.120576440146154,-76.99865148328895,70.3,2,1,4,False,False,True,11,1.678,2026-04-03,3850.0
LIM-05950,Lince,-12.131753652099437,-77.01712583550541,94.2,3,2,8,True,True,False,30,0.285,2026-05-25,3850.0
LIM-05951,Surco (Santiago de Surco),-12.129717880491139,-77.01145901309957,88.0,3,2,4,False,False,False,17,0.576,2026-05-26,3400.0
LIM-05952,Magdalena del Mar,-12.09295459368316,-77.08053768362694,95.6,2,1,9,True,True,False,13,6.601,2026-06-05,4500.0
LIM-05953,Magdalena del Mar,-12.095918359049024,-77.06215864431928,99.8,3,2,5,True,False,False,8,5.595,2026-06-25,5200.0
LIM-05954,San Isidro,-12.089882644392329,-77.03923334057703,94.1,3,2,8,True,False,True,10,3.089,2026-03-14,8000.0
LIM-05955,La Molina,-12.083673317529946,-76.94862722438245,142.2,5,3,6,False,False,False,20,6.255,2026-08-07,6300.0
LIM-05956,Lince,-12.076966310992075,-77.03648398539879,68.3,3,3,6,False,False,True,21,2.413,2026-02-19,2800.0
LIM-05957,San Borja,-12.111515541693059,-76.99719417870183,139.2,5,4,8,True,False,False,3,1.471,2026-03-21,9800.0
LIM-05958,San Isidro,-12.079221832437883,-77.02366699389697,110.6,4,3,6,True,True,True,4,1.104,2026-05-18,12100.0
LIM-05959,Lince,-12.075752669698726,-77.02220922178012,92.3,4,3,7,True,False,False,19,0.966,2026-06-04,5550.0
LIM-05960,Surco (Santiago de Surco),-12.128489680913821,-76.99486251310202,70.4,3,2,3,False,False,False,30,2.19,2026-06-26,3400.0
LIM-05961,San Isidro,-12.091275537195518,-77.02359133719011,92.5,2,2,14,True,False,True,10,1.489,2026-02-12,9000.0
LIM-05962,Miraflores,-12.107212624310078,-77.02529848444004,41.7,2,2,10,False,False,True,15,1.622,2026-04-14,2750.0
LIM-05963,San Borja,-12.096039746556775,-76.98829055798615,140.9,3,2,9,False,False,False,1,2.068,2026-07-02,7300.0
LIM-05964,Surco (Santiago de Surco),-12.136353264642555,-77.00734043368912,77.8,3,2,10,False,False,False,25,0.949,2026-05-01,3950.0
LIM-05965,Pueblo Libre,-12.061716275430122,-77.04223736719881,64.2,1,1,7,True,True,False,13,1.226,2026-04-17,4000.0
LIM-05966,Barranco,-12.147311373119495,-77.01875744335025,45.2,2,2,16,False,True,False,22,0.497,2026-03-20,2800.0
LIM-05967,San Miguel,-12.054396878501997,-77.12577971216781,77.1,3,3,3,True,True,True,10,9.615,2026-05-23,3150.0
LIM-05968,Surco (Santiago de Surco),-12.121827266267436,-76.97508567391837,87.2,3,2,3,False,False,False,27,4.09,2026-06-28,4200.0
LIM-05969,Jesús María,-12.081107311822741,-77.04893934082548,143.4,3,2,13,True,True,True,32,3.48,2026-06-12,8650.0
LIM-05970,Surquillo,-12.086731471726596,-77.02224592753382,85.6,2,1,6,True,False,False,10,1.359,2026-05-06,3650.0
LIM-05971,La Molina,-12.112024478031879,-76.95246819678225,93.3,3,2,9,True,False,True,23,6.325,2026-05-22,5450.0
LIM-05972,San Isidro,-12.089551743111972,-77.03142597757758,49.9,2,2,6,False,False,False,28,2.331,2026-05-16,3100.0
LIM-05973,San Borja,-12.116654967953343,-77.00926066702725,43.3,1,1,9,False,False,False,13,0.507,2026-02-12,2200.0
LIM-05974,Comas,-11.920413836475923,-77.06892287755204,68.4,2,2,3,False,False,True,12,5.784,2026-06-30,1800.0
LIM-05975,Ate,-12.043366327216457,-76.92263453724574,60.1,1,1,5,False,False,False,42,9.608,2026-05-22,1100.0
LIM-05976,Barranco,-12.158925545581045,-77.02490696452443,78.3,3,2,8,False,True,True,15,0.925,2026-05-07,6100.0
LIM-05977,San Miguel,-12.080597936546635,-77.09898249899678,74.5,2,1,5,False,False,False,12,7.512,2026-07-11,2450.0
LIM-05978,Surco (Santiago de Surco),-12.143567177503988,-76.98476623042015,95.5,3,2,7,False,True,False,6,3.367,2026-03-09,5800.0
LIM-05979,Miraflores,-12.124769323742841,-77.02614725234243,55.4,2,2,7,True,False,True,12,1.238,2026-04-25,4650.0
LIM-05980,Lince,-12.089043771390674,-77.02858355913986,71.4,1,1,5,False,False,False,17,2.047,2026-04-10,2800.0
LIM-05981,San Borja,-12.117313870424413,-76.99127277343779,57.1,2,1,13,False,False,False,19,2.265,2026-05-21,3150.0
LIM-05982,San Borja,-12.105059234261008,-76.99971713124198,87.5,3,2,9,False,True,False,6,1.291,2026-03-19,6500.0
LIM-05983,Surquillo,-12.110005310039119,-77.02974371194948,84.8,2,1,5,False,False,True,11,1.933,2026-03-11,3900.0
LIM-05984,Surco (Santiago de Surco),-12.146955676695312,-76.97333793024748,84.5,3,2,8,False,False,False,14,4.638,2026-05-03,4200.0
LIM-05985,Lince,-12.10499922515653,-77.02216958414445,78.4,2,2,7,True,True,True,3,1.362,2026-03-20,4750.0
LIM-05986,Surco (Santiago de Surco),-12.131268522574205,-76.97564607583277,50.5,1,1,5,False,False,False,18,4.301,2026-02-28,1950.0
LIM-05987,San Isidro,-12.090816953386566,-77.02428553894846,44.0,1,1,8,True,True,False,17,1.578,2026-06-04,3500.0
LIM-05988,La Molina,-12.078037398856466,-76.95072445684639,122.1,5,4,6,True,True,False,14,6.122,2026-06-01,9350.0
LIM-05989,Callao,-12.04998590742087,-77.14627573525995,118.8,3,2,7,False,True,True,13,11.124,2026-05-15,3750.0
LIM-05990,Magdalena del Mar,-12.076627398691155,-77.09044915710633,72.3,2,2,6,True,False,False,6,6.485,2026-04-26,3400.0
LIM-05991,Miraflores,-12.109135185356825,-77.0217617354395,149.0,5,4,14,False,False,False,20,1.215,2026-05-15,12350.0
LIM-05992,Pueblo Libre,-12.041442061643014,-77.06432097503205,47.3,1,1,4,True,False,False,10,3.292,2026-04-27,2050.0
LIM-05993,Ate,-12.009192233638005,-76.92103819830699,74.0,2,1,2,False,False,False,8,8.417,2026-08-06,1300.0
LIM-05994,San Martín de Porres,-12.019997231051738,-77.11054664201983,94.1,2,2,3,False,False,False,5,6.119,2026-07-13,2200.0
LIM-05995,Jesús María,-12.099965663574832,-77.04915752717093,92.8,2,1,7,False,False,False,10,4.207,2026-02-15,3400.0
LIM-05996,La Molina,-12.08688869557416,-76.95818134260303,91.3,2,2,7,False,False,False,21,5.194,2026-03-15,3800.0
LIM-05997,Jesús María,-12.067549210841436,-77.0576925909692,57.0,1,1,7,False,False,False,8,2.881,2026-02-24,2300.0
LIM-05998,Surquillo,-12.115610620108068,-77.00729875083724,79.3,2,2,6,True,False,False,12,0.744,2026-03-01,3750.0
LIM-05999,Chorrillos,-12.166257034647307,-77.03044970344901,85.6,2,2,7,False,False,True,2,1.537,2026-05-28,3100.0
LIM-06000,Surquillo,-12.11794290490478,-77.02870427166448,58.2,2,2,3,False,False,True,5,1.621,2026-05-10,2150.0
LIM-06001,Magdalena del Mar,-12.103827409160969,-77.07347303607108,91.5,2,2,5,False,True,False,3,6.669,2026-05-01,5100.0
LIM-06002,Miraflores,-12.127614690318213,-77.01893165490064,71.8,2,2,9,False,False,True,11,0.497,2026-05-17,6050.0
LIM-06003,Jesús María,-12.07600202042877,-77.0538324707449,76.5,3,1,5,False,False,False,14,3.25,2026-03-08,3650.0
LIM-06004,Miraflores,-12.110977851871278,-77.01179341513972,70.9,3,2,9,False,True,True,6,0.192,2026-05-02,6850.0
LIM-06005,San Isidro,-12.10304088835999,-77.0520440301351,65.4,2,2,10,False,True,False,14,4.466,2026-07-17,8750.0
LIM-06006,San Borja,-12.111767624435,-77.0160486672073,67.0,2,1,7,False,False,False,15,0.635,2026-03-08,3700.0
LIM-06007,Lince,-12.078257397871468,-77.05177143197942,57.5,1,1,5,False,True,True,11,3.337,2026-07-07,2450.0
LIM-06008,Chorrillos,-12.177085556770542,-77.03792620517292,82.8,2,1,3,False,False,False,5,2.223,2026-07-18,
LIM-06009,San Miguel,-12.063999473392256,-77.08876141241808,42.9,1,1,5,False,False,False,25,5.859,2026-04-24,1400.0
LIM-06010,Chorrillos,-12.18573407478682,-77.02983347183267,110.9,3,2,4,False,False,False,33,1.593,2026-07-15,3500.0
LIM-06011,San Miguel,-12.091036365077587,-77.10972230836619,78.5,2,2,8,True,False,True,22,9.076,2026-05-26,3400.0
LIM-06012,Pueblo Libre,-12.06994445159178,-77.05854243965838,53.3,2,1,7,False,False,False,4,3.116,2026-06-15,2600.0
LIM-06013,San Isidro,-12.092348538452823,-77.02681260903371,142.6,4,3,6,False,False,True,3,1.793,2026-06-30,16600.0
LIM-06014,Jesús María,-12.083979513929002,-77.03638969923702,81.1,2,2,12,False,True,False,34,2.569,2026-02-12,3150.0
LIM-06015,Miraflores,-12.104976855184072,-77.01889658642396,48.9,2,1,7,False,False,True,11,1.044,2026-05-09,4250.0
LIM-06016,San Isidro,-12.074100758282759,-77.04771724159251,140.6,4,3,6,False,False,True,45,2.719,2026-06-06,12850.0
LIM-06017,Miraflores,-12.12863425055409,-77.02608690842659,115.7,3,2,7,True,False,False,5,1.27,2026-04-27,10950.0
LIM-06018,Surquillo,-12.096852391927225,-77.01153754107129,48.6,1,1,2,False,False,False,11,0.148,2026-04-20,1600.0
LIM-06019,San Miguel,-12.10598558606401,-77.09849859894106,70.3,1,1,3,False,False,False,40,9.022,2026-05-14,2400.0
LIM-06020,Callao,-12.043686652799384,-77.11612297475314,73.4,2,1,15,False,True,False,22,8.044,2026-03-12,1550.0
LIM-06021,Ate,-12.05669315325354,-76.93101941875953,50.3,2,1,5,True,False,False,24,8.899,2026-03-17,1100.0
LIM-06022,Los Olivos,-11.957187127816335,-77.07903120211313,97.6,3,2,2,False,False,False,5,2.414,2026-05-02,2900.0
LIM-06023,Miraflores,-12.13263531183148,-77.02493855233294,98.3,3,2,4,False,False,False,23,1.014,2026-05-14,6000.0
LIM-06024,Los Olivos,-11.969721850415521,-77.05340948814784,108.6,3,2,4,True,False,False,28,1.066,2026-07-26,3100.0
LIM-06025,Chorrillos,-12.184421387158501,-77.00428272464015,82.9,2,1,2,False,False,False,4,1.604,2026-02-27,3150.0
LIM-06026,Chorrillos,-12.177266568373385,-77.01016969826719,110.9,3,2,4,False,True,False,3,0.801,2026-04-11,4450.0
LIM-06027,Miraflores,-12.099140911652835,-77.0284435995347,52.2,2,1,10,True,True,True,26,1.965,2026-05-17,3850.0
LIM-06028,Miraflores,-12.122395253559121,-77.0303027661557,134.2,3,2,11,False,False,False,12,1.725,2026-05-23,9800.0
LIM-06029,San Martín de Porres,-11.97357638051289,-77.09797119944666,70.3,1,1,2,True,False,False,22,3.818,2026-03-01,1750.0
LIM-06030,Miraflores,-12.125729750733115,-77.03942607840666,60.7,2,1,10,False,False,True,16,2.677,2026-04-27,4850.0
LIM-06031,Surco (Santiago de Surco),-12.117098823554318,-77.00463425825512,79.0,3,2,10,False,False,False,2,0.999,2026-06-28,3800.0
LIM-06032,Magdalena del Mar,-12.115008311278153,-77.06880288821351,63.4,2,2,5,False,False,False,15,5.987,2026-04-08,2750.0
LIM-06033,Miraflores,-12.124538108664538,-77.01806062674217,70.5,1,1,5,False,False,False,6,0.377,2026-04-13,5250.0
LIM-06034,San Isidro,-12.103633319823905,-77.02786111896567,78.9,1,1,8,False,True,False,3,1.994,2026-07-01,8050.0
LIM-06035,Comas,-11.924547532790434,-77.04780800274315,99.0,3,2,2,False,False,False,5,5.537,2026-03-22,2050.0
LIM-06036,Los Olivos,-11.966677014567567,-77.07063290938169,67.7,1,1,19,False,False,False,28,1.035,2026-07-30,1700.0
LIM-06037,San Martín de Porres,-12.023956998035771,-77.09239516219112,94.9,3,2,6,True,False,True,5,4.657,2026-07-04,2900.0
LIM-06038,Surco (Santiago de Surco),-12.150721555856682,-76.9955991947562,67.0,1,1,9,True,False,False,5,2.273,2026-02-25,3150.0
LIM-06039,Barranco,-12.161551946992553,-77.0300980450852,88.5,4,2,4,False,False,False,19,1.425,2026-07-27,5550.0
LIM-06040,La Molina,-12.075591396470655,-76.93730568009893,138.5,3,3,3,False,True,True,12,7.606,2026-03-29,7900.0
LIM-06041,Magdalena del Mar,-12.085839910196125,-77.08000904883717,77.9,2,1,5,True,True,False,11,6.043,2026-05-14,
LIM-06042,San Isidro,-12.100804793195534,-77.03788237940681,69.0,2,2,8,True,False,False,12,3.007,2026-04-06,5200.0
LIM-06043,San Miguel,-12.083982117523412,-77.08447653324394,86.2,2,1,4,True,False,True,1,6.316,2026-07-14,4100.0
LIM-06044,Comas,-11.9344033411098,-77.0708931314751,71.5,2,1,7,False,False,True,10,4.281,2026-05-01,1850.0
LIM-06045,San Borja,-12.121854277109183,-76.98703228097013,91.0,3,2,19,False,True,False,19,2.897,2026-07-26,4900.0
LIM-06046,La Molina,-12.081307972264597,-76.96137115622352,104.8,4,3,5,False,False,False,8,4.917,2026-05-09,4700.0
LIM-06047,La Molina,-12.082329784037558,-76.94152138838473,255.2,5,3,2,True,False,False,10,7.039,2026-06-09,12200.0
LIM-06048,Miraflores,-12.124395075116801,-77.03049078796786,50.6,2,1,7,False,False,False,13,1.712,2026-03-26,3650.0
LIM-06049,Surco (Santiago de Surco),-12.130227864419451,-76.98507189844291,40.5,1,1,11,False,False,True,27,3.271,2026-04-22,2350.0
LIM-06050,San Borja,-12.107074867763103,-77.01509248754236,73.4,2,2,11,True,False,True,3,0.569,2026-08-04,4850.0
LIM-06051,Magdalena del Mar,-12.08953096606292,-77.0940694934735,45.0,1,1,6,False,False,False,2,7.526,2026-04-14,1500.0
LIM-06052,San Borja,-12.124309227701762,-76.98959946736966,71.3,3,2,9,False,True,False,10,2.732,2026-03-31,4550.0
LIM-06053,Chorrillos,-12.167325976233656,-77.0227910656986,54.1,2,1,4,False,False,False,9,0.864,2026-05-16,2000.0
LIM-06054,Barranco,-12.137080784045972,-77.02248962524521,52.4,2,2,6,False,False,False,8,0.818,2026-02-23,3900.0
LIM-06055,San Isidro,-12.093348582953228,-77.0446169899309,60.5,2,1,7,False,True,True,20,3.698,2026-06-05,5250.0
LIM-06056,San Isidro,-12.089985409788103,-77.02574627544207,115.7,4,3,10,False,False,False,19,1.759,2026-03-20,10050.0
LIM-06057,Miraflores,-12.122419031808917,-77.02580940547507,73.8,2,1,7,False,False,False,24,1.251,2026-05-19,6150.0
LIM-06058,Jesús María,-12.062904009204845,-77.04611203094332,112.9,2,1,3,False,False,False,4,1.589,2026-02-17,4650.0
LIM-06059,Surquillo,-12.11391703446424,-77.03153544561809,65.8,2,1,6,False,True,False,10,1.974,2026-04-17,3000.0
LIM-06060,Los Olivos,-11.982675295389456,-77.06548193336155,118.4,4,2,3,True,False,True,17,1.209,2026-05-17,5300.0
LIM-06061,Jesús María,-12.063757406141402,-77.0609065550251,72.6,2,1,10,False,True,False,4,2.969,2026-03-29,3500.0
LIM-06062,La Molina,-12.106409754970093,-76.95310263633218,183.2,5,4,8,False,True,True,2,6.058,2026-03-06,12550.0
LIM-06063,Miraflores,-12.117706643068539,-77.04578417197742,87.2,2,2,19,True,True,True,13,3.477,2026-04-27,6850.0
LIM-06064,La Molina,-12.091410674200564,-76.94707849769502,85.7,2,1,8,False,True,False,18,6.401,2026-04-08,3500.0
LIM-06065,Surco (Santiago de Surco),-12.140377508996457,-76.98222632087919,115.8,3,2,6,False,True,False,18,3.643,2026-04-10,3700.0
LIM-06066,Chorrillos,-12.172636135000886,-77.01537966013005,82.7,1,1,8,False,False,False,6,0.639,2026-03-11,3450.0
LIM-06067,Magdalena del Mar,-12.104011458289815,-77.08100185087795,73.1,1,1,14,False,False,False,8,7.463,2026-07-04,3100.0
LIM-06068,Barranco,-12.143253527830465,-77.02009024418278,72.2,2,1,3,True,False,False,11,0.497,2026-08-01,4800.0
LIM-06069,Surco (Santiago de Surco),-12.134318440408535,-76.9937566323344,120.8,3,2,10,False,True,True,10,2.386,2026-06-23,6250.0
LIM-06070,Miraflores,-12.128507527416946,-77.02860717579287,38.1,1,1,9,False,False,True,18,1.526,2026-08-10,2750.0
LIM-06071,San Martín de Porres,-11.982841845159445,-77.07847198683689,80.4,2,2,5,False,False,False,7,2.073,2026-02-17,2500.0
LIM-06072,San Isidro,-12.094742608676407,-77.04917993224734,105.8,2,1,20,False,True,False,15,4.185,2026-03-24,6850.0
LIM-06073,San Isidro,-12.089630388798907,-77.03542153967963,92.0,3,2,10,True,True,False,7,2.708,2026-03-04,10900.0
LIM-06074,Miraflores,-12.104100935246068,-77.0504629804316,52.3,1,1,5,True,False,True,33,4.263,2026-05-05,3650.0
LIM-06075,Surquillo,-12.097897857570466,-77.01059251669915,30.5,1,1,2,False,False,False,4,0.234,2026-03-21,1250.0
LIM-06076,San Borja,-12.101342574553726,-77.01183299030292,155.1,4,3,16,False,False,False,2,0.628,2026-07-24,11800.0
LIM-06077,Jesús María,-12.07723189841212,-77.03486882603809,75.4,2,2,7,False,True,False,1,2.314,2026-06-06,4350.0
LIM-06078,Surco (Santiago de Surco),-12.152156445450446,-77.02434283516395,154.2,5,3,7,True,False,False,12,0.859,2026-07-09,10300.0
LIM-06079,San Isidro,-12.094719711594244,-77.01660690068968,109.6,3,2,18,False,True,True,9,0.653,2026-02-23,14900.0
LIM-06080,Chorrillos,-12.161564988210191,-77.03777064812134,63.6,1,1,3,False,False,False,11,2.258,2026-07-14,2300.0
LIM-06081,Miraflores,-12.116848222167281,-77.04379921554964,33.7,1,1,6,True,False,True,14,3.263,2026-07-29,2800.0
LIM-06082,San Isidro,-12.138535008597216,-77.0331113155447,73.3,3,2,20,False,True,True,5,1.932,2026-07-03,7550.0
LIM-06083,Jesús María,-12.063159254142084,-77.04157542018692,79.1,2,2,4,False,False,True,7,1.332,2026-06-16,3750.0
LIM-06084,San Isidro,-12.086022010142692,-77.04010062511819,98.2,3,2,6,True,False,True,15,3.02,2026-02-13,9400.0
LIM-06085,Miraflores,-12.124714666324715,-77.0186887273729,52.6,2,2,20,False,True,True,16,0.437,2026-02-27,5900.0
LIM-06086,Surquillo,-12.102839659896956,-77.02705865103307,68.8,2,1,8,False,True,False,18,1.943,2026-05-06,2400.0
LIM-06087,San Borja,-12.10076441502728,-77.00339630336138,95.3,2,1,7,False,False,False,18,0.967,2026-03-07,5700.0
LIM-06088,Barranco,-12.157626081507384,-77.02502493530979,96.0,3,2,20,False,True,False,3,0.999,2026-02-15,5950.0
LIM-06089,Surco (Santiago de Surco),-12.119744386605388,-77.00146075029815,86.1,3,2,5,False,False,False,35,1.361,2026-05-10,3400.0
LIM-06090,Pueblo Libre,-12.088809723077274,-77.0863101428927,86.4,3,1,8,False,True,False,14,6.788,2026-07-06,3250.0
LIM-06091,San Isidro,-12.097886936052468,-77.0369960047981,93.2,3,2,12,True,True,True,7,2.868,2026-03-13,12150.0
LIM-06092,Miraflores,-12.122984027753265,-77.03078008584443,99.3,3,2,17,True,True,True,23,1.763,2026-05-18,8700.0
LIM-06093,Jesús María,-12.083505257826266,-77.03606180683548,61.5,2,2,4,False,False,False,9,2.521,2026-03-18,2700.0
LIM-06094,Jesús María,-12.069954473588213,-77.06443133298845,29.9,1,1,15,False,True,False,27,3.638,2026-05-08,1150.0
LIM-06095,Ate,-12.030675573205123,-76.92367288788883,85.3,3,3,14,True,True,True,7,8.836,2026-02-13,2800.0
LIM-06096,La Molina,-12.071827097537664,-76.93075810529372,102.2,2,1,13,False,True,False,10,8.391,2026-03-16,5400.0
LIM-06097,San Isidro,-12.088516029423097,-77.03318053366458,58.7,3,2,7,False,True,True,5,2.434,2026-06-03,4950.0
LIM-06098,San Borja,-12.128651070082563,-76.99200744376611,55.5,1,1,8,False,False,False,10,2.499,2026-08-06,3300.0
LIM-06099,Lince,-12.101131427610525,-77.02785879651992,56.6,2,2,7,False,False,False,6,1.958,2026-05-11,3000.0
LIM-06100,Miraflores,-12.119105970562895,-77.02390554023079,72.3,2,2,11,False,True,False,8,1.11,2026-05-22,5550.0
LIM-06101,San Borja,-12.108710820493002,-76.97674740006183,92.8,3,2,3,True,False,False,29,3.682,2026-04-30,4150.0
LIM-06102,Miraflores,-12.12707695792998,-77.02830151210424,36.1,1,1,12,True,False,True,11,1.476,2026-07-01,3150.0
LIM-06103,Chorrillos,-12.151836121630541,-77.03023611932211,46.8,1,1,6,True,False,False,29,1.495,2026-06-05,1250.0
LIM-06104,Chorrillos,-12.173429678161947,-77.01043443016528,117.7,4,3,4,False,False,False,9,0.921,2026-03-20,3600.0
LIM-06105,La Molina,-12.08029104710571,-76.95199862009072,103.5,3,2,7,True,False,False,37,5.94,2026-06-24,5650.0
LIM-06106,Ate,-12.034545273428618,-76.91731924371702,91.9,3,2,15,False,True,True,14,9.644,2026-05-22,1850.0
LIM-06107,Ate,-12.04574049860393,-76.91155782797892,60.0,1,1,8,True,False,True,4,10.777,2026-02-15,1850.0
LIM-06108,Miraflores,-12.090007253985052,-77.03925625178262,74.9,3,2,4,False,False,False,9,3.097,2026-08-10,5950.0
LIM-06109,Surco (Santiago de Surco),-12.146284467629227,-77.00112353697384,84.2,3,2,6,False,False,True,13,1.655,2026-04-13,6400.0
LIM-06110,Jesús María,-12.080872859078731,-77.04328981714715,65.6,2,2,11,True,True,True,9,3.202,2026-07-26,3100.0
LIM-06111,San Isidro,-12.108513908619392,-77.0432837396545,53.2,2,2,17,False,True,False,7,3.364,2026-04-02,4100.0
LIM-06112,La Molina,-12.068048100562873,-76.93351937620811,83.3,3,2,8,False,False,False,13,8.208,2026-07-11,3800.0
LIM-06113,Barranco,-12.139774969509377,-77.03323389117435,131.6,4,3,5,True,False,False,14,1.922,2026-07-21,9850.0
LIM-06114,Callao,-12.063129822952623,-77.12997429251693,76.0,1,1,2,False,False,False,19,10.267,2026-08-07,1550.0
LIM-06115,La Molina,-12.097166516499458,-76.92232732961094,141.6,3,2,10,True,False,False,23,9.132,2026-06-08,10100.0
LIM-06116,San Miguel,-12.06078131399277,-77.11116271729911,73.2,3,2,4,False,False,False,18,8.205,2026-06-13,2350.0
LIM-06117,La Molina,-12.082459747415934,-76.94552059834798,99.5,3,2,4,False,False,False,7,6.605,2026-06-19,5250.0
LIM-06118,Miraflores,-12.104174984376604,-77.00718219382924,61.2,2,1,3,True,False,True,25,0.718,2026-02-28,
LIM-06119,Chorrillos,-12.175421792209379,-77.0184430973748,126.1,3,2,2,True,False,True,6,0.304,2026-08-10,6250.0
LIM-06120,San Isidro,-12.091061576130798,-77.02053875197123,907.4,3,2,11,True,False,True,20,1.192,2026-04-17,8650.0
LIM-06121,San Isidro,-12.093597268137072,-77.02887030162714,66.0,2,2,9,False,False,False,11,1.991,2026-07-13,4100.0
LIM-06122,Surco (Santiago de Surco),-12.142489336012488,-76.99508642261083,83.7,3,2,13,True,True,False,6,2.242,2026-06-28,4750.0
LIM-06123,Pueblo Libre,-12.07532972990571,-77.06466774313756,105.8,2,1,3,True,False,False,5,4.01,2026-03-14,3700.0
LIM-06124,Surco (Santiago de Surco),-12.149211640131579,-77.02043180896972,38.3,1,1,5,False,False,False,13,0.481,2026-07-24,1900.0
LIM-06125,San Isidro,-12.091270718115274,-77.04052933991862,93.9,3,2,8,False,True,False,4,3.282,2026-03-07,8300.0
LIM-06126,Surco (Santiago de Surco),-12.125865015043837,-76.99221337793003,112.8,4,3,7,False,True,False,13,2.456,2026-06-23,5650.0
LIM-06127,Barranco,-12.137518065598735,-77.0186200450837,55.1,1,1,6,False,True,False,16,0.512,2026-03-10,3300.0
LIM-06128,San Isidro,-12.089201461281949,-77.00710969491415,89.3,2,1,7,False,False,True,30,0.133,2026-03-21,6250.0
LIM-06129,San Borja,-12.109838521638036,-76.9952285032062,105.7,4,4,9,False,False,False,5,1.671,2026-03-18,10150.0
LIM-06130,Miraflores,-12.102476352259076,-77.02183825615047,50.6,1,1,10,False,False,False,12,1.42,2026-07-09,3750.0
LIM-06131,Surco (Santiago de Surco),-12.124292298147246,-76.98102044199109,124.4,3,3,10,False,False,False,23,3.602,2026-02-17,5050.0
LIM-06132,Lince,-12.068437444380116,-77.02681398426166,74.8,2,1,5,False,False,False,6,1.112,2026-03-30,2800.0
LIM-06133,Pueblo Libre,-12.056184559546356,-77.06413258880085,994.0,3,2,11,False,False,True,16,3.066,2026-05-24,3450.0
LIM-06134,Barranco,-12.150907195863683,-77.02237424820648,72.4,2,2,5,True,False,True,20,0.639,2026-03-16,4200.0
LIM-06135,Surco (Santiago de Surco),-12.13034544651728,-76.99920785378684,119.1,3,2,9,False,False,False,11,1.772,2026-02-20,5400.0
LIM-06136,Barranco,-12.14010521779803,-77.01606946765035,146.9,4,3,12,False,True,False,13,0.214,2026-04-06,12300.0
LIM-06137,Callao,-12.070389701450413,-77.12014384865175,103.3,3,2,1,False,True,False,10,9.345,2026-06-04,3200.0
LIM-06138,Miraflores,-12.134623678068547,-77.02190076331361,97.2,2,2,12,True,True,False,24,0.679,2026-05-08,7850.0
LIM-06139,Miraflores,-12.13669173975194,-77.04150904772395,79.8,3,3,9,True,True,False,31,2.823,2026-03-28,5900.0
LIM-06140,Magdalena del Mar,-12.096797201062238,-77.07393781849909,143.3,4,3,7,True,False,True,9,6.419,2026-06-26,10900.0
LIM-06141,Miraflores,-12.125099804710539,-77.0107751921431,46.9,2,1,17,False,True,True,6,0.443,2026-05-06,3450.0
LIM-06142,Miraflores,-12.138328047539543,-77.03209548196813,43.0,1,1,9,False,True,True,15,1.828,2026-04-16,3050.0
LIM-06143,Miraflores,-12.119307701267616,-77.00728398047639,78.8,3,2,6,False,False,False,8,0.731,2026-04-13,7500.0
LIM-06144,Lince,-12.0862474270006,-77.03133594263205,84.0,2,1,8,True,True,False,11,2.14,2026-05-05,3950.0
LIM-06145,Jesús María,-12.059413117959076,-77.04967809830576,35.1,1,1,6,False,False,False,32,1.66,2026-05-27,1450.0
LIM-06146,Lince,-12.060944251050412,-77.03190057797235,67.9,3,2,6,False,False,False,8,0.843,2026-08-08,3200.0
LIM-06147,San Miguel,-12.07192259591503,-77.09653707892996,73.6,1,1,5,False,False,False,3,6.911,2026-03-16,4250.0
LIM-06148,Surco (Santiago de Surco),-12.143359566256395,-77.01876667285327,120.5,3,2,10,False,True,False,11,0.366,2026-02-15,6350.0
LIM-06149,San Martín de Porres,-11.991139307471835,-77.07003790170133,103.2,3,2,5,False,False,True,4,1.375,2026-03-30,3650.0
LIM-06150,Pueblo Libre,-12.073488364920156,-77.03678744203265,42.0,1,1,6,True,False,False,8,2.119,2026-03-27,1450.0
LIM-06151,Surquillo,-12.117581503045377,-77.0117348487596,46.0,1,1,6,False,True,True,3,0.225,2026-04-03,2350.0
LIM-06152,Pueblo Libre,-12.083939213454158,-77.05660414846373,57.9,1,1,3,False,False,False,32,4.15,2026-08-05,2300.0
LIM-06153,Surco (Santiago de Surco),-12.140570640470663,-76.9971911122267,120.3,4,3,9,False,False,False,26,2.018,2026-03-18,6500.0
LIM-06154,Surco (Santiago de Surco),-12.137133492135286,-76.98110653081403,107.1,4,3,8,True,True,False,26,3.778,2026-05-30,6200.0
LIM-06155,La Molina,-12.077150843294016,-76.94567125942152,90.2,2,2,15,True,True,False,18,6.68,2026-07-11,5600.0
LIM-06156,Miraflores,-12.114967693035107,-77.02619335882163,78.6,2,1,7,True,False,False,20,1.381,2026-04-23,5050.0
LIM-06157,Magdalena del Mar,-12.073593086284857,-77.09448259760957,55.6,1,1,5,False,False,True,5,6.762,2026-07-12,3200.0
LIM-06158,San Isidro,-12.089107943113843,-77.04305210244293,163.8,5,3,11,True,False,False,4,3.436,2026-03-07,20150.0
LIM-06159,San Isidro,-12.092108460905253,-77.03229176222182,102.2,3,2,10,False,False,False,11,2.383,2026-04-16,7350.0
LIM-06160,Callao,-12.060274764385671,-77.10721345918499,109.3,2,1,2,False,False,False,5,7.772,2026-04-21,3550.0
LIM-06161,Pueblo Libre,-12.08604955578216,-77.05188072309446,116.5,2,2,3,True,True,True,10,4.112,2026-04-15,6200.0
LIM-06162,Jesús María,-12.080438721302238,-77.06795017098382,110.7,3,2,11,True,False,False,8,4.652,2026-07-06,5950.0
LIM-06163,Surco (Santiago de Surco),-12.143398063953143,-77.01273335730298,96.0,3,1,5,False,False,False,2,0.358,2026-05-16,3700.0
LIM-06164,Jesús María,-12.104330881815182,-77.04199035478734,75.4,2,1,5,False,True,False,28,3.406,2026-04-15,2550.0
LIM-06165,Los Olivos,-11.98100358139089,-77.08046170065606,132.9,4,3,2,False,False,False,7,2.152,2026-04-15,4000.0
LIM-06166,Lince,-12.065873482863609,-77.0225648887275,68.6,2,1,18,True,True,False,10,0.825,2026-05-11,3900.0
LIM-06167,Jesús María,-12.069176797444493,-77.06856201850898,63.0,2,1,4,False,False,False,7,3.983,2026-08-09,2550.0
LIM-06168,Magdalena del Mar,-12.10001828626414,-77.0768809193248,146.4,4,3,6,False,False,False,19,6.899,2026-05-24,6100.0
LIM-06169,Surco (Santiago de Surco),-12.130218242134319,-76.99541084180692,70.4,2,2,3,True,False,False,2,2.167,2026-02-24,3700.0
LIM-06170,Pueblo Libre,-12.097040854308753,-77.05733439483596,43.1,1,1,6,False,True,False,15,5.072,2026-04-21,2300.0
LIM-06171,Comas,-11.939614827402451,-77.07437391995376,130.5,3,2,11,False,False,False,1,3.822,2026-04-15,3650.0
LIM-06172,La Molina,-12.07147009284223,-76.96880116873591,87.0,2,1,4,False,False,True,45,4.48,2026-03-02,4050.0
LIM-06173,La Molina,-12.088253391365074,-76.94314472686145,126.4,4,3,8,True,False,True,31,6.824,2026-02-25,7450.0
LIM-06174,La Molina,-12.108063874314983,-76.93888283672945,196.8,5,3,6,True,False,False,6,7.589,2026-07-29,8800.0
LIM-06175,La Molina,-12.091767286417321,-76.9331105404484,70.8,2,1,7,True,False,False,4,7.92,2026-03-29,3450.0
LIM-06176,Comas,-11.927648856060202,-77.06630261984061,93.8,3,2,3,True,False,False,35,4.957,2026-05-31,1750.0
LIM-06177,Pueblo Libre,-12.070496444117229,-77.05379182030782,120.6,4,2,3,False,True,True,20,2.776,2026-07-08,5250.0
LIM-06178,Surco (Santiago de Surco),-12.152019721137522,-76.98917071470134,118.2,4,3,8,True,False,True,7,2.972,2026-05-03,9300.0
LIM-06179,Surco (Santiago de Surco),-12.106588449849793,-76.97913113906743,89.7,3,2,10,True,True,False,10,3.439,2026-02-21,4900.0
LIM-06180,La Molina,-12.101845702194941,-76.94586465499253,236.3,5,2,6,True,True,False,3,6.682,2026-05-05,12350.0
LIM-06181,San Isidro,-12.10011509497936,-77.05745879163352,82.4,2,1,16,False,True,False,6,5.106,2026-07-08,6100.0
LIM-06182,San Borja,-12.120748632007826,-76.99941191608343,102.2,2,1,13,True,True,True,12,1.601,2026-03-16,6900.0
LIM-06183,Surquillo,-12.127132024178962,-77.01643859101844,110.2,3,3,9,False,False,False,3,0.239,2026-03-28,5000.0
LIM-06184,Lince,-12.090525813388822,-77.02708166909122,93.1,3,2,3,True,False,False,4,1.875,2026-04-23,4500.0
LIM-06185,Miraflores,-12.113466198081847,-77.04779218839609,114.5,4,3,12,False,True,False,6,3.725,2026-08-03,9750.0
LIM-06186,Pueblo Libre,-12.058113622657366,-77.0668445377777,56.2,1,1,7,False,False,False,2,3.392,2026-07-29,2050.0
LIM-06187,Pueblo Libre,-12.078234018064391,-77.05268275714123,111.1,3,2,4,False,True,False,33,3.386,2026-07-25,5050.0
LIM-06188,Barranco,-12.16152172265022,-77.02264902543266,73.9,2,2,6,False,False,False,22,0.616,2026-05-29,4000.0
LIM-06189,Jesús María,-12.067856328200083,-77.0526688125856,63.0,2,1,6,False,False,False,4,2.482,2026-03-02,3000.0
LIM-06190,Jesús María,-12.06750443705285,-77.0261240832266,85.9,2,2,5,False,False,False,7,0.995,2026-05-06,3550.0
LIM-06191,Chorrillos,-12.171815483973358,-77.03094005024198,87.1,3,2,5,False,False,False,28,1.615,2026-05-12,2300.0
LIM-06192,Miraflores,-12.11779112224512,-77.01460214348019,136.4,5,3,18,False,True,True,3,0.088,2026-04-28,15850.0
LIM-06193,Miraflores,-12.122450797356125,-77.0171450031695,84.7,3,2,6,False,False,True,16,0.442,2026-04-25,7850.0
LIM-06194,magdalena del mar,-12.094322189745329,-77.0784019975394,60.8,2,1,4,True,False,False,25,6.541,2026-06-10,3100.0
LIM-06195,San Isidro,-12.099379813543484,-77.03709468663699,61.5,1,1,16,False,True,False,6,2.897,2026-03-07,5600.0
LIM-06196,La Molina,-12.073957075275555,-76.94563750479543,108.3,3,2,7,False,True,False,22,6.763,2026-03-21,4100.0
LIM-06197,Surquillo,-12.087958485991528,-77.01531662692388,42.2,1,1,6,False,False,True,8,1.006,2026-06-23,2000.0
LIM-06198,Miraflores,-12.118944162179513,-77.03653449628925,59.7,2,1,8,False,False,True,15,2.476,2026-03-15,4550.0
LIM-06199,Magdalena del Mar,-12.095578866975655,-77.08083777871714,72.1,1,1,6,True,False,False,9,6.827,2026-04-14,3050.0
LIM-06200,Comas,-11.93992966361172,-77.06626269437078,83.0,2,1,3,True,False,True,2,3.596,2026-03-23,2050.0
LIM-06201,SAN BORJA,-12.1161950616118,-77.00247957240718,113.6,3,3,8,True,True,False,9,1.141,2026-02-15,6950.0
LIM-06202,San Borja,-12.099120259546742,-77.00232907476662,71.1,1,1,11,False,True,False,2,0.982,2026-04-19,4750.0
LIM-06203,San Borja,-12.103005883091026,-77.02548989746843,40.8,1,1,5,True,False,True,30,1.782,2026-04-10,2750.0
LIM-06204,Miraflores,-12.126145642496512,-77.02822821094485,43.7,2,1,7,True,False,False,4,1.461,2026-05-30,3400.0
LIM-06205,Miraflores,-12.110275198171491,-77.03572961336184,74.6,3,1,15,False,True,False,11,2.523,2026-08-05,4000.0
LIM-06206,Lince,-12.084872122779856,-77.05570173303937,56.4,1,1,6,False,False,False,19,4.187,2026-03-23,2150.0
LIM-06207,La Molina,-12.098440679661692,-76.94940061217893,74.1,2,1,6,False,False,False,17,6.232,2026-02-28,2800.0
LIM-06208,Surco (Santiago de Surco),-12.130780746654924,-76.9995714897361,177.8,4,3,8,True,False,False,6,1.749,2026-06-19,14600.0
LIM-06209,San Isidro,-12.09435608995921,-77.021397065675,110.8,3,2,8,True,False,False,6,1.174,2026-06-07,11600.0
LIM-06210,Chorrillos,-12.163174982246671,-77.02457075950116,80.5,2,1,9,False,False,False,19,0.833,2026-06-16,2950.0
LIM-06211,San Isidro,-12.087221436599103,-77.02868651784152,91.6,3,2,3,True,False,True,9,1.94,2026-02-19,7100.0
LIM-06212,san miguel,-12.078710715967546,-77.07620625595936,71.7,3,2,4,True,False,False,27,5.242,2026-07-04,3100.0
LIM-06213,La Molina,-12.092465043236963,-76.95273682450826,73.6,2,1,5,False,False,False,10,5.793,2026-07-04,3750.0
LIM-06214,Jesús María,-12.073579074999307,-77.04956996651835,111.3,3,2,5,True,True,False,6,2.768,2026-02-20,5750.0
LIM-06215,Barranco,-12.145040293443977,-77.00065569870108,91.9,3,2,10,False,True,False,27,1.67,2026-07-12,5800.0
LIM-06216,Miraflores,-12.11529494746682,-77.0266522861382,39.8,1,1,15,False,True,False,3,1.423,2026-04-22,2150.0
LIM-06217,San Borja,-12.104683053502367,-76.99411500189517,96.8,3,2,10,False,True,False,8,1.877,2026-03-21,6050.0
LIM-06218,Pueblo Libre,-12.074689143321661,-77.06798704708763,83.5,2,1,9,True,True,False,11,4.253,2026-07-23,3600.0
LIM-06219,Miraflores,-12.109138195759721,-77.0211553900348,67.7,3,2,5,False,False,False,12,1.149,2026-07-15,4400.0
LIM-06220,Magdalena del Mar,-12.10359162272912,-77.07617571136423,152.6,4,2,3,False,False,False,14,6.961,2026-02-13,6000.0
LIM-06221,Magdalena del Mar,-12.065747158574142,-77.09768523525456,147.4,5,3,3,False,False,True,12,6.849,2026-03-31,7400.0
LIM-06222,Barranco,-12.140243155438155,-77.0256627904078,62.0,2,1,8,True,False,False,12,1.101,2026-02-23,3900.0
LIM-06223,Jesús María,-12.08712982483804,-77.06319814548264,74.5,2,2,5,False,False,False,6,4.851,2026-04-22,3700.0
LIM-06224,Miraflores,-12.118877248028763,-77.02805310842872,67.3,3,2,5,False,False,False,17,1.555,2026-06-07,4400.0
LIM-06225,San Borja,-12.099027797783615,-77.0096020691647,74.0,1,1,2,False,False,False,9,0.378,2026-06-12,2850.0
LIM-06226,Miraflores,-12.125292429266237,-77.02366245841169,55.9,2,1,12,True,False,False,19,0.965,2026-06-04,3750.0
LIM-06227,Magdalena del Mar,-12.11344172857092,-77.0751628389488,91.7,2,2,12,False,False,False,16,6.688,2026-03-02,4100.0
LIM-06228,Surco (Santiago de Surco),-12.147468767299186,-77.00997610804295,178.0,5,4,10,False,True,False,33,0.822,2026-07-25,9250.0
LIM-06229,Magdalena del Mar,-12.088994884667853,-77.08161045738736,128.1,4,3,6,True,False,True,45,6.398,2026-03-20,8650.0
LIM-06230,Magdalena del Mar,-12.11655539767082,-77.06825324758043,100.4,3,2,7,False,False,False,19,5.9,2026-03-18,3900.0
LIM-06231,San Martín de Porres,-12.016292134862153,-77.06682408357024,41.7,1,1,3,True,False,False,9,2.248,2026-02-14,900.0
LIM-06232,Magdalena del Mar,-12.089057983036792,-77.08652905477528,43.0,1,1,6,True,True,True,3,6.824,2026-05-20,2900.0
LIM-06233,Surquillo,-12.11737059060216,-77.0306692859393,91.4,2,1,5,False,True,False,9,1.834,2026-07-27,3600.0
LIM-06234,Barranco,-12.157749364675258,-76.99798818071639,117.5,4,3,10,True,True,False,6,2.12,2026-04-30,10350.0
LIM-06235,Surco (Santiago de Surco),-12.14093678576787,-76.99511721535795,113.4,3,1,5,False,False,True,6,2.241,2026-05-10,4550.0
LIM-06236,San Isidro,-12.114849765754133,-77.03560237277613,77.1,3,2,20,True,True,True,12,2.391,2026-04-25,6600.0
LIM-06237,La Molina,-12.08098655883454,-76.95407269266121,169.6,4,3,4,True,False,True,8,5.705,2026-07-03,12250.0
LIM-06238,Lince,-12.09477852266021,-77.03071735725752,86.5,2,1,7,False,True,False,6,2.179,2026-03-04,3550.0
LIM-06239,Chorrillos,-12.181129026215006,-76.99751885188152,118.0,3,2,7,True,False,False,4,2.199,2026-07-03,5600.0
LIM-06240,Jesús María,-12.069438578360955,-77.04594761677372,44.2,1,1,3,False,True,False,3,2.171,2026-02-21,1800.0
LIM-06241,Lince,-12.088179530425451,-77.02052044101032,75.9,3,3,2,False,False,False,17,1.363,2026-04-07,4300.0
LIM-06242,Miraflores,-12.129555839715612,-77.02905219372155,132.3,4,3,13,False,True,False,4,1.53,2026-04-21,10200.0
LIM-06243,San Isidro,-12.121073261096688,-77.04900963828749,100.6,3,2,20,False,True,False,16,3.755,2026-06-10,7900.0
LIM-06244,Surquillo,-12.110290889849585,-77.02569884003151,88.0,2,2,2,True,False,True,11,1.534,2026-08-09,3600.0
LIM-06245,Miraflores,-12.1201520843887,-77.04281362610365,75.9,3,2,20,True,True,False,18,3.107,2026-07-17,5200.0
LIM-06246,Miraflores,-12.127308649492202,-77.02678656099695,77.6,2,2,13,True,True,True,2,1.315,2026-04-26,9700.0
LIM-06247,Callao,-12.0690487892656,-77.1034133344762,133.1,4,3,4,True,False,False,20,7.54,2026-04-21,3450.0
LIM-06248,Ate,-12.046246850256157,-76.91406786869419,74.3,2,1,7,False,False,False,23,10.569,2026-05-10,1600.0
LIM-06249,Jesús María,-12.067834338873691,-77.05269338182357,62.6,2,1,11,False,False,False,15,2.482,2026-02-19,3250.0
LIM-06250,La Molina,-12.08562689342411,-76.95467567702745,94.4,3,2,6,False,False,False,1,5.582,2026-07-27,4600.0
LIM-06251,Surquillo,-12.095043213754094,-77.01323464964585,65.5,2,1,20,True,True,False,16,0.288,2026-05-31,3050.0
LIM-06252,Miraflores,-12.11264270596874,-77.04425758463351,44.8,2,1,20,True,True,True,45,3.359,2026-06-29,3050.0
LIM-06253,La Molina,-12.08808739707609,-76.95880921293916,139.0,5,4,5,False,False,False,15,5.121,2026-04-06,
LIM-06254,Surco (Santiago de Surco),-12.126140654926841,-76.98419804078831,90.1,3,2,8,False,False,False,14,3.327,2026-04-05,5000.0
LIM-06255,San Martín de Porres,-11.998316052659307,-77.08393282074809,118.3,3,2,2,False,True,False,14,2.692,2026-02-15,
LIM-06256,San Martín de Porres,-11.99835768694573,-77.08416945031621,45.7,2,1,2,True,False,False,12,2.718,2026-07-03,1400.0
LIM-06257,Lince,-12.069543634432268,-77.03532879219576,89.5,2,2,5,False,False,False,18,1.685,2026-05-10,3900.0
LIM-06258,Miraflores,-12.131876694537686,-77.02068954719904,115.0,4,3,10,False,True,False,4,0.587,2026-03-24,9100.0
LIM-06259,Magdalena del Mar,-12.09522028422334,-77.07371396792371,89.8,2,2,4,False,True,True,20,6.27,2026-03-03,4750.0
LIM-06260,Barranco,-12.135123479968204,-77.03031697729999,70.7,3,2,12,True,True,False,5,1.595,2026-07-05,5950.0
LIM-06261,Los Olivos,-11.965192113301901,-77.07998510660339,116.1,3,2,5,True,False,False,4,2.011,2026-04-06,3200.0
LIM-06262,Miraflores,-12.125528635824425,-77.03174132973015,112.7,4,3,9,False,False,False,2,1.842,2026-04-16,6450.0
LIM-06263,San Isidro,-12.11767391718449,-77.03307336308767,100.5,2,1,7,False,True,False,21,2.095,2026-07-19,5850.0
LIM-06264,Pueblo Libre,-12.100844163306325,-77.06352611932198,90.8,2,1,4,False,True,False,16,5.722,2026-05-09,3200.0
LIM-06265,Magdalena del Mar,-12.07058582572287,-77.07719388223407,132.5,3,2,6,True,False,False,17,4.895,2026-07-16,6100.0
LIM-06266,Chorrillos,-12.17099785814499,-77.01754459729128,104.6,2,2,3,False,False,False,18,0.779,2026-03-11,3300.0
LIM-06267,San Isidro,-12.104208877669036,-77.03713469286113,65.8,2,1,9,True,False,False,2,2.947,2026-02-18,
LIM-06268,Surquillo,-12.11050651733044,-77.02686459483077,97.5,2,1,4,False,False,False,10,1.63,2026-03-22,3100.0
LIM-06269,San Isidro,-12.10857208965964,-77.02341538905193,81.7,2,1,12,True,True,True,1,1.399,2026-02-19,8650.0
LIM-06270,San Isidro,-12.101174415328757,-77.0424877374623,85.9,2,1,6,True,False,False,8,3.507,2026-08-03,6700.0
LIM-06271,Magdalena del Mar,-12.106791284715914,-77.07414935339179,80.7,3,2,11,False,False,False,23,6.672,2026-03-05,3200.0
LIM-06272,Barranco,-12.166359283014774,-77.04612402295245,95.4,3,2,6,False,True,False,31,3.203,2026-07-09,5400.0
LIM-06273,jesús maría,-12.098859819350055,-77.05158209145671,140.0,5,3,8,False,False,False,19,4.458,2026-04-23,5800.0
LIM-06274,San Isidro,-12.116371888706746,-77.04989506996095,85.7,2,2,10,True,True,True,6,3.927,2026-04-16,10800.0
LIM-06275,San Isidro,-12.084944546832752,-77.04844826123639,147.9,5,4,5,True,False,True,4,3.856,2026-04-23,14950.0
LIM-06276,Pueblo Libre,-12.08544258353452,-77.0340337686364,79.1,2,1,9,True,False,False,12,2.375,2026-02-19,3350.0
LIM-06277,Barranco,-12.142981294658366,-77.01840568919243,109.6,3,2,18,False,True,False,18,0.314,2026-02-19,8900.0
LIM-06278,Lince,-12.073620231321858,-77.01858773386341,72.5,2,2,5,False,True,True,3,0.722,2026-07-16,3700.0
LIM-06279,San Miguel,-12.077201043777512,-77.08253635700015,66.6,2,2,2,False,False,False,5,5.744,2026-06-16,3000.0
LIM-06280,San Isidro,-12.100782806547853,-77.02490108541602,157.2,4,3,12,True,True,False,15,1.64,2026-06-06,13400.0
LIM-06281,San Miguel,-12.07580372495367,-77.09518885993911,64.6,1,1,6,False,True,False,10,6.922,2026-07-19,3400.0
LIM-06282,Surco (Santiago de Surco),-12.139999444398288,-76.97572317585707,77.0,2,1,4,False,False,True,7,4.351,2026-05-02,3900.0
LIM-06283,La Molina,-12.072353088855321,-76.93503975241708,73.6,1,1,7,False,False,True,13,7.924,2026-06-08,
LIM-06284,San Isidro,-12.074681593510267,-77.03620398057836,127.5,4,3,18,False,True,True,20,2.186,2026-02-16,13100.0
LIM-06285,Chorrillos,-12.157302258035548,-77.01494052450651,132.7,3,2,9,True,True,True,5,0.568,2026-06-11,8850.0
LIM-06286,Jesús María,-12.099418758817283,-77.05064078899755,90.1,2,2,5,True,True,False,2,4.361,2026-05-13,5250.0
LIM-06287,San Borja,-12.113544321106321,-76.9979731297816,65.7,2,1,6,True,True,False,3,1.438,2026-05-18,4150.0
LIM-06288,Ate,-12.046350090334627,-76.91652320882103,91.8,3,2,2,False,False,False,6,10.347,2026-03-26,1900.0
LIM-06289,Surco (Santiago de Surco),-12.129443304474929,-76.99042159642516,86.2,3,2,6,False,True,False,9,2.683,2026-03-07,4700.0
LIM-06290,Los Olivos,-11.989627774452424,-77.05062031438308,63.3,2,2,5,False,False,False,16,1.279,2026-05-21,2300.0
LIM-06291,Pueblo Libre,-12.094521323924429,-77.07756256940351,64.1,1,1,6,False,True,False,2,6.493,2026-06-03,3050.0
LIM-06292,San Martín de Porres,-11.983218523004496,-77.0668917428379,105.8,3,2,5,False,False,False,25,1.31,2026-05-28,2400.0
LIM-06293,San Martín de Porres,-12.005609431823318,-77.08501881380454,74.2,3,3,5,False,False,False,5,2.949,2026-03-16,1950.0
LIM-06294,Comas,-11.960848876061439,-77.04676404222081,104.3,3,3,2,False,False,False,12,2.155,2026-04-12,2500.0
LIM-06295,Miraflores,-12.134343689692676,-77.03340134435616,42.5,1,1,14,False,True,True,44,1.925,2026-02-19,2600.0
LIM-06296,Surquillo,-12.110014304280252,-77.01254695588152,111.2,3,2,10,False,False,False,5,0.215,2026-04-19,5100.0
LIM-06297,Surquillo,-12.12457057223756,-77.01940613098554,57.3,2,1,6,False,False,False,5,0.516,2026-02-23,2700.0
LIM-06298,Lince,-12.082200492293792,-77.05406710548054,89.8,2,1,20,True,True,True,21,3.841,2026-07-13,4500.0
LIM-06299,Surco (Santiago de Surco),-12.146744728352958,-76.97413227748447,100.9,2,1,8,False,False,True,24,4.549,2026-04-09,5050.0
LIM-06300,Ate,-12.067330401528608,-76.92731304336226,104.6,3,1,2,False,False,False,6,8.878,2026-07-17,2150.0
LIM-06301,Miraflores,-12.104007438041345,-77.02839340566612,52.2,2,2,8,False,False,False,4,2.035,2026-05-30,4150.0
LIM-06302,San Borja,-12.103521721064531,-77.0112290614341,70.6,1,1,7,False,False,False,2,0.69,2026-02-23,3750.0
LIM-06303,San Borja,-12.112305010334858,-77.01464401981785,71.1,2,2,3,True,False,False,1,0.527,2026-04-14,5500.0
LIM-06304,Miraflores,-12.12735634066018,-77.03185927807627,75.6,2,1,8,False,False,False,7,1.864,2026-04-22,5900.0
LIM-06305,Pueblo Libre,-12.056021195571098,-77.07022213514485,114.6,3,2,9,False,True,True,0,3.722,2026-03-13,4950.0
LIM-06306,Miraflores,-12.114001639453656,-77.04342578025567,86.2,2,2,14,False,False,False,12,3.247,2026-07-05,5300.0
LIM-06307,Pueblo Libre,-12.059838243620371,-77.06352519137673,56.2,2,1,14,False,False,False,17,3.084,2026-04-17,2050.0
LIM-06308,Chorrillos,-12.18170431212987,-77.03588288067718,84.3,2,1,7,True,False,False,3,2.04,2026-08-04,2900.0
LIM-06309,Surco (Santiago de Surco),-12.134392001517845,-76.99349431441902,92.6,3,2,10,False,False,True,20,2.415,2026-04-22,4600.0
LIM-06310,Pueblo Libre,-12.068773613008043,-77.06462792182798,67.0,2,1,4,False,False,False,14,3.588,2026-03-08,2850.0
LIM-06311,Miraflores,-12.127700829311767,-77.05916487241402,74.6,2,1,12,False,False,True,13,4.775,2026-06-11,6150.0
LIM-06312,Chorrillos,-12.175846385308043,-77.0243773188366,104.7,4,3,6,True,False,True,3,0.785,2026-03-19,5600.0
LIM-06313,Callao,-12.0636033240786,-77.11247907987728,67.5,1,1,3,False,True,False,8,8.388,2026-02-12,1950.0
LIM-06314,Miraflores,-12.116311289629973,-77.04216255061948,67.1,2,3,20,False,True,False,18,3.087,2026-05-16,6000.0
LIM-06315,Pueblo Libre,-12.089456729966209,-77.05695849366677,102.7,3,2,3,False,False,False,6,4.698,2026-02-28,4150.0
LIM-06316,San Borja,-12.101436359769036,-76.99340784948103,104.6,5,4,8,False,False,False,26,1.938,2026-02-27,6550.0
LIM-06317,San Borja,-12.104571441579084,-77.01081265712342,135.5,4,3,14,False,True,False,12,0.571,2026-06-09,
LIM-06318,Pueblo Libre,-12.076039702342088,-77.06324738763968,118.7,4,3,4,False,True,False,18,3.945,2026-07-01,4150.0
LIM-06319,Magdalena del Mar,-12.090105794252175,-77.06580010699983,50.5,2,1,5,False,True,False,3,5.286,2026-07-11,2650.0
LIM-06320,Jesús María,-12.077979285564796,-77.05951706676554,87.7,3,2,9,True,False,False,13,3.81,2026-02-16,4350.0
LIM-06321,Barranco,-12.157441568895928,-77.02386972669098,59.5,2,2,12,True,True,False,3,0.903,2026-06-09,4600.0
LIM-06322,La Molina,-12.080275286142536,-76.93139713058423,75.0,1,1,7,False,False,False,6,8.159,2026-05-01,3750.0
LIM-06323,Chorrillos,-12.167655831938147,-77.02839158477711,63.7,2,2,6,False,True,False,1,1.389,2026-07-24,1850.0
LIM-06324,Miraflores,-12.127187242865709,-77.02389010057037,68.1,2,1,10,True,True,True,20,1.002,2026-06-05,5050.0
LIM-06325,Jesús María,-12.080716627506918,-77.06195029329952,72.8,3,2,10,False,False,True,14,4.214,2026-02-18,3650.0
LIM-06326,Miraflores,-12.123295681805125,-77.03133154283833,61.8,1,1,14,False,True,True,34,1.817,2026-08-01,5200.0
LIM-06327,Chorrillos,-12.181324067833767,-77.01273927942512,81.6,2,2,11,True,False,False,10,0.636,2026-08-07,3350.0
LIM-06328,Jesús María,-12.055298570681414,-77.07785432147925,175.0,4,3,13,True,False,False,5,4.541,2026-07-25,9250.0
LIM-06329,La Molina,-12.08300229142967,-76.95161187697342,63.3,2,1,8,False,False,True,30,5.94,2026-05-30,3050.0
LIM-06330,Barranco,-12.149224797197434,-77.01624801687376,100.7,3,2,5,True,False,False,45,0.221,2026-07-04,5900.0
LIM-06331,Magdalena del Mar,-12.106692699684269,-77.07298987068961,77.5,2,2,4,False,False,False,23,6.55,2026-04-18,4050.0
LIM-06332,Callao,-12.04773212663556,-77.12436854061565,73.9,3,2,3,False,False,False,26,9.024,2026-05-18,1700.0
LIM-06333,San Borja,-12.115639258799332,-77.01185498406697,47.2,1,1,7,False,False,False,5,0.312,2026-06-19,3650.0
LIM-06334,Magdalena del Mar,-12.103332967732971,-77.06815842141367,99.6,3,3,7,False,False,False,8,6.122,2026-08-06,4750.0
LIM-06335,San Miguel,-12.068128624043082,-77.09666888085026,49.2,1,1,3,False,False,False,23,6.804,2026-03-01,1650.0
LIM-06336,La Molina,-12.082152127348097,-76.93865583358046,143.4,5,4,3,False,False,False,11,7.351,2026-05-15,7800.0
LIM-06337,La Molina,-12.116841371309627,-76.94063732237379,192.0,5,3,9,True,False,True,13,7.648,2026-05-24,13200.0
LIM-06338,Surco (Santiago de Surco),-12.13689324916517,-77.00036901942683,63.0,3,2,7,False,True,True,4,1.7,2026-02-24,3200.0
LIM-06339,Miraflores,-12.119593764553429,-77.01652925908407,109.0,3,2,20,False,False,False,12,0.364,2026-07-16,7900.0
LIM-06340,Pueblo Libre,-12.077675153869375,-77.07023133132044,75.6,1,1,4,True,False,False,15,4.647,2026-03-24,2850.0
LIM-06341,Los Olivos,-11.966975636011721,-77.05721455231017,45.0,1,1,11,True,False,True,7,0.841,2026-08-08,1650.0
LIM-06342,San Martín de Porres,-12.02061625603491,-77.06474448963344,61.2,2,1,2,False,False,False,40,2.64,2026-02-12,
LIM-06343,Los Olivos,-12.002872247192089,-77.05889862390612,93.2,2,1,4,False,False,False,11,0.598,2026-06-30,2150.0
LIM-06344,Magdalena del Mar,-12.107205618860442,-77.0778667338404,88.7,3,2,7,False,False,False,17,7.062,2026-03-25,3750.0
LIM-06345,Surco (Santiago de Surco),-12.131613034538795,-76.96443505026758,57.3,1,1,3,False,True,False,21,5.515,2026-04-23,2950.0
LIM-06346,Lince,-12.12379947474225,-77.03147786649093,68.7,3,2,7,False,True,False,9,1.825,2026-05-23,3100.0
LIM-06347,Callao ,-12.066722552806874,-77.11520732225384,110.6,3,2,3,True,False,False,6,8.738,2026-04-12,3000.0
LIM-06348,Pueblo Libre,-12.096673131630393,-77.06336473614286,103.2,4,2,11,True,True,False,7,5.727,2026-06-22,3700.0
LIM-06349,San Borja,-12.111211490070376,-77.01215719772468,78.9,3,2,11,False,False,False,22,0.239,2026-04-10,4350.0
LIM-06350,Pueblo Libre,-12.050105208904531,-77.0475591211514,86.3,2,1,7,False,False,False,6,1.261,2026-02-15,3750.0
LIM-06351,San Miguel,-12.08000611193597,-77.09966884115596,109.9,3,3,4,True,False,False,39,7.553,2026-06-12,5100.0
LIM-06352,San Martín de Porres,-12.000190034143971,-77.06956466768756,118.2,4,3,2,False,False,False,2,1.166,2026-05-01,2200.0
LIM-06353,san miguel,-12.067329228710541,-77.07888536270018,103.7,3,2,13,False,False,False,38,4.93,2026-04-29,4300.0
LIM-06354,Magdalena del Mar,-12.095244321306273,-77.06846014343341,80.9,3,2,14,True,False,True,17,5.916,2026-06-05,4850.0
LIM-06355,Surco (Santiago de Surco),-12.137579901242272,-77.00330363131079,92.2,3,2,5,False,False,True,11,1.408,2026-02-24,5150.0
LIM-06356,San Borja,-12.09718024891026,-77.00269293906614,98.2,3,2,12,True,False,True,4,0.884,2026-03-16,6800.0
LIM-06357,Surco (Santiago de Surco),-12.129337354193858,-77.02712491416818,74.4,2,2,4,True,True,False,5,1.342,2026-06-24,5000.0
LIM-06358,Callao,-12.053136490861203,-77.1194976118764,121.3,3,2,3,False,False,False,12,9.015,2026-03-11,3250.0
LIM-06359,SAN BORJA,-12.10996536183081,-76.9889674777476,55.2,2,1,8,False,True,True,7,2.352,2026-03-25,2950.0
LIM-06360,Magdalena del Mar,-12.099652776456724,-77.07855006094898,66.4,1,1,8,False,False,False,5,6.987,2026-05-13,3450.0
LIM-06361,Surco (Santiago de Surco),-12.123993949377219,-77.0020809635071,93.9,3,2,4,False,False,False,10,1.396,2026-05-13,4950.0
LIM-06362,Lince,-12.08913755143855,-77.03687296308931,79.0,3,2,2,True,False,False,7,2.822,2026-05-22,
LIM-06363,San Borja,-12.093524965447727,-76.98401560835617,111.1,3,2,5,False,False,False,28,2.432,2026-07-03,5950.0
LIM-06364,Miraflores,-12.133665756395471,-77.03005238826671,120.8,2,2,9,True,False,False,19,1.56,2026-03-01,11400.0
LIM-06365,Chorrillos,-12.15749459254593,-76.9958050058831,84.1,2,1,2,False,False,True,19,2.356,2026-06-06,3550.0
LIM-06366,Surco (Santiago de Surco),-12.12933551900294,-77.00184880205862,75.5,2,2,5,True,True,False,12,1.465,2026-06-13,4050.0
LIM-06367,Magdalena del Mar,-12.107122419076623,-77.07309321857842,74.5,2,2,5,False,False,False,4,6.553,2026-05-05,4400.0
LIM-06368,Miraflores,-12.114992256385372,-77.03460082310752,67.7,2,2,20,False,True,False,12,2.281,2026-03-04,4150.0
LIM-06369,San Borja,-12.116103634779806,-76.9737061630349,106.3,2,1,10,False,True,False,14,4.074,2026-04-30,4750.0
LIM-06370,Pueblo Libre,-12.07319886334783,-77.06094353626429,53.3,2,1,7,False,True,False,16,3.548,2026-03-15,2000.0
LIM-06371,Los Olivos,-11.974739525645743,-77.04596308635358,83.2,3,1,4,False,False,True,12,1.866,2026-06-29,3200.0
LIM-06372,San Isidro,-12.098794945969598,-77.04174153065883,142.9,4,3,18,True,True,True,23,3.391,2026-07-10,14100.0
LIM-06373,Ate,-12.035102830474282,-76.89766904988974,97.5,2,1,2,True,False,False,3,11.635,2026-05-13,2650.0
LIM-06374,Pueblo Libre,-12.06737786017424,-77.06168395953273,53.5,2,2,8,True,False,True,7,3.233,2026-07-16,3200.0
LIM-06375,Surco (Santiago de Surco),-12.148504384701228,-76.98496013286545,85.2,3,2,14,False,False,True,12,3.419,2026-06-03,4100.0
LIM-06376,Miraflores,-12.133917157299901,-77.0440365317349,36.7,1,1,14,False,True,False,12,3.08,2026-07-22,2400.0
LIM-06377,Surco (Santiago de Surco),-12.131750692676816,-76.9908190326095,93.2,3,2,5,True,False,False,5,2.692,2026-05-11,5350.0
LIM-06378,Los Olivos,-11.96478175447725,-77.08432944525589,149.1,3,2,2,True,False,True,6,2.469,2026-03-02,5550.0
LIM-06379,Surco (Santiago de Surco),-12.143093339752644,-76.99191484319154,970.6,1,1,11,True,False,False,7,2.588,2026-04-26,3500.0
LIM-06380,Magdalena del Mar,-12.076404214204215,-77.09392068063646,48.9,1,1,9,False,False,False,2,6.82,2026-04-11,1800.0
LIM-06381,Pueblo Libre,-12.063838060752765,-77.06422899623486,60.9,2,2,10,True,True,False,4,3.303,2026-04-05,2700.0
LIM-06382,Chorrillos,-12.182206916384617,-77.00495265555449,110.1,3,2,8,False,True,False,22,1.442,2026-06-23,3600.0
LIM-06383,Lince,-12.093767063789793,-77.02672935345207,117.3,4,3,11,False,True,False,16,1.757,2026-04-09,4650.0
LIM-06384,San Miguel,-12.08013375856456,-77.10760740059509,90.0,3,1,5,False,False,False,20,8.355,2026-05-10,2700.0
LIM-06385,Miraflores,-12.12508225293289,-77.05218063659404,49.7,2,2,10,False,True,False,39,4.064,2026-05-19,3400.0
LIM-06386,Los Olivos,-11.953826110075218,-77.06553666503447,87.4,2,1,2,True,False,True,15,2.052,2026-06-11,2250.0
LIM-06387,Surco (Santiago de Surco),-12.123185724324061,-76.97602561445571,168.4,5,3,3,True,True,False,1,4.047,2026-06-28,8550.0
LIM-06388,Miraflores,-12.120679165837984,-77.04096735244244,67.9,1,2,11,False,False,False,12,2.899,2026-02-23,4350.0
LIM-06389,Ate ,-12.038265133269329,-76.89083115106187,96.2,4,3,3,False,True,False,16,12.455,2026-05-14,
LIM-06390,Miraflores,-12.111224297283865,-77.02947791945802,81.0,3,2,18,False,True,False,11,1.85,2026-06-18,6900.0
LIM-06391,Miraflores,-12.120400871260802,-77.05290432240409,45.7,2,1,13,False,True,True,5,4.184,2026-07-27,2950.0
LIM-06392,JESÚS MARÍA,-12.068768575847571,-77.06773056428057,110.1,4,3,7,True,True,False,14,3.882,2026-07-05,5450.0
LIM-06393,Surco (Santiago de Surco),-12.127869749350893,-76.98576061020755,124.8,3,2,3,False,False,False,21,3.166,2026-03-14,6400.0
LIM-06394,Miraflores,-12.115248731316214,-77.02784518350998,39.6,2,2,6,False,True,False,13,1.551,2026-05-19,3600.0
LIM-06395,Jesús María,-12.08294564594171,-77.03121334841049,52.3,2,2,4,True,True,True,22,1.996,2026-03-28,2500.0
LIM-06396,San Miguel,-12.085532517088154,-77.10717749720037,57.2,2,1,5,True,False,False,11,8.552,2026-08-10,2450.0
LIM-06397,Surquillo,-12.118163135940232,-77.01607806242204,82.6,2,2,9,True,False,False,12,0.253,2026-07-22,3350.0
LIM-06398,Miraflores,-12.129579971348562,-77.02931886726334,59.0,2,1,5,False,False,True,6,1.557,2026-03-10,5350.0
LIM-06399,San Borja,-12.125977206871628,-77.00031617427668,102.3,3,2,20,False,True,False,16,1.575,2026-04-04,5350.0
LIM-06400,Surquillo,-12.10658857646861,-77.02209128674376,61.3,1,1,9,False,False,False,14,1.296,2026-04-16,2200.0
LIM-06401,Miraflores,-12.116943102477572,-77.03375239250646,76.7,2,2,6,True,False,True,10,2.171,2026-05-13,5500.0
LIM-06402,Barranco,-12.16547239891551,-77.01930425010863,82.0,2,2,16,True,True,False,34,0.46,2026-04-09,6050.0
LIM-06403,San Isidro,-12.100091000540731,-77.03306902766593,92.7,2,2,13,True,True,False,38,2.478,2026-03-12,7600.0
LIM-06404,San Borja,-12.110511429807032,-76.99556912579875,89.5,3,2,6,False,True,True,11,1.637,2026-06-14,6300.0
LIM-06405,Miraflores,-12.118916666857881,-77.01492814989311,83.3,3,3,13,True,False,True,29,0.183,2026-06-02,7000.0
LIM-06406,Pueblo Libre,-12.086583069383773,-77.07751534214746,80.4,3,2,3,False,False,False,17,5.885,2026-05-07,2900.0
LIM-06407,Ate,-12.062647930831933,-76.93774020241405,86.0,3,2,4,False,False,False,24,7.97,2026-05-17,2100.0
LIM-06408,Barranco,-12.143163306047594,-77.00919641934735,61.0,2,1,11,True,False,False,2,0.719,2026-06-28,4050.0
LIM-06409,Lince,-12.103507544147224,-77.0446223004909,124.1,3,2,4,True,True,False,12,3.704,2026-07-10,6750.0
LIM-06410,Barranco,-12.152191961916657,-77.02595370982338,60.8,2,1,9,True,True,False,9,1.034,2026-02-28,5100.0
LIM-06411,San Isidro,-12.1011129262291,-77.04404519567859,131.6,4,3,12,True,False,False,20,3.673,2026-07-15,10400.0
LIM-06412,San Miguel,-12.078879411818722,-77.1004021478651,62.6,1,1,5,False,False,True,9,7.577,2026-04-17,2650.0
LIM-06413,Magdalena del Mar,-12.092467388545865,-77.0931991684587,101.1,2,2,5,False,False,True,17,7.633,2026-03-19,3900.0
LIM-06414,Callao,-12.037417152586263,-77.12493433105281,150.4,4,3,4,True,False,False,29,8.415,2026-03-07,3900.0
LIM-06415,San Borja,-12.127493906407091,-76.99080802665264,80.8,1,1,7,True,True,False,9,2.616,2026-07-05,4950.0
LIM-06416,Miraflores,-12.110581021007206,-77.02944717727532,60.6,1,1,19,True,True,True,5,1.876,2026-08-07,5450.0
LIM-06417,Magdalena del Mar,-12.125645894873577,-77.06964591445791,68.0,2,1,9,False,False,False,17,5.936,2026-03-30,3200.0
LIM-06418,Miraflores,-12.104375466214192,-77.03535298396933,74.5,3,2,9,False,False,True,14,2.756,2026-05-19,6150.0
LIM-06419,Los Olivos,-11.993414432086446,-77.06066584811062,97.5,3,2,4,False,False,False,5,0.481,2026-05-26,3650.0
LIM-06420,Pueblo Libre,-12.044363264343584,-77.06920034250413,74.0,1,1,4,True,False,False,14,3.698,2026-04-28,3100.0
LIM-06421,Surco (Santiago de Surco),-12.139677213953725,-77.02030268760632,83.1,2,1,12,True,True,False,17,0.563,2026-02-15,4000.0
LIM-06422,San Borja,-12.092815403270723,-76.99480051448488,168.2,5,4,11,True,True,False,23,1.279,2026-05-30,13400.0
LIM-06423,Lince,-12.07209012771907,-77.02409138277166,63.8,1,1,14,True,True,False,2,1.265,2026-07-06,2750.0
LIM-06424,San Miguel,-12.082637869095654,-77.09951086814903,64.0,2,2,6,False,False,False,9,7.661,2026-06-10,2250.0
LIM-06425,San Isidro,-12.101516990618252,-77.0223095247911,110.9,4,3,10,True,False,False,8,1.413,2026-07-06,10200.0
LIM-06426,San Isidro,-12.107245907557589,-77.04690830625245,111.4,2,1,11,True,True,True,8,3.783,2026-04-11,9200.0
LIM-06427,Miraflores,-12.111651558002668,-77.02135127824559,117.9,3,3,19,False,False,False,20,1.061,2026-06-10,7800.0
LIM-06428,La Molina,-12.091881617250621,-76.92426268869411,203.9,5,4,6,True,True,True,11,8.882,2026-02-13,11850.0
LIM-06429,MAGDALENA DEL MAR,-12.105327802336609,-77.07525922818753,87.1,2,1,5,False,False,False,19,6.822,2026-02-21,3350.0
LIM-06430,Miraflores,-12.114652687856527,-77.03211779703227,68.4,3,2,8,True,True,True,8,2.02,2026-07-08,5150.0
LIM-06431,La Molina,-12.09756611729687,-76.94646806010569,59.8,2,2,5,True,False,False,18,6.532,2026-02-24,3450.0
LIM-06432,Magdalena del Mar,-12.099447787501024,-77.05616045535658,57.8,2,1,8,False,True,False,18,4.959,2026-05-17,2600.0
LIM-06433,Miraflores,-12.119814729621535,-77.0245666091145,80.2,3,3,8,True,False,True,3,1.194,2026-07-31,6700.0
LIM-06434,San Martín de Porres,-12.006609153871135,-77.05486956787338,61.7,1,1,9,True,False,False,29,1.117,2026-07-06,1250.0
LIM-06435,Jesús María,-12.07949858417104,-77.04564898334468,48.2,2,1,4,True,False,False,9,3.184,2026-08-10,2100.0
LIM-06436,La Molina,-12.068380201586328,-76.95304555991885,112.3,3,2,10,False,True,False,4,6.188,2026-08-10,6050.0
LIM-06437,San Borja,-12.110750822403421,-77.00560208322256,115.4,4,3,14,True,True,False,13,0.556,2026-06-30,9100.0
LIM-06438,Surco (Santiago de Surco),-12.139315523517404,-76.99426071281408,87.8,2,1,4,True,False,False,6,2.35,2026-07-11,3800.0
LIM-06439,Chorrillos,-12.176801501656824,-77.04259587139164,109.3,3,3,7,False,False,False,16,2.731,2026-03-26,4350.0
LIM-06440,Jesús María,-12.068146540138011,-77.05469987804065,97.4,3,3,11,False,True,False,12,2.667,2026-07-22,4550.0
LIM-06441,San Borja,-12.120706364192086,-77.00403357400859,130.0,4,3,4,True,True,True,22,1.113,2026-08-08,8750.0
LIM-06442,San Martín de Porres,-11.9937734151945,-77.07772252293498,180.4,5,3,2,False,False,False,13,2.057,2026-06-24,3950.0
LIM-06443,Chorrillos,-12.171630157719289,-76.9947981813552,189.3,5,4,9,False,False,False,8,2.567,2026-07-05,6950.0
LIM-06444,Surquillo,-12.13616386460889,-77.01684220213909,82.1,3,2,10,True,True,False,13,0.281,2026-05-26,3250.0
LIM-06445,Barranco,-12.127868932759094,-77.04447190904551,60.4,2,1,8,False,True,True,6,3.199,2026-04-18,4400.0
LIM-06446,Miraflores,-12.103570237270842,-77.04036689179851,76.5,2,1,10,False,True,True,3,3.288,2026-03-03,7400.0
LIM-06447,Pueblo Libre,-12.083206755192938,-77.05995254565755,124.1,5,3,8,False,True,False,10,4.29,2026-07-25,7600.0
LIM-06448,Magdalena del Mar,-12.108969118452366,-77.07458406288386,58.6,2,2,11,False,True,False,4,6.679,2026-02-28,2950.0
LIM-06449,Lince,-12.082363382035698,-77.01380653373225,108.1,2,2,7,False,True,False,13,0.497,2026-05-28,5350.0
LIM-06450,San Miguel,-12.094510359453976,-77.08127907241953,73.9,2,1,9,False,True,True,10,6.779,2026-07-05,3400.0
LIM-06451,Surco (Santiago de Surco),-12.118628604555573,-76.98383861431468,102.2,2,1,2,True,False,False,13,3.074,2026-07-25,6450.0
LIM-06452,Surco (Santiago de Surco),-12.140621444829028,-76.99760559710583,73.4,3,2,6,False,False,False,6,1.973,2026-07-27,3800.0
LIM-06453,San Borja,-12.088838316860294,-76.98541054756139,58.9,2,1,10,True,False,False,6,2.228,2026-04-08,3200.0
LIM-06454,Surco (Santiago de Surco),-12.144892840444635,-77.00575107751438,86.9,3,2,8,True,False,True,21,1.128,2026-02-23,5000.0
LIM-06455,Lince,-12.086446425026802,-77.02168046828847,103.2,3,1,13,False,True,False,8,1.294,2026-02-27,3900.0
LIM-06456,San Miguel,-12.062193448721072,-77.09618902683789,62.3,2,2,4,True,False,False,13,6.614,2026-05-23,3300.0
LIM-06457,Magdalena del Mar,-12.099378873755665,-77.09307592087153,130.7,3,2,4,True,False,False,8,8.095,2026-06-24,7100.0
LIM-06458,Pueblo Libre,-12.070334899081892,-77.05598115959263,62.4,2,1,13,False,False,False,16,2.933,2026-05-05,2750.0
LIM-06459,San Borja,-12.095188094932343,-76.98182947657662,63.9,3,2,4,False,False,True,11,2.706,2026-03-22,3650.0
LIM-06460,Pueblo Libre,-12.080272569410011,-77.0679792224558,81.3,2,1,9,True,True,False,26,4.642,2026-06-08,3550.0
LIM-06461,Barranco,-12.164540869086572,-77.00264685899708,87.0,2,1,11,True,True,True,22,1.586,2026-03-15,6150.0
LIM-06462,San Miguel,-12.094904527155691,-77.11267129097186,82.8,3,2,4,False,False,False,9,9.564,2026-02-19,2500.0
LIM-06463,Pueblo Libre,-12.066598807006747,-77.07746151884132,78.7,2,2,13,True,False,False,23,4.757,2026-04-12,2750.0
LIM-06464,SURCO (SANTIAGO DE SURCO),-12.130334659356029,-76.99676071250103,158.7,5,3,7,True,False,False,6,2.028,2026-02-20,9800.0
LIM-06465,San Borja,-12.095560041923028,-77.00304916663113,92.8,3,2,8,False,True,True,21,0.793,2026-02-27,8550.0
LIM-06466,Chorrillos,-12.17798853662779,-77.02610560063272,70.5,2,1,3,True,False,False,18,0.935,2026-02-22,2750.0
LIM-06467,Barranco,-12.166568847091206,-77.01979586737419,48.7,2,2,6,False,False,True,10,0.592,2026-06-20,4000.0
LIM-06468,San Miguel,-12.10563302767538,-77.09914308549396,117.2,4,3,3,False,False,False,24,9.049,2026-04-07,5350.0
LIM-06469,Callao,-12.02218444958778,-77.12240769596563,74.2,2,1,6,True,False,True,1,7.402,2026-06-30,2300.0
LIM-06470,Chorrillos,-12.168376923777549,-77.0147588991558,73.8,2,2,7,False,True,False,2,0.75,2026-04-04,3150.0
LIM-06471,La Molina,-12.085158498927013,-76.95321044258965,154.0,5,4,3,True,False,False,21,5.745,2026-08-06,7400.0
LIM-06472,Jesús María,-12.070256322876235,-77.05027221793583,154.4,4,3,11,False,True,False,11,2.507,2026-07-05,7750.0
LIM-06473,Comas,-11.96017606737879,-77.06974646855632,103.0,3,3,3,True,False,False,13,1.521,2026-07-19,2400.0
LIM-06474,Jesús María,-12.083138463891558,-77.06346744500112,76.6,2,1,3,False,False,True,44,4.525,2026-06-12,3650.0
LIM-06475,Miraflores,-12.100180038464105,-77.02023557390392,74.9,3,2,18,False,True,True,35,1.145,2026-07-16,4100.0
LIM-06476,San Isidro,-12.089299832569774,-77.01620646670989,73.5,3,2,9,False,False,True,12,0.939,2026-06-25,5850.0
LIM-06477,Surquillo,-12.123863171891534,-77.00472513605911,58.0,1,1,5,True,False,False,8,1.114,2026-06-10,2950.0
LIM-06478,La Molina,-12.101521783936999,-76.94121940701767,98.3,3,2,7,True,True,True,15,7.169,2026-05-13,7250.0
LIM-06479,Barranco,-12.155588329307335,-77.02909834131283,93.7,2,1,13,True,True,False,10,1.454,2026-06-06,6550.0
LIM-06480,Surco (Santiago de Surco),-12.138785167766674,-76.9984430246902,92.4,3,2,5,True,False,False,13,1.91,2026-08-03,5350.0
LIM-06481,San Miguel,-12.052810247569841,-77.08011574487439,120.5,4,3,11,False,True,False,12,4.776,2026-06-28,5400.0
LIM-06482,Magdalena del Mar,-12.09775920851159,-77.10307784120428,75.2,2,2,4,False,True,False,14,8.85,2026-03-07,4900.0
LIM-06483,Chorrillos,-12.188974621409596,-77.02245912269274,72.9,1,1,4,False,False,True,8,1.334,2026-05-24,2850.0
LIM-06484,Pueblo Libre,-12.074303228363322,-77.05429060896307,112.9,4,2,2,False,False,False,13,3.131,2026-02-13,4750.0
LIM-06485,Ate,-12.043227938379465,-76.92965936458621,92.6,3,2,3,False,False,False,15,8.961,2026-03-28,2050.0
LIM-06486,Los Olivos,-11.984266558931049,-77.06641934058905,84.5,2,1,2,True,False,False,32,1.406,2026-05-04,2250.0
LIM-06487,Barranco,-12.144574013586569,-77.01687612875081,70.8,3,3,5,False,False,False,13,0.313,2026-03-18,4050.0
LIM-06488,Lince,-12.070593008572741,-77.05075198916315,108.7,3,3,3,False,False,False,5,2.568,2026-05-29,5200.0
LIM-06489,San Isidro,-12.095535944600991,-77.03565626267829,93.7,2,2,10,True,False,True,9,2.714,2026-06-26,9800.0
LIM-06490,Comas,-11.952564781822195,-77.06940934321601,141.7,4,2,4,True,False,False,23,2.285,2026-03-30,
LIM-06491,Barranco,-12.155746445250841,-77.0164068158894,64.9,2,1,12,False,False,True,19,0.506,2026-05-02,5300.0
LIM-06492,Lince,-12.105006031719943,-77.0252625357693,96.4,3,2,5,False,False,True,2,1.677,2026-05-16,6100.0
LIM-06493,Chorrillos,-12.17630602280923,-77.01331273279473,88.5,3,2,7,False,False,False,6,0.493,2026-07-15,4100.0
LIM-06494,Miraflores,-12.117370640518041,-77.02852889210908,99.5,3,2,10,True,False,False,4,1.602,2026-05-17,6950.0
LIM-06495,Chorrillos ,-12.185459591018386,-77.01463354473093,111.7,3,3,4,False,False,True,7,0.886,2026-04-29,5400.0
LIM-06496,San Isidro,-12.073923598187669,-77.050812781067,62.9,2,2,16,True,True,False,10,2.873,2026-03-25,6000.0
LIM-06497,Magdalena del Mar,-12.085992646054585,-77.07606902140635,79.8,2,1,4,False,True,False,10,5.723,2026-04-15,4150.0
LIM-06498,Magdalena del Mar,-12.117013328067381,-77.08525779896067,106.0,4,2,3,False,False,False,27,7.721,2026-08-07,4200.0
LIM-06499,La Molina,-12.108067150702091,-76.93282153495815,157.2,5,3,2,False,False,False,39,8.223,2026-07-14,7350.0
LIM-06500,Jesús María,-12.085408285632447,-77.04080114212823,119.5,3,2,5,True,False,False,11,3.073,2026-04-02,5300.0
LIM-06501,San Martín de Porres,-11.980021775118889,-77.07243518379856,93.1,2,2,4,False,False,False,7,1.361,2026-03-09,3000.0
LIM-06502,Surco (Santiago de Surco),-12.124308939473371,-76.97443810133083,155.5,5,4,6,False,True,True,8,4.254,2026-07-13,10200.0
LIM-06503,Jesús María,-12.054115453653301,-77.05295972957761,64.8,2,1,2,True,False,False,18,1.832,2026-05-26,3650.0
LIM-06504,Los Olivos,-11.968777488561246,-77.07808808822654,54.5,2,1,5,False,False,False,2,1.693,2026-05-27,1350.0
LIM-06505,San Miguel,-12.079913871935549,-77.09704323259508,71.4,1,1,5,False,True,True,16,7.289,2026-05-02,3100.0
LIM-06506,San Isidro,-12.112170113832729,-77.05592683689406,124.6,3,2,14,False,True,False,10,4.621,2026-06-04,10200.0
LIM-06507,Callao,-12.052403792900998,-77.13638299745016,60.0,1,1,4,False,False,False,16,10.379,2026-04-29,1150.0
LIM-06508,San Isidro,-12.099554018003005,-77.02924676389237,53.1,2,2,13,True,True,True,4,2.059,2026-02-14,6150.0
LIM-06509,Jesús María,-12.076416066285782,-77.0657416815711,46.1,1,1,3,True,False,False,11,4.177,2026-06-07,2500.0
LIM-06510,Jesús María,-12.054183389907367,-77.06189895078013,101.2,2,1,9,False,False,True,8,2.802,2026-03-18,4600.0
LIM-06511,Surquillo,-12.116216147234374,-77.01872063852525,40.9,1,1,6,True,False,False,21,0.56,2026-05-04,1650.0
LIM-06512,Miraflores,-12.105128222671429,-77.03434673123284,89.4,2,1,7,False,False,True,2,2.631,2026-07-10,6450.0
LIM-06513,Miraflores,-12.140156895933712,-77.01877217170644,67.5,1,1,17,False,True,True,6,0.392,2026-06-14,7000.0
LIM-06514,San Miguel,-12.045142653205646,-77.09207446433997,61.0,2,1,17,False,False,False,6,6.129,2026-07-15,1800.0
LIM-06515,Miraflores,-12.125579245541065,-77.03898162415007,54.5,1,1,7,False,False,True,8,2.629,2026-03-25,3200.0
LIM-06516,Magdalena del Mar,-12.087013791720711,-77.06404040388308,83.3,3,2,10,True,False,False,6,4.897,2026-06-27,4900.0
LIM-06517,Pueblo Libre,-12.063204725056643,-77.05435450338194,58.9,1,1,6,False,False,False,37,2.311,2026-07-16,2200.0
LIM-06518,Lince,-12.091068280764507,-77.05023180125089,67.9,2,2,8,False,False,True,11,4.244,2026-04-10,3650.0
LIM-06519,Barranco,-12.139571638919291,-77.01837280026407,79.6,2,1,9,True,True,False,17,0.397,2026-06-01,5800.0
LIM-06520,Surco (Santiago de Surco),-12.124547961881024,-77.00358092147502,115.6,3,2,10,False,False,False,35,1.226,2026-03-12,6000.0
LIM-06521,Ate,-12.05495773401255,-76.92489725351359,124.1,4,3,1,False,True,False,15,9.587,2026-07-14,3150.0
LIM-06522,Magdalena del Mar,-12.103915602690183,-77.05326582406424,82.2,1,1,8,False,True,False,14,4.556,2026-05-16,3550.0
LIM-06523,San Isidro,-12.096656318118184,-77.03520874333857,60.7,2,1,11,True,True,False,17,2.666,2026-03-10,6500.0
LIM-06524,Barranco,-12.150785927372224,-77.02401046186216,81.2,2,1,9,False,False,False,19,0.818,2026-03-25,5100.0
LIM-06525,Surco (Santiago de Surco),-12.118282438849805,-76.99398058529646,117.2,4,3,12,True,True,True,9,2.043,2026-05-07,7600.0
LIM-06526,Comas,-11.934567981780658,-77.05150911684605,89.6,2,1,2,False,False,False,2,4.353,2026-07-01,1950.0
LIM-06527,Surco (Santiago de Surco),-12.135845082833557,-77.00341925371144,86.6,2,1,10,False,True,False,8,1.352,2026-05-29,3850.0
LIM-06528,San Isidro,-12.089927064495509,-77.04307019963329,187.7,5,3,7,False,False,True,22,3.472,2026-03-14,19650.0
LIM-06529,San Borja,-12.13285983693356,-76.99071994250224,59.5,1,1,6,False,False,False,43,2.718,2026-05-07,2450.0
LIM-06530,San Isidro,-12.104583731683581,-77.05489667148588,99.5,3,2,8,False,False,True,24,4.7,2026-04-01,8050.0
LIM-06531,Surco (Santiago de Surco),-12.131546147900172,-76.98311073790909,132.8,3,2,7,True,False,False,15,3.506,2026-03-29,7400.0
LIM-06532,Comas,-11.92961561397729,-77.08126215681789,85.2,3,2,6,True,True,True,20,5.129,2026-03-26,1800.0
LIM-06533,Pueblo Libre,-12.071202767984131,-77.06604920170291,71.1,2,2,6,False,False,False,15,3.861,2026-07-26,2750.0
LIM-06534,San Isidro,-12.079701132000269,-77.055885994478,74.8,3,2,15,True,True,True,3,3.715,2026-07-18,7800.0
LIM-06535,Magdalena del Mar,-12.085084721703696,-77.08837501994321,78.0,3,2,5,False,False,False,5,6.738,2026-04-24,3400.0
LIM-06536,MIRAFLORES,-12.126959953088857,-77.01382799769674,100.0,3,1,5,False,False,True,27,0.175,2026-07-24,7100.0
LIM-06537,Miraflores,-12.122780367751446,-77.01686650551397,70.4,1,1,10,True,False,False,11,0.395,2026-04-09,6100.0
LIM-06538,Jesús María,-12.068698939765138,-77.03518413240266,216.5,5,3,6,False,False,False,12,1.608,2026-05-14,12250.0
LIM-06539,San Borja,-12.113683626634277,-77.01598785940246,77.9,2,1,15,False,False,False,8,0.506,2026-06-22,4800.0
LIM-06540,San Miguel,-12.059024517865002,-77.10541267389841,121.2,4,2,3,True,False,True,12,7.562,2026-03-27,4550.0
LIM-06541,Los Olivos,-11.982204713611507,-77.06742152917403,104.7,4,3,5,False,False,False,18,1.227,2026-03-02,2850.0
LIM-06542,Barranco,-12.145606722594907,-77.01281619011785,72.5,2,1,8,True,False,True,17,0.509,2026-06-19,
LIM-06543,San Martín de Porres,-11.99007463823674,-77.09019416422119,144.1,4,2,2,True,False,False,14,3.471,2026-04-26,3250.0
LIM-06544,San Borja,-12.112061363873533,-77.00554705659053,53.9,2,1,3,False,True,False,12,0.609,2026-07-14,2550.0
LIM-06545,Barranco,-12.155865591991791,-77.0349761717527,80.2,2,1,4,False,False,False,9,2.07,2026-07-04,4900.0
LIM-06546,Chorrillos,-12.1756129755574,-76.99820105651303,65.2,2,2,7,False,True,True,6,2.114,2026-07-13,2500.0
LIM-06547,San Isidro,-12.087456017846579,-77.04239946958864,73.9,2,1,10,False,False,True,18,3.307,2026-06-11,6550.0
LIM-06548,Jesús María,-12.079598175970334,-77.04862449235665,68.5,3,1,8,False,False,False,7,3.312,2026-06-17,3600.0
LIM-06549,Pueblo Libre,-12.086427054242913,-77.06209626477333,55.1,2,1,8,True,True,False,24,4.716,2026-06-06,1650.0
LIM-06550,Surco (Santiago de Surco),-12.121192982676083,-76.98173255455832,56.0,3,2,2,False,False,False,12,3.389,2026-03-05,3500.0
LIM-06551,Chorrillos,-12.169908442324772,-77.0295295987756,92.9,2,1,12,False,True,True,18,1.587,2026-06-26,3750.0
LIM-06552,Barranco,-12.137305710834125,-77.00738086998929,68.5,2,1,13,True,True,False,18,0.98,2026-06-02,4950.0
LIM-06553,Chorrillos,-12.16558801922479,-77.03344464858746,74.5,2,2,5,True,True,False,15,1.831,2026-03-31,3050.0
LIM-06554,San Isidro,-12.071041328300618,-77.02271135690667,108.4,4,3,12,False,False,False,17,1.076,2026-07-14,8600.0
LIM-06555,Miraflores,-12.107720335572722,-77.04998359502125,86.7,3,2,5,True,False,False,4,4.087,2026-03-29,5750.0
LIM-06556,La Molina,-12.095488954742498,-76.94645466782242,101.0,3,2,3,False,False,False,29,6.504,2026-06-06,4450.0
LIM-06557,Chorrillos,-12.16905678439322,-76.99859475333957,217.7,5,3,4,True,False,True,40,2.149,2026-03-31,5600.0
LIM-06558,Miraflores,-12.127789864652522,-77.02103292670105,103.9,3,2,7,False,True,False,11,0.716,2026-06-09,10250.0
LIM-06559,Los Olivos,-11.974349513966054,-77.0664450925363,192.4,5,4,4,False,True,False,12,0.46,2026-07-26,6050.0
LIM-06560,Barranco,-12.166350004807384,-77.03398098169949,61.3,2,1,7,True,True,False,16,1.908,2026-08-04,4150.0
LIM-06561,Magdalena del Mar,-12.098933358182398,-77.08451761493002,84.5,3,2,10,True,False,True,11,7.374,2026-06-01,4000.0
LIM-06562,Surco (Santiago de Surco),-12.128459588537583,-76.97886725014763,63.9,3,2,8,True,False,False,13,3.918,2026-06-22,4050.0
LIM-06563,Miraflores,-12.121892260461605,-77.02373192610492,67.5,3,2,7,False,False,False,10,1.059,2026-05-07,4950.0
LIM-06564,Callao,-12.069792420838985,-77.107417009036,70.5,2,1,6,False,False,True,6,7.982,2026-08-03,2450.0
LIM-06565,Magdalena del Mar,-12.11377623198962,-77.07481447425023,203.4,5,4,3,False,False,True,14,6.648,2026-03-20,13150.0
LIM-06566,Pueblo Libre,-12.048257848774234,-77.06648077780817,60.1,2,1,6,False,False,True,7,3.325,2026-07-01,2150.0
LIM-06567,Jesús María,-12.069698070963502,-77.0398000604343,74.2,2,1,10,False,True,True,14,1.963,2026-08-09,3650.0
LIM-06568,San Borja,-12.118188830035198,-76.99548776358652,56.5,2,2,3,False,False,False,5,1.895,2026-07-11,3100.0
LIM-06569,Jesús María,-12.068058598483566,-77.05103952001306,94.9,3,2,12,True,True,False,3,2.374,2026-04-30,4550.0
LIM-06570,Los Olivos,-11.942629767066327,-77.0884680846785,66.0,2,2,3,True,False,False,25,4.298,2026-03-21,2100.0
LIM-06571,Pueblo Libre,-12.06615445168425,-77.05165310043218,100.6,3,2,10,True,False,True,31,2.272,2026-07-22,4550.0
LIM-06572,San Borja,-12.141744814428343,-76.99331968426033,50.8,1,1,6,False,False,False,5,2.433,2026-05-24,2950.0
LIM-06573,Lince,-12.053272499744157,-77.04057514458977,65.4,2,1,2,False,False,False,3,0.486,2026-04-11,2900.0
LIM-06574,Jesús María,-12.095790957763485,-77.03484896719047,44.3,1,1,5,False,False,False,26,2.626,2026-07-01,1750.0
LIM-06575,Magdalena del Mar,-12.09797214334452,-77.0727742500112,66.7,1,1,11,False,False,False,32,6.442,2026-07-08,2450.0
LIM-06576,Jesús María,-12.087200851600395,-77.04583921393086,73.0,2,1,7,True,False,True,45,3.655,2026-05-14,4000.0
LIM-06577,Magdalena del Mar,-12.104380025319678,-77.06509325308505,64.4,3,2,10,False,True,True,7,5.77,2026-04-13,3800.0
LIM-06578,San Miguel,-12.073987083780208,-77.08477552055633,66.5,2,1,4,False,False,True,5,5.802,2026-02-21,2350.0
LIM-06579,Ate,-12.071252282105583,-76.91247590625042,125.5,4,3,2,True,False,False,8,10.348,2026-05-02,3650.0
LIM-06580,Callao,-12.057682947025874,-77.12036302064254,170.5,5,4,7,False,False,True,40,9.171,2026-08-07,4850.0
LIM-06581,Surquillo,-12.100931890927102,-76.99369603014918,72.5,2,1,5,True,True,False,1,1.876,2026-06-12,3450.0
LIM-06582,Jesús María,-12.08371888389505,-77.05780560985038,60.8,3,2,7,False,False,False,15,4.201,2026-05-30,2650.0
LIM-06583,San Miguel,-12.094083420719306,-77.08384833793207,79.6,1,1,7,False,False,False,20,6.952,2026-03-27,2900.0
LIM-06584,Miraflores,-12.122771661225869,-77.03040630999647,67.0,2,1,4,True,False,False,23,1.728,2026-05-31,4900.0
LIM-06585,Magdalena del Mar,-12.099560097880616,-77.07024343647043,103.7,3,2,9,False,True,False,13,6.419,2026-04-18,5900.0
LIM-06586,Barranco,-12.156542732044013,-77.00659892017956,76.8,3,2,5,False,False,False,19,1.229,2026-06-13,4650.0
LIM-06587,San Isidro,-12.111460152913413,-77.04043894112363,51.3,2,2,5,False,False,False,6,2.978,2026-06-21,4200.0
LIM-06588,Ate,-12.040169785025768,-76.9087779638944,130.7,5,3,3,False,False,False,6,10.753,2026-05-09,4350.0
LIM-06589,Chorrillos,-12.1675568378627,-77.01491331263388,111.7,3,2,4,True,False,True,1,0.658,2026-04-20,5650.0
LIM-06590,San Borja,-12.121087760813477,-77.00629561793133,145.2,4,3,14,True,True,False,8,0.899,2026-03-21,6100.0
LIM-06591,Barranco,-12.160527043735245,-77.00630281201536,59.3,1,1,11,True,False,False,6,1.174,2026-02-19,3500.0
LIM-06592,Pueblo Libre,-12.071962096071932,-77.05456574645191,82.6,3,2,2,True,False,False,7,2.953,2026-03-11,3700.0
LIM-06593,Magdalena del Mar,-12.107079659897051,-77.08091459917814,53.4,1,1,7,False,False,False,11,7.392,2026-06-04,2600.0
LIM-06594,Surquillo,-12.112556056207637,-77.00425687467315,63.9,2,1,5,False,True,False,26,0.759,2026-06-05,2750.0
LIM-06595,Comas,-11.925383441656606,-77.07197703580087,107.9,4,2,2,True,False,False,17,5.288,2026-06-19,1950.0
LIM-06596,Surco (Santiago de Surco),-12.13571787217474,-76.99534721115462,77.5,3,2,9,False,True,False,5,2.222,2026-04-17,3800.0
LIM-06597,Barranco,-12.16396339640927,-77.02655068601467,78.1,2,2,15,False,True,False,7,1.061,2026-03-02,5550.0
LIM-06598,Surco (Santiago de Surco),-12.13029475803214,-76.98598425613176,100.2,3,2,7,True,False,False,9,3.174,2026-07-09,5250.0
LIM-06599,Miraflores,-12.123231856754236,-77.0351562002664,64.9,1,1,8,True,True,False,9,2.23,2026-05-01,5050.0
LIM-06600,La Molina ,-12.088601884449895,-76.93609820259647,172.0,4,3,7,True,False,False,39,7.59,2026-04-07,8600.0
LIM-06601,San Isidro,-12.091496125525456,-77.02956647828893,78.9,3,2,11,False,True,False,18,2.106,2026-03-18,6500.0
LIM-06602,Miraflores,-12.11280755116666,-77.03390298976895,78.3,3,2,20,True,True,False,6,2.252,2026-03-16,7750.0
LIM-06603,Surco (Santiago de Surco),-12.13457397401432,-76.97304338890252,59.4,2,2,5,False,False,False,4,4.638,2026-07-02,2950.0
LIM-06604,Miraflores,-12.121828163800512,-77.03834281579668,88.6,3,3,7,False,False,False,22,2.595,2026-07-22,5800.0
LIM-06605,Pueblo Libre,-12.04883750211432,-77.08000816903268,64.4,1,1,9,False,False,False,36,4.78,2026-03-14,2350.0
LIM-06606,Miraflores,-12.106693352013112,-77.01912681035998,101.9,4,3,7,True,True,False,21,0.985,2026-04-23,8400.0
LIM-06607,Chorrillos,-12.164697446583217,-77.04389289528946,53.9,1,1,2,False,False,False,16,2.939,2026-06-30,2300.0
LIM-06608,Barranco,-12.147825528649438,-77.00349819808403,80.3,2,2,15,True,True,False,8,1.462,2026-07-09,5600.0
LIM-06609,Miraflores,-12.13316891883074,-77.02817895348169,37.3,1,1,16,False,True,False,21,1.359,2026-04-11,2650.0
LIM-06610,San Isidro,-12.083671363368794,-77.05382382089766,103.5,3,1,6,False,False,False,29,3.97,2026-03-14,6200.0
LIM-06611,Pueblo Libre,-12.071868470239384,-77.07448157402973,70.9,2,1,6,True,False,False,5,4.692,2026-07-21,3000.0
LIM-06612,Barranco,-12.156326028165877,-77.04100906410618,79.5,2,2,3,False,False,False,3,2.685,2026-06-17,4450.0
LIM-06613,San Borja,-12.111217685443052,-76.99400540456756,74.3,2,2,11,False,False,True,12,1.812,2026-04-27,5050.0
LIM-06614,Miraflores,-12.132694190794858,-77.0453229700519,55.4,1,1,13,True,False,True,13,3.223,2026-07-21,3750.0
LIM-06615,Comas,-11.930312051484169,-77.05597493163165,82.7,2,1,3,False,False,False,45,4.707,2026-05-02,1550.0
LIM-06616,Miraflores,-12.11290355500254,-77.03305788981744,79.8,2,1,14,True,True,False,15,2.161,2026-02-22,6950.0
LIM-06617,La Molina,-12.08462041046166,-76.95090436968255,132.3,4,3,3,True,False,False,10,5.999,2026-05-12,8400.0
LIM-06618,Chorrillos,-12.175213426883502,-77.01198784839767,90.4,3,2,5,False,False,True,28,0.675,2026-06-28,3200.0
LIM-06619,Barranco,-12.157568026526999,-77.01391786404446,51.9,2,1,3,True,False,False,12,0.596,2026-05-18,4550.0
LIM-06620,Surco (Santiago de Surco),-12.160560871725101,-76.98125036553546,171.0,4,3,4,False,False,False,3,3.889,2026-05-13,8300.0
LIM-06621,Surquillo,-12.13165512275992,-77.02510534003477,72.3,1,1,2,False,False,False,20,1.052,2026-06-07,3100.0
LIM-06622,Surco (Santiago de Surco),-12.14391174407423,-76.99535771355194,77.8,2,1,14,False,False,False,29,2.222,2026-07-21,2950.0
LIM-06623,San Isidro,-12.107915596584167,-77.04432392559038,97.4,2,2,15,False,False,False,4,3.492,2026-04-25,8400.0
LIM-06624,La Molina,-12.083327672504607,-76.94324415029344,119.4,3,2,2,False,False,False,11,6.842,2026-02-20,5350.0
LIM-06625,San Isidro,-12.08746207509632,-77.04603947622324,80.4,3,1,11,True,True,True,7,3.684,2026-07-24,8200.0
LIM-06626,San Martín de Porres,-12.000441270626814,-77.08568916076601,82.0,2,2,1,True,False,True,9,2.9,2026-03-23,3050.0
LIM-06627,Lince,-12.068192996778544,-77.03832800611725,93.2,1,1,8,False,True,False,12,1.771,2026-07-19,3800.0
LIM-06628,Jesús María,-12.08299477263504,-77.04547966867167,139.1,5,4,10,True,False,False,5,3.512,2026-07-16,9750.0
LIM-06629,Miraflores,-12.12272644552098,-77.02936454039317,39.1,2,1,12,False,True,False,14,1.618,2026-06-26,2700.0
LIM-06630,Pueblo Libre,-12.074211846151332,-77.05702438073078,111.2,4,3,7,True,True,True,13,3.318,2026-03-27,5550.0
LIM-06631,Lince,-12.071993764053987,-77.03458395898575,68.4,1,1,5,False,True,False,21,1.84,2026-05-06,3400.0
LIM-06632,San Isidro,-12.095929355015015,-77.0436570320017,91.7,3,2,11,True,False,False,13,3.583,2026-08-02,7000.0
LIM-06633,Los Olivos,-11.967297173025303,-77.06920460523291,135.6,3,3,2,False,False,False,17,0.869,2026-07-26,3050.0
LIM-06634,Jesús María,-12.093458117380095,-77.0600062073207,34.2,1,1,7,False,True,False,6,5.248,2026-06-12,1250.0
LIM-06635,Surquillo,-12.125498880510529,-77.01067010621064,84.4,2,1,4,False,False,False,39,0.45,2026-04-13,3100.0
LIM-06636,Barranco,-12.13624857271563,-77.02482558225557,105.5,2,2,3,True,False,False,25,1.026,2026-03-16,5800.0
LIM-06637,Miraflores,-12.146004107163167,-77.0269457670836,60.2,2,1,5,True,False,True,10,1.274,2026-04-09,4900.0
LIM-06638,Pueblo Libre,-12.057484088170833,-77.06045971194067,48.0,1,1,9,True,False,True,9,2.698,2026-06-05,2250.0
LIM-06639,Surquillo,-12.108704026132548,-76.99828145418738,109.9,4,2,2,True,False,False,15,1.344,2026-05-15,5300.0
LIM-06640,La Molina,-12.095770255940366,-76.94062099558124,62.7,2,1,7,False,False,False,5,7.137,2026-07-02,3500.0
LIM-06641,San Isidro,-12.107184587716889,-77.03582137256316,97.2,2,2,8,True,False,False,14,2.664,2026-05-31,8850.0
LIM-06642,Surquillo,-12.09194853640182,-77.02580844983832,90.2,2,1,3,False,False,False,7,1.698,2026-05-29,3600.0
LIM-06643,Barranco ,-12.132463130322247,-77.01177137814084,79.5,3,2,3,False,False,False,3,0.456,2026-08-05,5200.0
LIM-06644,Surco (Santiago de Surco),-12.136433289258521,-76.99824246624496,113.8,3,2,11,True,True,False,8,1.919,2026-04-17,5850.0
LIM-06645,Jesús María,-12.071984899246573,-77.06730576175113,73.5,2,2,12,False,True,False,16,4.023,2026-07-10,2850.0
LIM-06646,Miraflores,-12.128854176330924,-77.03174105866714,87.0,2,2,4,True,False,True,12,1.832,2026-03-19,7900.0
LIM-06647,San Isidro,-12.095582592266087,-77.03440212246758,67.8,3,2,11,True,True,False,16,2.577,2026-05-30,5500.0
LIM-06648,San Isidro,-12.105286844262832,-77.04652206837183,70.6,1,1,9,True,True,False,15,3.816,2026-06-07,6550.0
LIM-06649,San Martín de Porres,-11.99984251629009,-77.08201816366132,91.0,3,2,4,False,False,False,10,2.495,2026-06-18,2300.0
LIM-06650,Surco (Santiago de Surco),-12.113276047442822,-76.9958577940398,58.0,2,1,20,True,False,False,7,1.651,2026-07-24,3200.0
LIM-06651,Lince,-12.086247368558606,-77.03397089473131,81.8,2,1,5,True,False,True,22,2.402,2026-07-04,4850.0
LIM-06652,Comas,-11.955576262575283,-77.04718429756342,43.0,1,1,2,False,False,True,10,2.51,2026-03-03,1400.0
LIM-06653,Lince,-12.10149646457582,-77.04903869433421,76.4,2,1,6,False,False,True,9,4.216,2026-05-06,3550.0
LIM-06654,San Borja,-12.106774586911627,-76.97419437048977,104.2,2,2,9,False,True,False,4,3.971,2026-04-22,7100.0
LIM-06655,San Borja,-12.117430741853914,-76.99899402384229,69.8,2,1,6,False,False,False,10,1.527,2026-05-15,3050.0
LIM-06656,La Molina,-12.08384076229621,-76.93823746519257,74.1,2,2,20,False,True,False,1,7.379,2026-04-12,3450.0
LIM-06657,Jesús María,-12.093034037117544,-77.04746596480155,70.2,2,1,4,False,False,True,26,4.009,2026-06-27,3100.0
LIM-06658,Callao,-12.048316998385088,-77.13881228286118,1375.5,3,2,6,False,True,False,14,10.339,2026-05-14,3150.0
LIM-06659,Surquillo,-12.127421978461514,-77.03017893185982,72.6,2,1,12,False,True,False,25,1.683,2026-05-13,2350.0
LIM-06660,La Molina,-12.086244432888671,-76.95149131055565,77.1,3,2,2,False,False,False,15,5.924,2026-05-23,3350.0
LIM-06661,Surco (Santiago de Surco),-12.139059638609279,-76.9830753621826,98.3,3,2,8,False,True,False,10,3.562,2026-03-31,4600.0
LIM-06662,Los Olivos,-11.948279332452653,-77.088111853629,95.7,3,2,3,True,False,False,25,3.813,2026-05-06,3000.0
LIM-06663,Miraflores,-12.119042129918846,-77.03966884912448,80.5,2,2,5,False,False,True,6,2.803,2026-08-05,6700.0
LIM-06664,Chorrillos,-12.151354336622624,-77.01612178991667,59.8,2,2,4,True,True,False,18,0.045,2026-07-12,2600.0
LIM-06665,Barranco,-12.14267109119925,-77.0157257226266,73.6,2,1,15,False,True,True,17,0.075,2026-06-12,5700.0
LIM-06666,Pueblo Libre,-12.056495128932252,-77.05778734947803,100.6,3,2,9,False,False,False,9,2.391,2026-04-19,4600.0
LIM-06667,Surquillo,-12.117205578477074,-77.02930806136469,77.2,3,2,2,False,False,False,14,1.687,2026-04-06,2850.0
LIM-06668,Magdalena del Mar,-12.091353963406116,-77.09487589632229,89.0,2,2,10,False,False,False,9,7.712,2026-04-27,4450.0
LIM-06669,Miraflores,-12.106476276931772,-77.02293128428144,126.9,3,2,6,False,False,True,9,1.388,2026-07-11,10950.0
LIM-06670,Chorrillos,-12.16384048061699,-77.00090251270153,86.5,2,2,9,False,True,False,7,1.762,2026-03-27,2500.0
LIM-06671,Surco (Santiago de Surco),-12.128628080661786,-76.99914361938451,72.6,2,1,2,True,False,False,10,1.733,2026-02-18,4050.0
LIM-06672,Surco (Santiago de Surco),-12.138935217993453,-77.0087362378138,72.6,2,2,9,True,True,False,10,0.83,2026-02-17,4450.0
LIM-06673,San Borja,-12.110205317925681,-77.00375856386957,95.2,3,2,5,False,True,False,9,0.746,2026-07-22,6000.0
LIM-06674,Magdalena del Mar,-12.081848056580759,-77.07097124911938,49.2,1,1,10,True,False,False,16,5.002,2026-07-15,2000.0
LIM-06675,Lince,-12.068949065015214,-77.03609771788132,61.6,2,1,14,False,True,False,12,1.7,2026-06-29,2550.0
LIM-06676,Miraflores,-12.128214352751357,-77.01251367630182,87.0,3,2,8,False,False,False,9,0.374,2026-03-26,6650.0
LIM-06677,Magdalena del Mar,-12.10442510769226,-77.06460035136715,113.5,3,2,5,False,False,True,8,5.717,2026-05-15,4400.0
LIM-06678,Los Olivos,-11.979749605459242,-77.06928794320555,53.7,2,2,3,False,False,True,19,1.098,2026-05-21,1700.0
LIM-06679,San Isidro,-12.08724359261124,-77.06015187479555,87.7,3,1,10,False,True,False,15,4.668,2026-06-15,6450.0
LIM-06680,Magdalena del Mar,-12.106653700264749,-77.08400716354609,76.3,2,1,8,False,True,False,15,7.731,2026-04-30,3650.0
LIM-06681,Lince,-12.075288759127739,-77.03987626791614,68.8,1,1,2,True,False,False,13,2.49,2026-07-22,2850.0
LIM-06682,Los Olivos,-11.962351715882548,-77.08045939177978,92.1,3,2,2,False,False,False,14,2.196,2026-07-16,2450.0
LIM-06683,Jesús María,-12.08014110213239,-77.04671014473763,79.2,3,3,6,False,False,True,27,3.29,2026-02-20,3800.0
LIM-06684,Surquillo,-12.095933688233783,-77.01496269502758,101.5,3,2,5,True,True,False,14,0.464,2026-03-28,3600.0
LIM-06685,Barranco,-12.166947106897215,-77.04148889841787,104.2,3,2,4,True,False,True,4,2.718,2026-02-16,7500.0
LIM-06686,Surco (Santiago de Surco),-12.115085608802897,-76.98534482325528,188.6,5,3,12,False,True,False,21,2.81,2026-04-14,9750.0
LIM-06687,Callao,-12.052773369629053,-77.11790651552408,84.7,3,3,3,False,False,True,10,8.862,2026-03-30,2200.0
LIM-06688,Los Olivos,-11.993781596279904,-77.0672083030379,77.2,3,3,13,False,True,False,8,0.964,2026-04-03,2550.0
LIM-06689,San Borja,-12.089197444370141,-76.98966208398157,66.0,2,1,9,True,False,True,31,1.766,2026-05-17,3550.0
LIM-06690,Magdalena del Mar,-12.08383344994936,-77.08490363663208,66.1,1,1,10,False,False,False,32,6.345,2026-03-05,2300.0
LIM-06691,Magdalena del Mar,-12.100638540200956,-77.06059313172821,98.0,2,1,7,True,False,False,2,5.43,2026-06-03,5400.0
LIM-06692,San Isidro,-12.108776646782898,-77.03840152268504,112.2,3,2,8,True,True,True,11,2.853,2026-07-23,9300.0
LIM-06693,Los Olivos,-11.98772880092606,-77.0533494332812,109.2,4,2,5,False,True,True,4,1.259,2026-03-20,3650.0
LIM-06694,Surquillo,-12.085714646058275,-77.02822718922337,52.5,1,1,5,True,False,False,29,1.812,2026-05-09,1450.0
LIM-06695,Magdalena del Mar,-12.106580582489942,-77.05844104071683,63.2,2,1,3,False,False,False,31,5.008,2026-03-10,2250.0
LIM-06696,Surco (Santiago de Surco),-12.15016306274401,-77.00584780829242,177.7,5,4,3,False,False,False,45,1.164,2026-05-23,6450.0
LIM-06697,Surco (Santiago de Surco),-12.131784970507798,-76.96441462456073,72.8,2,1,5,False,False,False,20,5.519,2026-06-12,3250.0
LIM-06698,Miraflores,-12.140754721601134,-77.0408220051606,118.0,5,4,12,True,False,False,16,2.734,2026-03-21,11150.0
LIM-06699,Pueblo Libre,-12.085378580781336,-77.05042095935454,85.4,2,2,5,False,False,True,14,3.98,2026-07-30,3700.0
LIM-06700,SAN BORJA,-12.096360369670075,-77.00294873068431,71.2,2,2,6,False,False,True,5,0.845,2026-07-21,5050.0
LIM-06701,Barranco,-12.143829472862167,-77.01281973139601,47.9,1,1,11,False,True,False,9,0.373,2026-04-01,2900.0
LIM-06702,Jesús María,-12.078236439516873,-77.04948630080551,64.2,1,1,5,False,False,False,10,3.216,2026-03-13,2550.0
LIM-06703,Ate,-12.046180319924824,-76.92909476450436,105.2,2,2,15,False,True,True,11,9.2,2026-02-20,3250.0
LIM-06704,Miraflores,-12.1264096463624,-77.06296196188775,56.1,1,1,6,False,True,False,8,5.205,2026-02-24,3500.0
LIM-06705,Magdalena del Mar,-12.096243973712427,-77.04560900044568,128.3,4,3,10,True,False,True,35,3.796,2026-02-15,5950.0
LIM-06706,San Borja,-12.117441736590715,-76.99772370929261,84.2,2,2,8,False,True,False,2,1.643,2026-04-11,4000.0
LIM-06707,Miraflores,-12.128062871834329,-77.06472236093519,93.8,2,1,20,True,True,False,10,5.369,2026-07-02,5800.0
LIM-06708,San Borja,-12.115628137650544,-76.99496869672242,109.7,4,1,6,False,False,False,12,1.823,2026-07-21,5450.0
LIM-06709,Jesús María,-12.08231033022227,-77.04072496012165,134.4,4,2,9,False,True,False,16,2.99,2026-04-23,4900.0
LIM-06710,Miraflores,-12.108573068043002,-77.03798096940217,65.2,2,1,9,True,True,True,1,2.818,2026-02-14,5850.0
LIM-06711,Miraflores,-12.111858591295844,-77.03790025445484,77.6,2,2,3,True,True,False,22,2.699,2026-08-04,5800.0
LIM-06712,Chorrillos,-12.18588835922069,-77.01833810216448,52.4,1,1,5,False,False,False,20,0.882,2026-05-26,1450.0
LIM-06713,Surco (Santiago de Surco),-12.149332725510511,-76.98056886923086,98.2,3,2,5,False,False,True,26,3.905,2026-08-10,4900.0
LIM-06714,Jesús María,-12.075487319717569,-77.04780047856212,115.2,3,2,7,False,False,True,5,2.86,2026-05-02,5700.0
LIM-06715,Jesús María,-12.047736548820525,-77.0314412963479,85.8,2,1,4,False,False,True,15,0.285,2026-02-23,5400.0
LIM-06716,Chorrillos,-12.187032462444359,-77.00452536992964,171.9,5,3,1,True,False,False,2,1.731,2026-07-08,5400.0
LIM-06717,San Miguel,-12.079334692676449,-77.09554541729116,92.1,3,2,13,False,True,True,5,7.114,2026-07-17,4900.0
LIM-06718,Chorrillos,-12.173635355035387,-77.03694628511032,69.0,1,1,3,True,False,False,3,2.169,2026-04-06,2650.0
LIM-06719,Jesús María,-12.074903706088543,-77.05172005006557,92.6,3,3,10,True,True,False,10,3.018,2026-03-03,4350.0
LIM-06720,Magdalena del Mar,-12.100998518490634,-77.06938221119526,48.8,2,1,6,False,False,False,9,6.322,2026-06-05,2150.0
LIM-06721,La Molina,-12.072939040333617,-76.94448127828345,85.2,2,1,8,True,True,False,10,6.913,2026-08-04,
LIM-06722,La Molina,-12.081346496524679,-76.9375869020197,74.5,1,1,8,True,False,False,14,7.476,2026-06-18,4550.0
LIM-06723,La Molina,-12.07665033611506,-76.9348389602862,110.6,2,1,6,True,False,False,4,7.848,2026-07-06,6350.0
LIM-06724,Miraflores,-12.114027440604005,-77.02302969735901,73.6,3,3,9,False,False,False,2,1.083,2026-04-16,4650.0
LIM-06725,La Molina,-12.076072620138328,-76.94850394264863,161.8,5,4,10,False,True,False,1,6.404,2026-02-20,10200.0
LIM-06726,La Molina,-12.067787130004312,-76.9389613983001,106.6,3,2,7,False,True,False,6,7.651,2026-06-19,6500.0
LIM-06727,San Isidro,-12.08122747239854,-77.00987418922165,61.7,1,1,15,False,True,False,10,0.549,2026-07-02,6650.0
LIM-06728,Surco (Santiago de Surco),-12.10710235248485,-77.01287855472806,156.5,4,3,5,True,False,False,7,0.381,2026-04-22,8700.0
LIM-06729,San Miguel,-12.062791904623115,-77.0869525503973,30.4,1,1,5,True,True,False,12,5.639,2026-05-07,1600.0
LIM-06730,Jesús María,-12.08163336131833,-77.02701596057933,81.0,2,2,3,False,False,False,35,1.517,2026-04-28,3250.0
LIM-06731,Surquillo,-12.104532255498329,-77.03159507995301,69.7,2,1,6,True,True,True,10,2.354,2026-05-08,2550.0
LIM-06732,San Borja,-12.099774777852184,-76.98658679889785,89.7,2,2,7,False,True,True,14,2.418,2026-03-28,7350.0
LIM-06733,Chorrillos,-12.151656461137213,-77.0044833930652,96.2,2,1,5,False,False,False,12,1.307,2026-03-27,2800.0
LIM-06734,Surquillo,-12.126305902200114,-77.03522215385891,67.3,2,1,12,False,True,True,23,2.221,2026-05-21,3000.0
LIM-06735,Miraflores,-12.114404587023285,-77.02085165942698,88.0,2,1,9,False,False,False,10,0.85,2026-03-31,5400.0
LIM-06736,Ate,-12.054572844137203,-76.91925579081393,75.9,2,1,9,True,True,False,3,10.169,2026-03-21,2500.0
LIM-06737,San Isidro,-12.091049458750799,-77.03742534955812,53.3,1,1,7,False,False,False,5,2.953,2026-08-06,4250.0
LIM-06738,Jesús María,-12.076176959975198,-77.05289945670265,78.8,2,1,4,True,False,True,24,3.207,2026-05-26,3450.0
LIM-06739,Surquillo,-12.108946374349708,-77.00174773090278,46.8,2,1,3,True,False,False,8,0.966,2026-03-02,1700.0
LIM-06740,Surco (Santiago de Surco),-12.151924058232977,-76.9963454522448,75.2,2,1,3,False,False,False,5,2.192,2026-06-01,3300.0
LIM-06741,Jesús María,-12.06408128222133,-77.05455976241582,116.0,3,2,6,False,True,True,11,2.382,2026-02-26,5600.0
LIM-06742,Surco (Santiago de Surco),-12.132527285817767,-77.00035650616012,156.4,4,3,9,True,False,False,22,1.675,2026-08-01,6700.0
LIM-06743,San Isidro,-12.095373685418737,-77.04079187947066,122.5,4,3,20,False,True,True,9,3.272,2026-02-14,9450.0
LIM-06744,San Isidro,-12.073797260401832,-77.04965442623916,115.5,3,2,9,True,True,False,14,2.793,2026-05-06,13250.0
LIM-06745,Miraflores,-12.125689800779215,-77.03506560869083,76.5,2,2,17,True,True,False,44,2.203,2026-06-13,4950.0
LIM-06746,Miraflores,-12.116992814902737,-77.02798796450355,103.8,3,2,5,False,False,False,24,1.544,2026-07-15,6950.0
LIM-06747,Jesús María,-12.07239675161153,-77.04414742296022,89.6,3,2,4,True,False,True,14,2.386,2026-03-31,4450.0
LIM-06748,San Borja,-12.105923530077112,-76.98415153130588,167.8,4,3,7,True,False,True,10,2.906,2026-04-03,14500.0
LIM-06749,Magdalena del Mar,-12.068838353144287,-77.0728082532055,58.1,2,1,3,False,False,False,28,4.38,2026-07-31,2500.0
LIM-06750,Pueblo Libre,-12.072834314891036,-77.06879363675517,93.0,3,2,6,True,False,True,45,4.21,2026-05-03,3850.0
LIM-06751,San Isidro,-12.10400735759386,-77.04883247992578,56.7,2,1,5,False,False,False,31,4.102,2026-03-23,3250.0
LIM-06752,Surco (Santiago de Surco),-12.112549166454633,-76.99146615743032,118.0,4,3,7,True,False,False,14,2.104,2026-07-15,5600.0
LIM-06753,San Miguel,-12.081092265185267,-77.09420844936909,45.0,2,2,5,False,True,False,6,7.069,2026-05-02,1650.0
LIM-06754,San Martín de Porres,-12.01816213776651,-77.08161180692818,61.0,1,1,5,False,False,False,5,3.35,2026-06-03,1650.0
LIM-06755,Magdalena del Mar,-12.104390124477145,-77.07254964579423,51.7,2,1,13,False,True,False,22,6.556,2026-02-28,2100.0
LIM-06756,San Isidro,-12.112159049928515,-77.03046733102506,92.1,2,1,7,True,False,True,6,1.914,2026-04-30,7750.0
LIM-06757,Surquillo,-12.136299585595772,-77.01426317731035,72.8,3,2,14,False,True,False,8,0.309,2026-05-21,2900.0
LIM-06758,Los Olivos,-11.973256180052417,-77.07354621723894,192.8,5,4,8,True,False,False,12,1.165,2026-08-01,8150.0
LIM-06759,La Molina,-12.08764259158328,-76.95481658164852,106.8,4,3,8,False,True,False,5,5.556,2026-05-07,5800.0
LIM-06760,Barranco,-12.135233665018452,-77.02875341722651,89.6,2,1,4,True,True,False,5,1.427,2026-05-04,6750.0
LIM-06761,San Isidro,-12.089647180655255,-77.0265208820985,89.5,3,2,11,True,False,True,4,1.851,2026-06-03,9450.0
LIM-06762,Jesús María,-12.066593988302456,-77.05408303486077,99.7,3,2,3,False,False,False,17,2.505,2026-02-20,4350.0
LIM-06763,San Martín de Porres,-12.009618520062373,-77.09675251350926,94.2,3,2,6,True,False,False,16,4.301,2026-02-13,2350.0
LIM-06764,Lince,-12.074480800856431,-77.01938510382185,96.7,3,2,5,True,False,False,19,0.735,2026-05-25,5450.0
LIM-06765,Surco (Santiago de Surco),-12.118305205963216,-77.00630854190678,67.8,1,1,12,True,True,True,29,0.817,2026-07-04,4050.0
LIM-06766,Lince,-12.080365149301446,-77.0328770347543,31.1,1,1,12,True,False,False,6,2.114,2026-02-13,1450.0
LIM-06767,Surquillo,-12.109629789564424,-77.01160604297749,74.3,3,2,8,False,True,True,3,0.11,2026-03-08,3550.0
LIM-06768,Magdalena del Mar,-12.1106763075964,-77.07566137949354,43.8,1,1,4,True,False,False,9,6.771,2026-04-11,1900.0
LIM-06769,Surquillo,-12.102046770308736,-77.04723765474854,98.9,3,2,4,True,False,False,14,4.031,2026-07-05,4700.0
LIM-06770,La Molina,-12.065430033414863,-76.94051414404072,92.3,3,2,13,False,False,True,1,7.577,2026-06-24,6400.0
LIM-06771,Surco (Santiago de Surco),-12.131124571211437,-76.9790824409985,68.1,2,1,20,False,True,False,26,3.93,2026-04-02,3700.0
LIM-06772,Jesús María,-12.08073228734041,-77.03956161326401,189.8,5,3,5,True,False,False,11,2.84,2026-06-12,10150.0
LIM-06773,Magdalena del Mar,-12.097443938271853,-77.10118792778394,77.5,2,1,7,False,True,False,27,8.661,2026-07-19,3450.0
LIM-06774,Ate,-12.05144504858015,-76.89047306812397,86.0,1,1,3,False,False,False,11,13.094,2026-07-06,1450.0
LIM-06775,San Borja,-12.112625395837924,-77.0145102186232,114.3,4,3,5,True,True,False,1,0.535,2026-02-12,9450.0
LIM-06776,La Molina,-12.079024203235672,-76.95814103351573,142.8,5,4,5,False,False,False,13,5.31,2026-08-01,9000.0
LIM-06777,La Molina,-12.083446430659956,-76.93581746887756,158.4,4,3,7,False,False,False,11,7.645,2026-07-29,10500.0
LIM-06778,San Borja,-12.096252760728344,-76.99316590258928,58.7,1,1,3,False,False,False,2,1.602,2026-06-18,2350.0
LIM-06779,Surco (Santiago de Surco),-12.130549169462661,-76.99403597873713,112.8,4,3,11,True,False,True,45,2.321,2026-02-16,5050.0
LIM-06780,Pueblo Libre,-12.083969055687739,-77.06993287490636,68.3,2,1,5,False,False,False,29,5.077,2026-07-25,2550.0
LIM-06781,La Molina,-12.092808304286192,-76.92922971926124,81.9,3,2,8,True,True,False,24,8.347,2026-05-12,4550.0
LIM-06782,La Molina,-12.093554092873454,-76.94567191020218,111.7,5,4,8,True,False,True,44,6.568,2026-06-03,5550.0
LIM-06783,Jesús María,-12.075837640919422,-77.0677898041155,44.8,2,2,5,False,True,False,5,4.312,2026-06-27,2300.0
LIM-06784,San Isidro,-12.075663435703026,-77.02191240060026,114.2,3,2,8,True,True,True,15,0.937,2026-03-21,11100.0
LIM-06785,Lince,-12.06164120490023,-77.0306685800844,62.0,2,1,4,True,True,True,16,0.746,2026-02-26,
LIM-06786,San Borja,-12.098260785594642,-76.98521991951255,77.2,3,2,12,False,False,True,31,2.473,2026-07-17,3800.0
LIM-06787,Magdalena del Mar,-12.094074834437997,-77.06882941651853,74.6,2,1,3,False,False,False,4,5.836,2026-05-06,3000.0
LIM-06788,Pueblo Libre,-12.089939826634053,-77.03440052704553,71.1,1,1,8,False,True,False,11,2.628,2026-03-01,2600.0
LIM-06789,San Miguel,-12.07475990033124,-77.0965196432615,112.4,4,2,8,False,False,False,23,7.015,2026-06-02,3250.0
LIM-06790,Chorrillos,-12.184180087557245,-77.01790688110415,57.7,2,1,3,True,True,True,32,0.689,2026-05-05,2800.0
LIM-06791,La Molina,-12.067233737241208,-76.93656203227248,97.3,3,2,6,True,False,False,7,7.918,2026-04-07,6900.0
LIM-06792,Surco (Santiago de Surco),-12.154273268277485,-76.99864550742969,88.6,3,2,8,False,False,False,18,1.971,2026-02-28,4950.0
LIM-06793,Pueblo Libre,-12.06898618800004,-77.05346834749405,53.3,2,1,6,False,False,False,14,2.632,2026-05-04,2000.0
LIM-06794,Jesús María,-12.084090872531805,-77.08436895679186,84.2,3,2,10,True,False,True,8,6.313,2026-06-10,
LIM-06795,Jesús María,-12.073714182225803,-77.04987339906991,63.5,2,1,9,True,True,False,4,2.798,2026-05-23,2550.0
LIM-06796,San Borja,-12.100307181716268,-76.999835909624,57.4,1,1,5,True,False,False,27,1.283,2026-06-23,3400.0
LIM-06797,San Miguel,-12.065136375734616,-77.09447058256185,92.3,3,2,11,False,True,True,29,6.493,2026-07-16,3600.0
LIM-06798,Miraflores,-12.12182828241118,-77.0399231233821,123.1,3,2,2,True,True,False,23,2.765,2026-03-24,11200.0
LIM-06799,San Borja,-12.099165401397821,-76.98772652593745,91.4,1,1,6,False,True,True,7,2.276,2026-03-24,6050.0
LIM-06800,Miraflores,-12.129049641183345,-77.03545333788526,72.6,2,1,5,False,False,True,12,2.214,2026-03-08,5450.0
LIM-06801,La Molina,-12.083853539382721,-76.94279670719914,105.7,4,3,3,True,False,True,22,6.885,2026-06-25,5600.0
LIM-06802,Lince,-12.073073511026747,-77.03374596367657,57.7,1,1,8,False,False,False,7,1.888,2026-03-01,3200.0
LIM-06803,San Borja,-12.10431480626232,-76.99259562950576,130.9,4,2,20,True,True,False,3,2.047,2026-03-14,6250.0
LIM-06804,La Molina,-12.09315212435648,-76.92802847041315,113.4,3,2,4,False,False,False,21,8.479,2026-02-19,5400.0
LIM-06805,Los Olivos,-11.972248508410761,-77.06915875373744,43.8,1,1,2,False,False,False,5,0.681,2026-06-26,1150.0
LIM-06806,San Miguel,-12.065212127249426,-77.08270323568343,114.5,3,3,7,True,False,True,19,5.254,2026-06-13,6200.0
LIM-06807,San Borja,-12.121402135403137,-76.99686155793792,122.1,4,3,4,True,True,True,2,1.887,2026-05-31,9800.0
LIM-06808,Callao,-12.067931781608088,-77.12417209832712,103.0,2,1,7,True,False,False,15,9.721,2026-06-01,2500.0
LIM-06809,La Molina,-12.079580934882259,-76.94689869043872,45.5,1,1,6,False,False,False,45,6.5,2026-02-20,2000.0
LIM-06810,Surquillo,-12.119969723134501,-77.02090250857707,64.9,1,1,3,False,False,False,29,0.812,2026-03-02,2550.0
LIM-06811,Miraflores,-12.138536698356196,-77.02258205441696,99.8,3,3,8,False,False,True,15,0.841,2026-07-30,8900.0
LIM-06812,Surco (Santiago de Surco),-12.118790175995496,-76.99372017549277,107.3,3,2,14,False,True,True,26,2.095,2026-02-14,6200.0
LIM-06813,Surco (Santiago de Surco),-12.14819520345456,-77.00453117499075,101.4,3,2,2,True,False,True,7,1.343,2026-03-07,7300.0
LIM-06814,Miraflores,-12.123493160159835,-77.03206354716936,99.9,3,2,14,True,False,True,15,1.893,2026-05-28,8050.0
LIM-06815,San Borja,-12.115734247724244,-77.01691100038892,94.1,3,2,12,True,False,False,1,0.403,2026-05-14,8500.0
LIM-06816,Miraflores,-12.124672201826483,-77.0316152382638,110.2,2,2,7,False,False,True,22,1.832,2026-05-09,8200.0
LIM-06817,Jesús María ,-12.084215433491817,-77.04898432958515,84.3,3,1,8,False,True,True,21,3.801,2026-03-02,4000.0
LIM-06818,Miraflores,-12.112528649147679,-77.00769862159537,77.0,3,2,10,False,True,False,24,0.445,2026-05-18,7350.0
LIM-06819,Miraflores,-12.119770117708317,-77.01321857526986,99.8,3,2,14,True,True,True,17,0.239,2026-03-10,9200.0
LIM-06820,Ate,-12.03459615685747,-76.92840889517176,81.0,2,1,3,True,False,False,36,8.572,2026-03-20,1950.0
LIM-06821,Lince,-12.092410018538502,-77.03087876696802,47.9,2,2,3,False,False,False,20,2.226,2026-05-12,1500.0
LIM-06822,Callao,-12.031003738760608,-77.11546827623053,85.1,2,1,9,True,True,False,9,7.164,2026-04-07,2050.0
LIM-06823,Magdalena del Mar,-12.118355785426047,-77.07846524823317,94.2,3,2,4,False,False,False,20,6.969,2026-03-17,4700.0
LIM-06824,San Isidro,-12.116221618895068,-77.03870026229858,114.3,3,2,8,True,True,True,19,2.712,2026-07-24,9900.0
LIM-06825,Jesús María,-12.052562981827403,-77.05324739691952,107.8,3,2,5,True,False,False,8,1.854,2026-07-04,6050.0
LIM-06826,San Borja,-12.102611499990644,-76.9761274981574,88.0,2,1,13,True,True,False,18,3.573,2026-06-11,6300.0
LIM-06827,San Isidro,-12.093103367003328,-77.0416942110412,80.5,2,2,20,True,True,True,5,3.383,2026-07-02,6750.0
LIM-06828,Chorrillos,-12.169524696312184,-77.01400875427682,67.8,3,2,4,True,False,False,7,0.898,2026-05-08,3750.0
LIM-06829,Jesús María,-12.066745512758196,-77.07934836160476,86.7,3,2,5,False,False,True,8,4.956,2026-06-19,3950.0
LIM-06830,San Miguel,-12.073802787354794,-77.0829171793992,46.1,1,1,6,False,False,False,19,5.61,2026-04-01,1700.0
LIM-06831,San Borja,-12.1198908538995,-76.98438894231296,90.7,2,1,4,False,False,True,3,3.067,2026-05-23,6750.0
LIM-06832,Jesús María,-12.063781709139127,-77.06162436034921,199.1,5,3,8,True,False,False,45,3.041,2026-02-20,9600.0
LIM-06833,Barranco,-12.141471861461541,-77.02754264100106,43.3,2,1,11,False,False,True,45,1.289,2026-02-26,2900.0
LIM-06834,Ate,-12.029258826239122,-76.91058195775848,96.7,2,2,4,True,True,False,9,10.091,2026-07-16,2500.0
LIM-06835,La Molina,-12.065629107077186,-76.94496647166704,124.1,5,3,3,False,False,False,12,7.117,2026-06-24,6200.0
LIM-06836,Miraflores,-12.117134287044282,-77.02380356491376,88.2,3,3,20,True,True,False,17,1.089,2026-07-03,7350.0
LIM-06837,San Isidro,-12.111930588211587,-77.0401468927749,62.4,1,1,13,False,True,True,7,2.935,2026-06-26,6150.0
LIM-06838,Jesús María,-12.052329724825576,-77.02664081535539,94.4,3,2,14,False,False,False,11,0.746,2026-08-09,3750.0
LIM-06839,Comas,-11.955217799220035,-77.07003688158566,80.1,2,1,2,False,False,False,20,2.031,2026-06-15,1700.0
LIM-06840,Los Olivos,-11.964844429675932,-77.03920110344342,55.7,1,1,2,False,True,False,16,2.701,2026-07-23,1400.0
LIM-06841,Pueblo Libre,-12.07668080711705,-77.04819691299181,101.7,2,2,4,False,True,False,3,2.999,2026-07-10,4100.0
LIM-06842,Comas,-11.948167504202218,-77.05201461655139,117.5,3,2,12,False,False,False,26,2.913,2026-06-18,2900.0
LIM-06843,Pueblo Libre,-12.064428398541622,-77.07558573161229,55.0,1,1,6,True,False,False,44,4.487,2026-04-08,2000.0
LIM-06844,Surco (Santiago de Surco),-12.132066484808783,-76.98408381139566,79.8,2,1,7,True,False,False,23,3.413,2026-07-07,3800.0
LIM-06845,Jesús María,-12.067441102104784,-77.04175273883185,66.4,1,2,2,False,False,False,8,1.778,2026-06-18,3250.0
LIM-06846,San Isidro,-12.10698823548196,-77.06213532483207,50.2,1,1,9,False,True,False,8,5.388,2026-03-15,4300.0
LIM-06847,Barranco,-12.151488899584496,-77.03825520368666,89.3,2,1,8,True,True,False,9,2.365,2026-03-17,
LIM-06848,La Molina,-12.09603441975809,-76.94090846488301,142.1,4,2,8,False,False,False,20,7.11,2026-03-16,6950.0
LIM-06849,Miraflores,-12.12348885905573,-77.03099959665998,67.4,2,1,20,False,True,True,18,1.778,2026-02-20,4350.0
LIM-06850,Callao,-12.058025146698409,-77.12429773851461,84.2,3,3,10,False,True,False,20,9.6,2026-05-09,2400.0
LIM-06851,Comas ,-11.920868349921543,-77.04905260966653,98.6,3,2,3,False,False,False,19,5.893,2026-07-12,2150.0
LIM-06852,Surco (Santiago de Surco),-12.138112662173624,-77.00560535146104,102.7,3,2,4,True,True,False,45,1.179,2026-07-11,5950.0
LIM-06853,Pueblo Libre,-12.099107179894368,-77.0685628913162,48.7,2,2,5,False,True,False,23,6.273,2026-08-07,2250.0
LIM-06854,La Molina,-12.070058901552152,-76.95296435745621,128.6,4,3,7,True,False,False,2,6.129,2026-06-04,7350.0
LIM-06855,Miraflores,-12.115708887511689,-77.02327796890543,51.5,2,2,12,True,False,True,2,1.054,2026-04-11,5700.0
LIM-06856,Surco (Santiago de Surco),-12.13657212521464,-77.01563349839786,118.1,3,2,2,False,False,True,3,0.297,2026-07-23,6400.0
LIM-06857,Barranco,-12.154646584402332,-77.0273720622222,49.8,2,1,7,False,False,False,14,1.242,2026-02-12,3100.0
LIM-06858,Surco (Santiago de Surco),-12.146363107872682,-77.01567318264796,62.7,1,1,6,True,True,False,10,0.485,2026-06-24,4300.0
LIM-06859,barranco,-12.126143422834962,-77.0251545057029,69.4,2,1,7,False,True,True,6,1.127,2026-04-22,6200.0
LIM-06860,Miraflores,-12.120477861336079,-77.02072341188291,73.8,2,1,20,True,True,False,1,0.814,2026-02-12,6400.0
LIM-06861,Barranco,-12.170253013721778,-77.01250924205704,72.4,2,1,8,False,True,True,29,1.018,2026-03-01,5450.0
LIM-06862,San Martín de Porres,-11.994967119600577,-77.08933117999321,67.6,1,1,4,False,False,True,10,3.289,2026-05-01,2000.0
LIM-06863,San Isidro,-12.082725939575583,-77.030300136565,90.7,2,2,20,True,True,True,36,1.893,2026-03-16,7100.0
LIM-06864,surco (santiago de surco),-12.133122783979758,-76.99722196106694,104.5,3,2,14,False,True,False,13,2.011,2026-04-09,6350.0
LIM-06865,San Borja,-12.119119121666344,-76.98226698032306,130.7,4,3,14,True,True,False,8,3.254,2026-06-08,6450.0
LIM-06866,Surco (Santiago de Surco),-12.146892891432296,-76.9965595543377,100.8,2,1,8,True,True,False,7,2.151,2026-03-28,6050.0
LIM-06867,San Borja,-12.11930782713263,-77.0342765683474,74.3,2,1,6,True,False,False,5,2.233,2026-06-23,4300.0
LIM-06868,San Isidro,-12.078940104035437,-77.02596382789547,55.2,1,1,7,False,False,False,16,1.349,2026-07-12,4050.0
LIM-06869,Lince,-12.085959968662843,-77.03880919039086,41.7,2,1,10,True,True,True,6,2.884,2026-04-13,3200.0
LIM-06870,Jesús María,-12.093744692976145,-77.0522903994258,88.7,3,2,14,True,True,False,14,4.528,2026-03-03,4900.0
LIM-06871,Lince,-12.080490392889867,-77.02926891833312,87.6,3,2,8,True,True,False,41,1.728,2026-02-25,3550.0
LIM-06872,Jesús María,-12.071907558573118,-77.06609649495691,60.2,2,2,3,False,False,False,3,3.908,2026-02-17,2200.0
LIM-06873,Magdalena del Mar,-12.1008867456026,-77.07480415710145,84.6,2,1,7,True,False,False,7,6.833,2026-04-17,3750.0
LIM-06874,Surco (Santiago de Surco),-12.147244881073066,-76.98858603606138,89.8,2,2,12,True,True,False,8,3.005,2026-04-26,5900.0
LIM-06875,Barranco,-12.162166738797275,-77.01703122972644,88.1,3,2,5,False,False,False,15,0.019,2026-04-10,5600.0
LIM-06876,San Borja,-12.095260394214403,-77.0057871750124,118.7,3,2,5,False,False,False,12,0.538,2026-06-04,7000.0
LIM-06877,San Isidro,-12.09422984573034,-77.02479681643774,41.2,2,2,13,True,False,True,12,1.543,2026-05-21,3850.0
LIM-06878,Surco (Santiago de Surco),-12.129256276024059,-77.00696995139096,132.2,4,3,9,False,True,True,30,0.939,2026-03-02,6500.0
LIM-06879,Lince,-12.08216289428504,-77.04080625958854,73.7,2,1,8,True,False,False,8,2.996,2026-07-07,4400.0
LIM-06880,Miraflores,-12.117167735541058,-77.03103201722632,63.3,2,2,17,False,True,True,4,1.874,2026-04-27,5600.0
LIM-06881,San Isidro,-12.10282073596114,-77.03315437968874,72.4,2,1,10,False,True,False,10,2.563,2026-04-08,6000.0
LIM-06882,Lince,-12.08756995225377,-77.03719451982028,68.7,2,1,5,False,False,False,20,2.782,2026-02-22,3450.0
LIM-06883,La Molina,-12.072821058334899,-76.93045695721199,93.6,3,2,11,False,True,True,6,8.398,2026-03-03,5750.0
LIM-06884,Surquillo,-12.09772491798617,-77.01395656543679,48.2,1,1,17,True,True,False,1,0.414,2026-05-08,2100.0
LIM-06885,Callao,-12.071265103853117,-77.1171921044356,67.8,2,2,3,False,False,False,45,9.053,2026-07-23,
LIM-06886,Callao,-12.059099105997293,-77.11497836609053,60.9,1,1,6,False,True,False,9,8.599,2026-06-21,1350.0
LIM-06887,La Molina,-12.076728575692076,-76.93640512882845,169.3,4,2,14,False,True,False,14,7.679,2026-02-13,9150.0
LIM-06888,Barranco,-12.126815043213412,-77.01851070128231,71.3,2,1,10,False,False,False,14,0.422,2026-07-29,4450.0
LIM-06889,Jesús María,-12.052216485024031,-77.0707142019978,164.5,4,3,3,False,False,False,11,3.753,2026-05-29,7450.0
LIM-06890,Jesús María,-12.083149093779358,-77.03592589363166,90.1,2,2,8,True,True,False,4,2.497,2026-07-14,5700.0
LIM-06891,Jesús María,-12.05829944658153,-77.0475638975031,96.6,2,2,8,False,True,False,7,1.399,2026-04-15,4950.0
LIM-06892,Surco (Santiago de Surco),-12.134296364374716,-76.98678176631334,67.6,1,1,6,False,True,False,18,3.144,2026-06-13,3300.0
LIM-06893,San Isidro,-12.084667000333493,-77.0415713223124,79.3,2,2,9,True,False,True,5,3.133,2026-03-11,8350.0
LIM-06894,Barranco,-12.139940655830145,-77.04332059855304,71.6,3,1,4,False,True,False,32,3.011,2026-03-25,4050.0
LIM-06895,Miraflores,-12.136267568510778,-77.05674691543848,61.2,2,1,7,False,False,False,8,4.47,2026-06-06,4050.0
LIM-06896,Miraflores,-12.114500312520475,-77.04073241347228,64.6,2,1,7,False,False,False,14,2.95,2026-05-25,3450.0
LIM-06897,San Martín de Porres,-11.986831640905969,-77.07439246915771,103.0,3,2,2,False,False,False,37,2.034,2026-05-06,2050.0
LIM-06898,San Isidro,-12.097441863060334,-77.02112530854042,97.8,3,2,10,False,True,False,3,1.148,2026-04-11,8250.0
LIM-06899,Jesús María,-12.07655579712768,-77.0453763452967,52.2,2,1,11,False,True,True,7,2.865,2026-03-10,3000.0
LIM-06900,Callao,-12.075459966941276,-77.13072672891249,93.1,3,2,3,False,False,True,9,10.594,2026-04-03,2950.0
LIM-06901,Surco (Santiago de Surco),-12.126796589801389,-77.00440948972373,113.4,3,2,15,False,True,True,10,1.136,2026-07-09,8250.0
LIM-06902,San Borja,-12.105795019586234,-76.98227060281619,74.5,2,1,10,False,False,True,3,3.11,2026-08-05,4850.0
LIM-06903,Pueblo Libre,-12.084666206976522,-77.0788293704465,60.1,1,1,20,False,True,False,16,5.862,2026-08-07,3250.0
LIM-06904,Surco (Santiago de Surco),-12.138910079962516,-76.96977872542183,109.4,4,3,10,False,True,False,16,5.004,2026-08-05,6850.0
LIM-06905,magdalena del mar,-12.093645961010466,-77.05318754969011,34.2,1,1,3,False,False,False,16,4.626,2026-06-26,1300.0
LIM-06906,Surquillo,-12.121403629468631,-76.99188333516156,65.0,2,2,11,False,False,False,23,2.415,2026-03-18,2300.0
LIM-06907,San Miguel,-12.077367874469882,-77.08823158215019,131.6,3,2,2,False,False,True,2,6.302,2026-02-16,5600.0
LIM-06908,Surquillo,-12.13569919176644,-77.02159829781118,28.3,1,1,2,True,True,False,13,0.672,2026-03-29,1300.0
LIM-06909,Comas,-11.926806939637776,-77.05772384480618,123.6,3,2,7,False,True,False,10,5.068,2026-04-17,3200.0
LIM-06910,Surco (Santiago de Surco),-12.134809088580404,-76.98409698058738,113.1,3,3,18,False,True,False,4,3.437,2026-04-11,6850.0
LIM-06911,San Miguel,-12.090592242077884,-77.10060931086949,49.2,1,1,16,False,True,True,6,8.191,2026-05-20,1650.0
LIM-06912,Jesús María,-12.103116506180653,-77.06221443885391,94.5,3,2,8,False,True,False,6,5.508,2026-06-26,4150.0
LIM-06913,Lince,-12.0727503807076,-77.03670723792837,93.7,3,3,5,False,True,False,4,2.05,2026-06-15,4050.0
LIM-06914,San Miguel,-12.070702901367317,-77.10206769333038,53.5,1,1,5,False,False,True,15,7.446,2026-06-28,2200.0
LIM-06915,San Miguel,-12.074871771438373,-77.0779093622562,62.2,1,1,5,False,True,False,7,5.178,2026-02-22,2150.0
LIM-06916,Los Olivos,-11.958536223984824,-77.07889715416475,88.7,3,3,5,False,False,False,20,2.303,2026-08-07,
LIM-06917,Surco (Santiago de Surco),-12.124669219244439,-76.99385230240084,129.9,4,3,5,False,False,False,23,2.28,2026-07-24,5250.0
LIM-06918,Lince,-12.082766743159358,-77.0215035137527,57.2,1,1,6,False,False,False,28,1.016,2026-06-24,2250.0
LIM-06919,Surco (Santiago de Surco),-12.138050570607094,-76.97964189227585,93.7,3,2,5,False,False,False,2,3.944,2026-08-05,6300.0
LIM-06920,Jesús María,-12.078605699183385,-77.04649728861774,64.7,1,1,4,False,False,True,1,3.122,2026-02-15,3700.0
LIM-06921,San Miguel,-12.072348695713139,-77.08818844516064,78.6,2,2,13,False,True,False,5,6.073,2026-03-19,3850.0
LIM-06922,Surquillo,-12.097935623501447,-77.02970388753003,90.9,2,1,7,True,False,True,11,2.08,2026-05-22,5500.0
LIM-06923,La Molina,-12.088034838055792,-76.93292332023691,113.8,3,2,9,False,True,False,8,7.935,2026-08-10,7050.0
LIM-06924,San Borja,-12.090582271129,-76.98343772109243,80.3,2,1,8,False,False,True,19,2.449,2026-07-20,5050.0
LIM-06925,Surco (Santiago de Surco),-12.13052217031857,-77.01744423686904,94.0,2,2,5,True,False,False,10,0.421,2026-06-04,4300.0
LIM-06926,Miraflores,-12.116531708377801,-77.00824465015357,58.0,2,1,10,True,False,False,19,0.618,2026-05-03,4950.0
LIM-06927,Barranco,-12.120538686392113,-77.02980791360244,50.9,1,1,20,False,True,True,4,1.73,2026-07-01,3300.0
LIM-06928,San Martín de Porres,-11.97906786140538,-77.07346442934238,132.3,3,3,6,False,False,True,14,1.386,2026-04-22,4300.0
LIM-06929,Surco (Santiago de Surco),-12.114856689067341,-76.99406925930221,160.4,4,3,7,False,False,False,4,1.886,2026-07-19,9850.0
LIM-06930,Ate,-12.055971363900403,-76.91672451015333,51.9,1,1,5,True,False,False,8,10.369,2026-06-16,1300.0
LIM-06931,Barranco,-12.123093809974124,-77.02387821573932,84.3,2,1,7,True,True,True,8,1.029,2026-07-23,6850.0
LIM-06932,Pueblo Libre,-12.07458660152944,-77.0750107599843,98.7,3,2,5,False,False,False,5,4.888,2026-07-18,3350.0
LIM-06933,Jesús María,-12.076329894157043,-77.04271406387222,54.3,2,2,11,False,True,False,23,2.754,2026-03-07,2050.0
LIM-06934,Pueblo Libre,-12.09951098096096,-77.06653253602508,64.5,2,1,6,False,False,False,4,6.079,2026-05-11,2650.0
LIM-06935,Lince,-12.081184510105354,-77.0490130678559,56.5,2,2,8,False,True,False,2,3.491,2026-06-25,2050.0
LIM-06936,Pueblo Libre,-12.086600247497232,-77.0755200562614,137.8,5,4,6,True,False,False,4,5.722,2026-03-18,8950.0
LIM-06937,San Martín de Porres,-11.994000954057437,-77.0961093551643,152.7,4,4,7,False,True,False,14,4.033,2026-03-10,4300.0
LIM-06938,Jesús María,-12.087538781598854,-77.05529508660364,59.6,1,1,5,False,False,False,11,4.425,2026-05-22,2700.0
LIM-06939,San Isidro,-12.075627601946463,-77.03087880829881,53.3,1,1,9,False,False,True,5,1.896,2026-04-30,3800.0
LIM-06940,Surco (Santiago de Surco),-12.12838111244548,-77.0035334166072,121.7,4,3,17,False,False,False,6,1.261,2026-04-17,5950.0
LIM-06941,Pueblo Libre,-12.046241541091005,-77.05139470131917,89.3,2,1,2,True,False,False,14,1.789,2026-06-11,3550.0
LIM-06942,San Borja,-12.12057628837791,-77.00003057375301,134.0,5,4,11,False,True,False,31,1.531,2026-07-10,5900.0
LIM-06943,San Borja,-12.089709849063505,-77.0020728590621,64.1,3,2,9,False,False,False,1,0.424,2026-08-01,4400.0
LIM-06944,Jesús María,-12.095232549004395,-77.04879881483646,100.8,3,2,6,False,True,False,16,4.143,2026-07-05,5450.0
LIM-06945,La Molina,-12.084303094282308,-76.92845814081892,87.0,2,1,5,False,False,False,17,8.436,2026-04-17,4050.0
LIM-06946,San Miguel,-12.084979477439305,-77.10925606430331,95.2,3,2,11,True,False,False,7,8.731,2026-07-29,4250.0
LIM-06947,Pueblo Libre,-12.078975478423006,-77.04322359634297,74.1,3,2,16,False,True,False,15,3.038,2026-04-29,3000.0
LIM-06948,Pueblo Libre,-12.079797957014907,-77.05157807869291,137.8,3,2,5,True,False,False,27,3.475,2026-03-26,4900.0
LIM-06949,Pueblo Libre,-12.084576594224217,-77.06335987794046,86.5,3,2,9,True,False,True,16,4.639,2026-05-26,4300.0
LIM-06950,Los Olivos,-11.984016259679809,-77.05730369178276,79.6,1,1,6,False,False,False,42,1.458,2026-05-22,2000.0
LIM-06951,Jesús María,-12.078909121683179,-77.0528696742249,83.6,2,1,9,False,True,True,7,3.46,2026-07-17,4750.0
LIM-06952,Ate,-12.045007659232558,-76.91257185949607,89.1,3,3,2,False,True,True,4,10.64,2026-04-01,2450.0
LIM-06953,Miraflores,-12.107135667720488,-77.03589697409049,51.8,2,1,15,False,True,False,34,2.674,2026-04-06,3150.0
LIM-06954,Jesús María,-12.070055795240549,-77.03740229803338,148.1,4,3,3,True,True,False,22,1.888,2026-02-27,6800.0
LIM-06955,Pueblo Libre,-12.059601517584468,-77.07158706726284,125.1,4,3,8,True,False,True,19,3.931,2026-07-29,6050.0
LIM-06956,Magdalena del Mar,-12.113238122463486,-77.07631641346802,73.7,3,3,13,False,True,False,6,6.815,2026-08-01,4000.0
LIM-06957,Surco (Santiago de Surco),-12.140195632868505,-76.9868503341801,118.8,4,2,5,False,False,False,3,3.143,2026-06-09,4500.0
LIM-06958,San Borja,-12.099767940970363,-76.98602172430213,173.5,5,4,9,True,True,False,18,2.471,2026-05-20,13600.0
LIM-06959,Surco (Santiago de Surco),-12.130881710930504,-77.00485386050123,141.1,4,2,11,False,False,False,8,1.225,2026-04-16,7700.0
LIM-06960,San Martín de Porres,-12.009234101375911,-77.07156234117856,81.6,3,3,4,False,False,True,15,1.874,2026-06-14,2900.0
LIM-06961,Surco (Santiago de Surco),-12.12379117329401,-77.00678382097352,92.4,3,2,4,False,False,False,26,0.897,2026-02-27,3050.0
LIM-06962,Miraflores,-12.12747527818343,-77.0552039699073,43.3,2,1,13,False,True,False,10,4.354,2026-06-17,3400.0
LIM-06963,Jesús María,-12.082928362736725,-77.05797676376677,102.5,3,2,4,False,False,False,17,4.139,2026-07-27,3850.0
LIM-06964,La Molina,-12.08095662687404,-76.93518408028709,163.7,5,4,3,False,True,False,16,7.741,2026-06-19,10250.0
LIM-06965,Miraflores,-12.121025967615989,-77.02954660254773,111.9,3,2,10,False,True,False,22,1.685,2026-07-14,8700.0
LIM-06966,Jesús María,-12.079874948020343,-77.05541997566108,100.1,3,2,6,False,True,False,7,3.702,2026-04-28,6250.0
LIM-06967,San Borja,-12.114982422302965,-76.9979342601181,100.7,3,2,11,False,True,True,5,1.497,2026-02-27,7600.0
LIM-06968,Miraflores,-12.13393756159768,-77.0291312039238,54.5,2,1,11,False,True,False,12,1.46,2026-04-01,2900.0
LIM-06969,Jesús María,-12.078348978952707,-77.04153721741363,88.6,3,3,18,False,False,False,4,2.865,2026-07-07,4000.0
LIM-06970,Jesús María,-12.060399886774151,-77.06834051909311,65.4,1,1,12,False,False,True,19,3.606,2026-03-06,3250.0
LIM-06971,San Miguel,-12.074465394444143,-77.09402823548201,92.3,3,2,7,False,True,False,45,6.75,2026-08-07,3350.0
LIM-06972,Surco (Santiago de Surco),-12.123496871030671,-76.99350867274151,74.4,2,1,12,False,True,False,7,2.298,2026-06-28,3250.0
LIM-06973,Barranco,-12.143207177547904,-77.03778444196625,82.6,2,1,16,False,True,True,15,2.404,2026-05-08,6100.0
LIM-06974,Callao,-12.063946954483662,-77.13464898905481,129.8,3,2,10,False,True,True,30,10.782,2026-03-06,5150.0
LIM-06975,Jesús María,-12.093389695297411,-77.0533765010278,90.3,4,3,4,True,False,False,7,4.648,2026-02-12,4800.0
LIM-06976,San Isidro,-12.108322252376446,-77.03659770860075,94.4,3,2,7,True,False,True,6,2.689,2026-05-02,10900.0
LIM-06977,Surquillo,-12.12275482973317,-77.01735544769933,87.1,2,1,13,False,False,True,31,0.429,2026-02-21,3550.0
LIM-06978,Miraflores,-12.1300829944435,-77.03607618177611,132.2,3,2,10,True,True,False,7,2.255,2026-07-19,9700.0
LIM-06979,Surquillo,-12.102927760877682,-77.02466801511561,62.8,2,1,6,True,True,False,15,1.705,2026-07-07,2100.0
LIM-06980,Pueblo Libre,-12.061952938397804,-77.06784211585776,88.6,3,2,8,True,False,True,17,3.601,2026-07-05,4500.0
LIM-06981,Ate,-12.019857444316681,-76.91241773886381,149.2,5,3,4,True,False,False,12,9.582,2026-05-22,4250.0
LIM-06982,Ate,-12.055564654054308,-76.90106454791848,114.0,3,2,11,False,False,True,5,11.99,2026-02-24,3150.0
LIM-06983,Surco (Santiago de Surco),-12.115830620327227,-77.02164476263734,50.1,2,2,9,True,True,False,32,0.878,2026-08-02,2600.0
LIM-06984,San Miguel,-12.05830479353203,-77.08532397454438,62.0,1,1,10,False,True,False,3,5.382,2026-05-01,2200.0
LIM-06985,Surco (Santiago de Surco),-12.137787165096466,-76.99633381993432,120.8,4,3,6,True,True,True,24,2.149,2026-02-28,7350.0
LIM-06986,Jesús María,-12.067917335236718,-77.04269133262682,70.4,2,2,6,False,True,False,5,1.864,2026-06-01,3500.0
LIM-06987,Jesús María,-12.058711201010306,-77.03477347995288,126.8,4,3,4,False,False,False,13,0.719,2026-06-08,5650.0
LIM-06988,San Isidro,-12.097907095471948,-77.04576151290979,154.0,3,2,20,True,True,True,26,3.819,2026-06-06,11200.0
LIM-06989,San Isidro,-12.098836701326576,-77.02536834386522,70.4,3,2,15,False,False,False,5,1.63,2026-05-12,4750.0
LIM-06990,San Isidro,-12.10472804905341,-77.05174851437194,61.1,3,3,10,False,True,False,14,4.371,2026-03-16,6800.0
LIM-06991,Miraflores,-12.149420462223956,-77.0278688092068,66.8,1,1,14,True,True,True,40,1.252,2026-07-05,4400.0
LIM-06992,Barranco,-12.148554340602137,-77.02431020123203,61.2,2,1,12,True,False,False,9,0.899,2026-03-24,4250.0
LIM-06993,San Martín de Porres,-12.007418431929441,-77.08004464638391,147.1,3,2,2,True,False,False,12,2.521,2026-05-30,4500.0
LIM-06994,San Borja,-12.121204183483401,-77.01046841141819,64.6,2,2,7,False,False,False,1,0.532,2026-08-06,4900.0
LIM-06995,Surquillo,-12.109633700198268,-77.0122573985274,82.4,1,1,3,False,False,True,4,0.18,2026-04-29,5100.0
LIM-06996,Chorrillos,-12.192115746889852,-76.99906455281382,127.8,4,3,3,False,True,False,3,2.545,2026-03-27,4050.0
LIM-06997,Pueblo Libre,-12.063927041304634,-77.0747622824498,97.5,3,2,3,True,False,True,8,4.385,2026-05-16,4900.0
LIM-06998,La Molina,-12.080996808216874,-76.94292425374005,126.5,4,2,5,True,True,False,19,6.905,2026-06-19,6100.0
LIM-06999,Chorrillos,-12.179502318540367,-77.00782952254706,77.9,3,2,4,False,False,True,19,1.064,2026-06-16,3000.0
LIM-07000,San Miguel,-12.078159723034135,-77.09636088873798,140.9,5,3,19,False,True,False,8,7.141,2026-07-26,5250.0
LIM-07001,San Miguel,-12.091682653129851,-77.07647528494131,72.1,3,2,5,True,True,False,14,6.185,2026-04-27,3150.0
LIM-07002,Los Olivos,-11.959895936759615,-77.07665626009702,119.2,3,2,8,False,True,False,27,2.02,2026-04-13,2850.0
LIM-07003,Jesús María,-12.071351629107385,-77.05039553643839,76.0,2,1,9,False,False,False,12,2.612,2026-05-04,2800.0
LIM-07004,San Borja,-12.105157800544925,-77.01051785035712,49.9,2,1,10,False,False,False,4,0.505,2026-03-23,2650.0
LIM-07005,Los Olivos,-11.962877315443922,-77.06998091571516,80.7,2,1,8,False,False,False,6,1.283,2026-06-01,2000.0
LIM-07006,Magdalena del Mar,-12.1032089849667,-77.075663724654,74.2,3,2,8,False,True,False,45,6.916,2026-02-28,3300.0
LIM-07007,Surquillo,-12.13292869929905,-77.00986918506186,62.1,2,2,4,False,False,True,10,0.643,2026-05-15,2700.0
LIM-07008,San Isidro,-12.08571217950105,-77.04433447248506,68.8,2,2,13,False,True,True,14,3.453,2026-03-15,6250.0
LIM-07009,San Isidro,-12.088935379036652,-77.0448839474946,103.8,2,1,14,False,True,True,2,3.616,2026-06-27,7650.0
LIM-07010,San Borja,-12.114724305639252,-76.9930500945852,113.9,3,2,5,False,False,False,4,1.988,2026-07-01,
LIM-07011,San Isidro,-12.09229067761044,-77.0199337141191,77.1,3,2,12,False,False,False,16,1.077,2026-05-14,5700.0
LIM-07012,Ate,-12.031304318735385,-76.90845187702843,83.2,2,2,8,False,True,False,2,10.389,2026-06-11,2750.0
LIM-07013,San Isidro,-12.083535590362994,-77.01453105301667,60.7,1,1,4,False,False,False,14,0.635,2026-06-09,6100.0
LIM-07014,Pueblo Libre,-12.080374706037185,-77.05643631034535,81.4,2,1,6,True,False,False,19,3.81,2026-03-12,3500.0
LIM-07015,Barranco,-12.16726513254521,-77.01516848572975,108.8,2,2,20,False,True,True,9,0.618,2026-04-23,9000.0
LIM-07016,Ate,-12.062206581675161,-76.90784848543196,143.0,4,3,3,True,True,True,20,11.07,2026-05-09,4200.0
LIM-07017,La Molina,-12.09054071215546,-76.92734195093065,90.8,2,2,7,False,True,False,19,8.543,2026-02-25,4850.0
LIM-07018,San Isidro,-12.079652194400555,-77.0218491592066,160.7,4,2,13,True,False,False,11,0.918,2026-05-31,13500.0
LIM-07019,San Isidro,-12.105941344945697,-77.04971853879731,75.7,3,2,9,True,True,True,6,4.118,2026-04-22,7900.0
LIM-07020,San Borja,-12.115455934236111,-76.98899301734868,65.0,1,1,6,True,False,False,3,2.435,2026-07-11,3850.0
LIM-07021,Comas,-11.95040293317742,-77.05881572193042,61.4,2,1,9,False,False,False,7,2.453,2026-05-30,1450.0
LIM-07022,Ate,-12.052780769555465,-76.91832842019066,65.2,3,1,4,False,False,False,9,10.339,2026-07-28,1650.0
LIM-07023,Surco (Santiago de Surco),-12.13513472212904,-77.01627514986549,105.7,3,2,12,False,True,False,10,0.151,2026-08-04,6250.0
LIM-07024,Magdalena del Mar,-12.11086060209462,-77.09418193092313,71.8,2,1,4,False,True,False,22,8.772,2026-03-22,3100.0
LIM-07025,Miraflores,-12.108087680524077,-77.03377360664135,61.3,2,2,9,False,False,False,8,2.42,2026-04-04,5700.0
LIM-07026,San Borja,-12.110037852936115,-77.01617509810121,68.6,2,1,7,False,False,False,9,0.607,2026-06-26,3950.0
LIM-07027,Jesús María,-12.043850385103298,-77.05312508182506,56.5,1,1,6,True,False,False,25,2.072,2026-03-01,2700.0
LIM-07028,Barranco,-12.1634828519826,-77.01282790496685,52.7,1,2,5,True,False,False,19,0.483,2026-04-06,3500.0
LIM-07029,Jesús María,-12.054521605938103,-77.05597147588148,110.7,3,2,5,False,False,False,14,2.163,2026-04-08,5500.0
LIM-07030,Los Olivos,-11.952203855224163,-77.07049844876698,156.7,4,3,5,True,False,False,15,2.362,2026-05-17,5750.0
LIM-07031,San Isidro,-12.102140208106148,-77.04953942349934,154.4,5,3,5,False,False,False,14,4.253,2026-07-29,14100.0
LIM-07032,Barranco,-12.154140727362142,-77.01781479258035,87.2,3,2,7,False,False,False,25,0.357,2026-07-10,6050.0
LIM-07033,Barranco,-12.16045557379356,-77.01530237530237,59.8,2,2,11,False,False,True,1,0.252,2026-03-17,5850.0
LIM-07034,Miraflores,-12.132017857102875,-77.04647521108417,60.6,3,2,7,False,False,True,12,3.352,2026-07-15,4200.0
LIM-07035,Miraflores,-12.121107271397298,-77.03842263555917,95.5,3,2,11,True,True,False,15,2.618,2026-03-05,6500.0
LIM-07036,Jesús María,-12.073351648189044,-77.0642060432089,73.9,2,1,4,False,False,True,20,3.834,2026-06-19,4050.0
LIM-07037,Miraflores,-12.140328263203294,-77.02328942243818,85.6,3,2,9,True,False,False,8,0.846,2026-07-30,6200.0
LIM-07038,San Miguel,-12.04987793612009,-77.09083192127342,144.7,4,3,2,True,False,False,2,5.948,2026-08-10,6850.0
LIM-07039,Los Olivos,-11.972014202285957,-77.07209654153083,94.3,3,2,6,False,False,True,6,1.0,2026-06-21,3900.0
LIM-07040,San Martín de Porres,-11.998112652673395,-77.0821393784577,186.6,5,3,3,False,False,False,11,2.496,2026-03-15,4850.0
LIM-07041,Lince,-12.092614849200961,-77.02942597477481,47.4,1,1,10,False,False,True,13,2.067,2026-07-12,2050.0
LIM-07042,Miraflores,-12.124304114469103,-77.02528578209586,86.5,3,2,9,False,True,True,12,1.15,2026-07-01,6300.0
LIM-07043,San Isidro,-12.101494537334931,-77.04264692992575,94.0,2,2,9,True,True,True,2,3.531,2026-05-30,10450.0
LIM-07044,Barranco,-12.149435165109903,-77.02902716164644,51.1,1,1,6,False,True,True,29,1.376,2026-02-28,3300.0
LIM-07045,Ate,-12.046575078925137,-76.91670794234044,118.9,3,2,3,True,False,False,6,10.343,2026-03-22,4050.0
LIM-07046,ate,-12.036741603817507,-76.918276818776,150.2,5,3,3,False,False,False,4,9.658,2026-05-31,4250.0
LIM-07047,La Molina,-12.084073360754815,-76.92047181329941,222.6,5,3,5,False,False,True,5,9.305,2026-06-30,17350.0
LIM-07048,Surco (Santiago de Surco),-12.126548603755205,-76.99960673606846,108.4,3,1,5,True,False,False,4,1.654,2026-05-04,6900.0
LIM-07049,San Borja,-12.108417729861666,-76.99512401625462,49.0,1,2,19,False,True,False,26,1.689,2026-05-07,2900.0
LIM-07050,Surco (Santiago de Surco),-12.13222496933873,-76.98940888214061,110.7,2,1,7,True,True,False,13,2.854,2026-06-03,5250.0
LIM-07051,Ate,-12.0492956681922,-76.89919370851263,116.7,3,2,1,True,False,False,10,12.144,2026-04-16,3750.0
LIM-07052,Barranco,-12.137362659187948,-77.03113421510095,64.9,1,1,4,True,False,False,2,1.721,2026-07-08,4000.0
LIM-07053,Surco (Santiago de Surco),-12.131128530845809,-76.97892422605031,101.8,3,3,18,True,False,False,21,3.947,2026-03-01,5050.0
LIM-07054,La Molina,-12.088696898254154,-76.94696874689186,94.2,3,2,7,False,True,False,31,6.408,2026-06-23,4100.0
LIM-07055,Miraflores,-12.123354921614617,-76.99938385724424,71.9,2,1,6,True,True,True,32,1.689,2026-08-08,5750.0
LIM-07056,La Molina,-12.088110872094964,-76.94084877336928,152.3,4,4,12,False,True,True,13,7.074,2026-04-13,9100.0
LIM-07057,Chorrillos,-12.174334672915876,-77.03284714955221,127.9,4,2,4,False,True,False,30,1.717,2026-07-31,3200.0
LIM-07058,Miraflores,-12.121776333214628,-77.0317659040717,49.9,1,1,10,False,False,False,37,1.895,2026-04-15,4500.0
LIM-07059,Jesús María,-12.080306099862536,-77.03296476771207,67.9,2,1,7,True,False,False,3,2.123,2026-07-14,2850.0
LIM-07060,La Molina,-12.077621193336782,-76.94422150614706,66.2,2,2,4,False,False,True,10,6.825,2026-05-03,4650.0
LIM-07061,Miraflores,-12.111163088089421,-77.03011550489116,135.1,4,2,7,True,False,False,20,1.917,2026-07-24,11500.0
LIM-07062,San Isidro,-12.075793717945192,-77.02807203403358,112.3,3,3,14,False,True,True,11,1.591,2026-07-06,11900.0
LIM-07063,Surco (Santiago de Surco),-12.142243556527736,-76.99913997228802,50.1,1,1,14,False,True,False,12,1.8,2026-06-02,2400.0
LIM-07064,San Isidro,-12.089202735298176,-77.03922879810939,83.3,2,1,15,False,True,True,18,3.057,2026-07-02,5700.0
LIM-07065,La Molina,-12.109709647795393,-76.95653609411917,100.5,4,3,9,True,False,False,1,5.84,2026-03-22,6600.0
LIM-07066,Surquillo,-12.104751483219736,-76.9967541506284,51.0,2,1,5,False,False,False,7,1.603,2026-08-10,2300.0
LIM-07067,Pueblo Libre,-12.091078985380086,-77.07777133535097,104.5,3,2,8,False,False,False,27,6.239,2026-03-08,4300.0
LIM-07068,Callao,-12.068411973242867,-77.11606640008284,117.6,3,2,6,False,False,False,20,8.865,2026-02-21,3050.0
LIM-07069,La Molina,-12.08281329605181,-76.93944138542302,119.9,4,3,14,False,True,False,31,7.259,2026-04-18,
LIM-07070,Pueblo Libre,-12.08105798842507,-77.06326381343902,61.1,1,1,6,False,False,False,18,4.338,2026-05-12,2600.0
LIM-07071,Lince,-12.094200242120035,-77.04834635354588,55.5,1,1,19,False,True,False,4,4.097,2026-04-05,2350.0
LIM-07072,Barranco,-12.15521779226998,-77.03338516833253,71.0,2,1,13,False,True,True,10,1.889,2026-05-28,5650.0
LIM-07073,Surco (Santiago de Surco),-12.126244488096978,-76.98872979697973,82.1,2,2,7,False,False,False,7,2.835,2026-04-15,4200.0
LIM-07074,San Borja,-12.119494684757013,-77.00795855170315,89.8,3,2,14,False,True,False,6,0.666,2026-07-06,4800.0
LIM-07075,Surquillo,-12.115349858370669,-77.04236420666986,77.7,2,1,5,False,True,True,8,3.116,2026-03-07,4700.0
LIM-07076,Magdalena del Mar,-12.100043875414471,-77.07105626012653,47.8,1,1,5,True,True,False,14,6.514,2026-04-06,2550.0
LIM-07077,Barranco,-12.139561310744051,-77.03186994455947,54.9,1,1,4,True,False,True,9,1.779,2026-05-21,2850.0
LIM-07078,Comas,-11.932824938951006,-77.05442536871715,94.0,3,2,12,True,False,False,7,4.463,2026-07-28,2750.0
LIM-07079,Miraflores,-12.143123381569234,-77.03181945557868,123.8,5,4,8,False,False,False,27,1.757,2026-07-30,10600.0
LIM-07080,Callao,-12.044058686974827,-77.12109774794216,111.4,3,2,6,False,False,True,9,8.492,2026-06-20,3900.0
LIM-07081,Surquillo,-12.122029070877504,-77.0168731418038,64.9,2,1,9,True,False,False,28,0.466,2026-02-21,3050.0
LIM-07082,Chorrillos,-12.17186449361684,-77.03176191996073,93.3,3,3,4,False,False,False,7,1.694,2026-06-22,3750.0
LIM-07083,Surquillo,-12.1259669048846,-77.02740543705117,62.9,1,1,5,False,False,False,20,1.371,2026-07-13,2000.0
LIM-07084,Barranco,-12.144946384767483,-77.02451908858505,98.8,3,2,4,False,False,False,24,1.013,2026-02-15,6150.0
LIM-07085,Jesús María,-12.042983812556548,-77.06273211509725,91.9,3,2,4,True,True,False,10,3.069,2026-03-16,5850.0
LIM-07086,San Miguel,-12.075874013264581,-77.08423418808646,117.4,2,2,3,True,False,False,12,5.839,2026-04-28,5900.0
LIM-07087,San Miguel,-12.082918172611757,-77.09648854776586,50.6,2,2,17,False,True,False,21,7.382,2026-03-20,1650.0
LIM-07088,Surco (Santiago de Surco),-12.137785934816106,-77.01239323921982,73.4,2,1,6,True,False,False,15,0.562,2026-04-07,4850.0
LIM-07089,Miraflores,-12.138728359486857,-77.03610834774547,81.9,3,3,7,False,True,True,31,2.248,2026-03-19,6000.0
LIM-07090,Surco (Santiago de Surco),-12.117612440566026,-76.99378556922095,111.3,3,2,6,True,True,False,12,2.029,2026-03-21,6200.0
LIM-07091,Magdalena del Mar,-12.09174540270884,-77.08105308544214,168.1,5,3,7,True,False,False,2,6.552,2026-04-09,9600.0
LIM-07092,Jesús María,-12.086186774875575,-77.04420220936326,44.9,1,1,4,True,False,False,10,3.453,2026-04-19,2850.0
LIM-07093,Chorrillos,-12.186895819481546,-77.01121156380586,81.1,3,2,7,False,True,False,14,1.202,2026-07-14,2400.0
LIM-07094,San Miguel,-12.077216611450215,-77.06397959668855,76.1,2,2,10,False,False,False,2,4.091,2026-06-20,3050.0
LIM-07095,Lince,-12.07391605527994,-77.01949226958367,73.4,2,1,6,False,True,False,2,0.779,2026-06-28,3900.0
LIM-07096,Barranco,-12.163211878904844,-77.04103644413236,121.9,4,3,6,True,False,False,12,2.616,2026-04-27,8800.0
LIM-07097,Magdalena del Mar,-12.082139087897593,-77.08002278981998,103.2,2,1,6,False,False,False,7,5.8,2026-06-04,4800.0
LIM-07098,Surco (Santiago de Surco),-12.136099602623483,-76.99819969550938,56.9,2,2,4,True,True,False,15,1.918,2026-08-06,3650.0
LIM-07099,Barranco,-12.160562920620086,-77.01449914893091,114.4,4,3,8,False,False,False,5,0.315,2026-04-19,7100.0
LIM-07100,San Isidro,-12.102812285118876,-77.04790303284841,137.6,4,3,14,False,True,True,7,4.06,2026-06-01,12700.0
LIM-07101,Surco (Santiago de Surco),-12.114017353474443,-77.00137502597039,103.3,3,2,15,False,False,False,3,1.112,2026-05-21,8350.0
LIM-07102,Barranco,-12.166058560038545,-77.03633294251091,41.7,1,1,10,True,False,False,3,2.149,2026-07-19,2550.0
LIM-07103,Jesús María,-12.082382715471354,-77.0562271886819,76.2,3,2,9,False,False,False,6,3.982,2026-04-07,3800.0
LIM-07104,San Isidro,-12.085768996984381,-77.04347958656702,98.8,3,1,10,True,True,False,7,3.365,2026-08-04,8250.0
LIM-07105,Surco (Santiago de Surco),-12.132402515478557,-76.99875606975428,130.7,4,3,12,False,False,False,5,1.85,2026-06-06,5650.0
LIM-07106,San Isidro,-12.106694889819098,-77.05093815284303,48.2,2,1,7,True,False,True,5,4.219,2026-04-20,4050.0
LIM-07107,Lince,-12.073522481163623,-77.02151569112719,53.2,2,2,3,False,False,True,12,0.989,2026-07-28,2350.0
LIM-07108,Jesús María,-12.061452451201971,-77.04333343364601,113.7,4,3,6,False,False,True,5,1.271,2026-04-10,7600.0
LIM-07109,Surco (Santiago de Surco),-12.131023311977783,-77.01238595727258,153.6,4,3,9,False,True,True,4,0.482,2026-08-08,9600.0
LIM-07110,Miraflores,-12.128448759051002,-77.02908832472998,86.1,3,2,5,True,False,True,6,1.577,2026-04-05,9450.0
LIM-07111,Callao,-12.062099655438011,-77.1368830585569,122.8,3,2,12,True,False,True,5,11.001,2026-05-12,3900.0
LIM-07112,Jesús María,-12.07018388721642,-77.03289293128769,92.5,2,1,4,True,False,True,12,1.57,2026-06-14,5400.0
LIM-07113,Lince,-12.100843148734562,-77.01393069952212,92.5,2,1,5,True,False,False,6,0.662,2026-05-21,4850.0
LIM-07114,San Borja,-12.092366581426402,-76.99926884752666,94.3,2,2,10,False,True,True,15,0.812,2026-07-04,6650.0
LIM-07115,Surquillo,-12.094297490935888,-77.02773174200826,75.8,2,2,7,False,False,False,13,1.859,2026-05-23,3350.0
LIM-07116,Los Olivos,-11.971731458198082,-77.07947123193115,59.5,2,2,9,False,False,False,21,1.803,2026-03-03,1700.0
LIM-07117,La Molina,-12.08252674609083,-76.95064490498731,138.6,4,2,10,False,True,False,2,6.051,2026-06-11,8950.0
LIM-07118,Pueblo Libre,-12.059370375485809,-77.0643819268311,1236.2,2,1,4,False,False,True,38,3.161,2026-02-15,1600.0
LIM-07119,Barranco,-12.125933269937187,-77.00495436423112,88.2,3,2,7,False,True,False,7,1.071,2026-04-01,5200.0
LIM-07120,Lince,-12.066416223974112,-77.02183277827629,59.1,2,2,8,False,True,True,28,0.831,2026-03-14,2650.0
LIM-07121,La Molina,-12.107626450160305,-76.9335479459552,123.8,4,3,7,True,False,False,8,8.135,2026-03-13,6450.0
LIM-07122,San Isidro,-12.100986644259931,-77.03465306075192,62.7,2,1,7,False,True,False,10,2.667,2026-02-18,5150.0
LIM-07123,Callao,-12.0505917409822,-77.1319433406873,72.3,1,1,1,False,False,False,16,9.871,2026-07-28,1750.0
LIM-07124,Chorrillos,-12.180630607562822,-77.02734068051558,92.2,2,1,11,False,False,True,11,1.109,2026-07-08,4450.0
LIM-07125,Surco (Santiago de Surco),-12.113606799059516,-76.99427134484218,120.9,3,2,6,False,False,False,29,1.828,2026-02-17,6050.0
LIM-07126,Comas,-11.923447497926368,-77.07641320116213,134.8,4,3,5,False,False,True,36,5.606,2026-03-20,2950.0
LIM-07127,Surco (Santiago de Surco),-12.144791161695105,-76.99135220459338,65.7,2,1,4,False,False,False,7,2.665,2026-05-29,3250.0
LIM-07128,Magdalena del Mar,-12.097448800238869,-77.06603851774307,48.2,2,2,8,False,False,False,30,5.968,2026-07-17,2250.0
LIM-07129,Chorrillos,-12.183694649634274,-77.0115558552965,60.0,3,3,2,False,False,False,2,0.905,2026-07-12,2550.0
LIM-07130,Surco (Santiago de Surco),-12.137341541329274,-76.98893772632499,67.6,1,1,4,False,False,False,12,2.934,2026-06-30,3250.0
LIM-07131,Magdalena del Mar,-12.098205188192,-77.09809539179948,128.8,5,4,6,True,False,False,15,8.44,2026-06-13,6200.0
LIM-07132,Lince,-12.073648905023038,-77.01729973043994,104.4,2,2,4,False,True,False,7,0.621,2026-07-26,5150.0
LIM-07133,Miraflores,-12.131761575964806,-77.04820862396038,54.5,2,2,7,True,False,True,4,3.542,2026-02-26,4350.0
LIM-07134,La Molina,-12.11820099525947,-76.94703299056614,190.1,5,3,11,True,True,False,5,6.975,2026-03-09,13750.0
LIM-07135,Surco (Santiago de Surco),-12.154254516986818,-76.98757747747457,143.1,4,3,6,False,False,False,14,3.162,2026-03-04,8250.0
LIM-07136,Lince,-12.097439619352482,-77.02899682968818,40.4,1,1,4,False,False,False,11,1.998,2026-08-05,1550.0
LIM-07137,Miraflores,-12.128968299067965,-77.04473403592455,53.9,1,1,8,True,True,False,6,3.204,2026-05-24,4450.0
LIM-07138,Barranco,-12.147153907192617,-77.03457990747485,41.2,2,1,3,False,False,True,3,2.016,2026-07-24,3000.0
LIM-07139,Pueblo Libre,-12.086557526866347,-77.05965514053112,971.1,2,1,5,True,False,False,15,4.575,2026-04-22,3100.0
LIM-07140,Miraflores,-12.135633207083119,-77.02326985983476,75.4,2,1,8,False,False,True,23,0.845,2026-06-09,5050.0
LIM-07141,La Molina,-12.097953369011826,-76.95848644613535,110.5,2,1,6,True,False,False,13,5.25,2026-07-25,5350.0
LIM-07142,Pueblo Libre,-12.086987848013917,-77.05838888833243,39.2,1,1,3,True,True,True,21,4.54,2026-02-22,2050.0
LIM-07143,san miguel,-12.084053924931549,-77.11098328175632,49.4,1,1,6,True,False,False,11,8.861,2026-06-09,2150.0
LIM-07144,Miraflores,-12.12826744875074,-77.02190732891235,81.5,2,2,9,False,False,False,4,0.824,2026-04-04,7050.0
LIM-07145,Chorrillos ,-12.166431318196313,-77.0287061018612,100.1,3,2,11,True,False,True,8,1.365,2026-03-15,4550.0
LIM-07146,Pueblo Libre,-12.085474352620837,-77.06213383850499,39.3,1,1,10,False,False,False,10,4.634,2026-06-29,1300.0
LIM-07147,Surco (Santiago de Surco),-12.139291159539956,-76.99604877230755,63.0,3,2,5,False,False,False,20,2.157,2026-05-14,3050.0
LIM-07148,San Miguel,-12.083940272159001,-77.07887211206506,108.2,3,2,3,True,False,False,4,5.816,2026-06-14,4750.0
LIM-07149,Pueblo Libre,-12.06389338028755,-77.0601944396556,50.7,2,1,10,False,False,True,1,2.905,2026-07-31,2250.0
LIM-07150,Jesús María,-12.075451351312212,-77.0561892222557,79.6,3,2,4,False,False,False,9,3.361,2026-06-24,2850.0
LIM-07151,San Borja,-12.09569163931921,-76.99428488753347,59.0,3,2,5,False,False,True,9,1.466,2026-06-24,3200.0
LIM-07152,Pueblo Libre,-12.087428442112058,-77.03739104112935,97.9,3,2,7,False,False,False,22,2.795,2026-04-10,3400.0
LIM-07153,Comas ,-11.943592399301217,-77.05311852494455,49.8,1,1,2,True,False,False,3,3.344,2026-02-16,1200.0
LIM-07154,Jesús María,-12.08051069220436,-77.04971000416481,72.6,2,1,8,False,False,True,10,3.454,2026-02-17,4050.0
LIM-07155,Surquillo,-12.129412553174626,-77.02750335565605,87.8,3,1,2,False,False,False,1,1.377,2026-04-29,4200.0
LIM-07156,San Miguel,-12.078210132491822,-77.1001978980073,94.8,3,2,4,True,False,False,5,7.528,2026-06-16,3900.0
LIM-07157,Chorrillos,-12.153904866901177,-77.00994008494038,70.7,2,1,9,True,False,False,4,0.774,2026-06-26,3000.0
LIM-07158,Callao,-12.066834905635114,-77.12872963086785,68.0,2,2,2,False,False,False,20,10.189,2026-07-18,
LIM-07159,Miraflores,-12.122629459782054,-77.02936773486705,69.6,2,1,7,True,False,False,5,1.62,2026-04-16,6350.0
LIM-07160,Miraflores,-12.13684677943511,-77.01214857305192,49.6,1,2,8,False,True,False,18,0.506,2026-04-07,4650.0
LIM-07161,Jesús María,-12.091110733262848,-77.04719529128373,77.5,2,1,5,False,True,True,45,3.937,2026-04-24,4150.0
LIM-07162,Magdalena del Mar,-12.104947027952115,-77.08864958149557,76.0,3,3,3,False,False,False,24,8.165,2026-05-17,3750.0
LIM-07163,Jesús María,-12.07899979613955,-77.02286582576794,70.0,2,1,10,True,True,False,19,1.015,2026-06-27,3400.0
LIM-07164,Surquillo,-12.119566996491173,-76.99635062042465,89.5,3,2,5,False,False,False,35,1.898,2026-04-07,3100.0
LIM-07165,Callao,-12.05931230018095,-77.11208588129945,60.3,2,1,5,False,False,True,25,8.288,2026-03-05,1600.0
LIM-07166,La Molina,-12.10657999168844,-76.92989093506394,63.8,2,1,12,False,False,True,23,8.492,2026-03-10,3150.0
LIM-07167,Pueblo Libre,-12.081111354538084,-77.06630375617361,63.4,2,2,4,True,False,False,8,4.573,2026-06-06,2450.0
LIM-07168,Miraflores,-12.115078898319156,-77.02070654626802,78.0,2,1,11,True,False,True,12,0.805,2026-03-27,5100.0
LIM-07169,San Borja,-12.124598940874733,-77.00368247766217,87.0,1,1,2,False,False,False,8,1.215,2026-03-01,3850.0
LIM-07170,San Isidro,-12.101461748338142,-77.05296498035946,81.0,2,2,4,True,False,False,18,4.625,2026-05-07,6250.0
LIM-07171,San Borja,-12.104785874880744,-76.9674969286699,62.8,1,1,8,False,False,False,1,4.529,2026-07-17,3650.0
LIM-07172,San Borja,-12.117687203064284,-77.01547845679947,65.7,2,1,4,True,False,False,14,0.182,2026-02-27,4450.0
LIM-07173,San Miguel,-12.07330170724607,-77.0892293024273,66.7,2,2,7,False,True,False,25,6.217,2026-05-30,2500.0
LIM-07174,Lince,-12.103353515352621,-77.02986947977786,56.7,2,2,8,False,False,True,7,2.211,2026-06-24,3200.0
LIM-07175,Surco (Santiago de Surco),-12.124338605124814,-76.98880793298973,135.0,3,1,5,True,False,False,5,2.816,2026-04-08,7050.0
LIM-07176,San Isidro,-12.092810391202876,-77.0377762111943,92.5,3,2,13,True,True,True,13,2.963,2026-04-09,10500.0
LIM-07177,Miraflores,-12.120432015157887,-77.03035099811873,63.2,3,2,8,False,False,True,17,1.789,2026-06-14,5350.0
LIM-07178,Ate,-12.03290218368433,-76.9143390591993,130.6,3,2,9,True,False,False,5,9.864,2026-05-23,3400.0
LIM-07179,San Martín de Porres,-12.00285218871084,-77.07484157822391,103.8,3,2,2,False,False,False,12,1.802,2026-05-12,3150.0
LIM-07180,Surco (Santiago de Surco),-12.142414273349543,-76.99502179633717,61.5,1,1,6,True,False,False,19,2.248,2026-05-29,2900.0
LIM-07181,Barranco,-12.132929468590833,-77.0222203337499,25.0,1,1,9,False,True,False,18,0.717,2026-05-23,1550.0
LIM-07182,Magdalena del Mar,-12.073410810373183,-77.09155331931527,51.0,1,1,10,False,True,False,3,6.457,2026-04-25,2500.0
LIM-07183,Pueblo Libre,-12.081921252473414,-77.03893581036364,90.7,2,1,8,True,True,False,2,2.791,2026-06-11,4700.0
LIM-07184,Surco (Santiago de Surco),-12.136364918845294,-76.98857161020838,126.4,4,3,5,True,True,False,8,2.962,2026-07-16,9650.0
LIM-07185,San Isidro,-12.084659489480863,-77.03419311886435,50.0,1,1,9,False,True,False,25,2.362,2026-04-24,3150.0
LIM-07186,La Molina,-12.08773774002173,-76.95269360753207,135.8,3,2,4,True,False,False,9,5.787,2026-07-24,8850.0
LIM-07187,Barranco,-12.142264937895144,-77.0334433703142,85.4,3,2,14,True,True,False,11,1.929,2026-05-09,7700.0
LIM-07188,Surco (Santiago de Surco),-12.125635156830139,-76.98468016262343,148.5,5,3,15,False,False,False,11,3.274,2026-06-07,9300.0
LIM-07189,Miraflores,-12.12784765490668,-77.03131834862101,101.7,3,2,4,False,False,False,2,1.812,2026-06-17,6900.0
LIM-07190,Lince,-12.080068704039197,-77.02584722498513,104.8,3,2,10,False,True,True,15,1.353,2026-03-18,6400.0
LIM-07191,San Borja,-12.108374312334119,-77.01482580160442,105.2,4,2,10,True,True,False,32,0.483,2026-02-19,6700.0
LIM-07192,Surco (Santiago de Surco),-12.149602423120726,-76.97643774187229,109.9,4,3,2,False,True,False,3,4.351,2026-04-30,5150.0
LIM-07193,San Borja,-12.120175831757141,-76.98778347077508,80.8,3,3,12,False,True,False,18,2.74,2026-06-19,4150.0
LIM-07194,San Borja,-12.116129003092757,-76.99957275231317,117.0,4,2,15,False,False,False,45,1.396,2026-02-27,4900.0
LIM-07195,Surquillo,-12.103557761790368,-77.01188849497892,42.4,2,2,8,False,False,False,39,0.697,2026-03-14,1550.0
LIM-07196,Callao,-12.04506370205224,-77.10920794768558,81.3,3,2,2,False,False,True,6,7.586,2026-06-03,2550.0
LIM-07197,Miraflores,-12.112101044980141,-77.04544376660498,89.1,2,1,20,False,True,True,14,3.496,2026-03-27,6650.0
LIM-07198,Los Olivos,-11.963618671560813,-77.05136607730334,138.1,4,3,8,False,True,False,11,1.57,2026-06-08,3950.0
LIM-07199,Pueblo Libre,-12.068646084314123,-77.057300868023,64.4,1,1,4,True,False,True,19,2.92,2026-03-21,2500.0
LIM-07200,Pueblo Libre,-12.070269274605343,-77.0715492274504,102.2,2,2,8,False,True,False,19,4.327,2026-04-11,4400.0
LIM-07201,La Molina,-12.081908835334941,-76.95835909987997,103.3,3,2,9,True,True,False,11,5.229,2026-02-19,6700.0
LIM-07202,Surco (Santiago de Surco),-12.12929564899603,-76.98315482710339,130.3,4,3,3,False,False,True,5,3.463,2026-03-20,7850.0
LIM-07203,San Isidro,-12.11405306598873,-77.03416608963327,65.8,2,2,11,False,True,True,20,2.251,2026-05-26,5050.0
LIM-07204,Comas,-11.952482965751331,-77.05620878916481,119.8,3,3,4,True,True,False,5,2.3,2026-07-06,3100.0
LIM-07205,Jesús María,-12.085947059493785,-77.04868002534533,77.6,2,1,5,False,False,True,8,3.918,2026-04-18,4200.0
LIM-07206,La Molina,-12.073514259908151,-76.95723292427012,75.3,2,2,14,False,True,True,9,5.565,2026-06-25,4150.0
LIM-07207,San Borja,-12.088450798756996,-76.99249658652086,85.7,1,1,7,False,False,False,33,1.459,2026-04-05,4500.0
LIM-07208,San Isidro,-12.123228575044948,-77.0390704216698,129.7,4,2,13,False,True,False,3,2.653,2026-07-06,10600.0
LIM-07209,Miraflores,-12.10232222465754,-77.0296602935179,54.1,2,2,10,True,True,False,11,2.185,2026-06-20,4250.0
LIM-07210,Jesús María,-12.072559343517623,-77.02047596753154,49.8,2,1,4,False,True,False,4,0.955,2026-06-16,2800.0
LIM-07211,San Borja,-12.096147362170095,-76.98817117034682,102.2,3,2,9,True,True,False,6,2.085,2026-03-27,6950.0
LIM-07212,Surquillo,-12.10862239414498,-77.0063788210829,38.0,1,1,5,False,False,False,1,0.474,2026-07-18,1400.0
LIM-07213,Lince,-12.067815259356802,-77.00065372247074,112.1,3,2,15,False,True,True,6,1.485,2026-03-09,4900.0
LIM-07214,Jesús María,-12.07108309079971,-77.04438511353385,130.9,5,3,10,False,True,True,2,2.26,2026-02-21,6000.0
LIM-07215,Surquillo,-12.131061453505755,-77.01606350956261,90.6,2,1,2,False,False,False,8,0.318,2026-06-18,3650.0
LIM-07216,San Isidro,-12.098468098605279,-77.0448504881927,84.7,3,2,7,True,False,False,9,3.725,2026-02-17,7200.0
LIM-07217,Pueblo Libre,-12.067412127446719,-77.06853062229874,127.8,3,2,4,True,False,False,8,3.892,2026-08-08,7300.0
LIM-07218,Pueblo Libre,-12.076191533218413,-77.08766524519858,115.4,3,2,2,False,True,False,26,6.19,2026-03-29,4600.0
LIM-07219,Surco (Santiago de Surco),-12.127107219334167,-76.98551491993433,80.1,2,2,9,False,True,False,10,3.188,2026-05-14,4500.0
LIM-07220,Miraflores,-12.121888368663685,-77.04460305196773,118.9,3,2,11,False,True,True,12,3.268,2026-04-08,9150.0
LIM-07221,Barranco,-12.156546111829378,-77.01056716821653,52.3,1,1,5,True,False,True,14,0.877,2026-03-02,3500.0
LIM-07222,Miraflores,-12.134131740599738,-77.02991631220353,70.4,3,3,6,True,False,False,17,1.546,2026-07-06,6150.0
LIM-07223,San Borja,-12.1130017845904,-76.99706329542282,50.7,2,1,3,False,True,False,12,1.517,2026-05-25,2700.0
LIM-07224,Miraflores,-12.118645140203597,-77.02990841516173,78.6,2,1,6,True,False,True,33,1.754,2026-07-13,5100.0
LIM-07225,Lince,-12.108612701651072,-77.0166671068534,61.9,2,2,7,False,False,False,6,0.671,2026-02-19,3550.0
LIM-07226,Miraflores,-12.13046091692858,-77.01488669168076,64.9,1,1,20,False,True,True,15,0.392,2026-07-27,4950.0
LIM-07227,San Isidro,-12.121160304537293,-77.03704669686785,80.6,2,1,5,True,False,False,4,2.471,2026-07-03,6000.0
LIM-07228,Surco (Santiago de Surco),-12.142404898247737,-77.00578804891697,78.9,3,3,8,True,True,False,4,1.078,2026-07-25,6700.0
LIM-07229,Miraflores,-12.106732223188553,-77.018313330736,76.0,1,1,20,False,True,False,14,0.901,2026-04-06,4700.0
LIM-07230,Comas,-11.957233396580746,-77.07369489965699,143.3,4,3,3,False,True,False,15,2.028,2026-04-25,3200.0
LIM-07231,Surco (Santiago de Surco),-12.126562083049663,-77.01365833549342,67.6,2,2,6,True,True,False,11,0.157,2026-08-07,5100.0
LIM-07232,Barranco,-12.115214098472253,-77.01541980157815,92.3,1,1,8,False,False,False,12,0.328,2026-07-16,7850.0
LIM-07233,Miraflores,-12.103657542424912,-77.01477812093836,80.3,2,1,9,True,False,False,3,0.811,2026-07-29,6600.0
LIM-07234,La Molina,-12.085197839435306,-76.95006102201353,124.0,3,3,10,False,False,False,7,6.086,2026-02-28,8750.0
LIM-07235,Jesús María,-12.063298786530442,-77.04414578774119,79.2,2,1,20,False,True,False,35,1.488,2026-07-14,3000.0
LIM-07236,San Miguel,-12.093836193629242,-77.09778808574085,62.0,2,2,4,False,False,False,17,8.129,2026-06-02,2050.0
LIM-07237,Surco (Santiago de Surco),-12.153880975840927,-76.98633607981577,109.5,4,3,3,False,False,False,23,3.292,2026-05-13,4450.0
LIM-07238,Jesús María,-12.073255622691049,-77.03585964376306,94.4,2,1,4,False,False,False,19,2.036,2026-08-05,4700.0
LIM-07239,Magdalena del Mar,-12.09071667323838,-77.07885438257378,60.4,1,1,10,False,False,False,25,6.298,2026-03-20,2650.0
LIM-07240,Chorrillos,-12.16156714858901,-77.03043123789267,53.4,1,2,6,True,False,False,8,1.461,2026-03-02,2150.0
LIM-07241,Jesús María,-12.080425145696816,-77.06648436723134,82.2,2,2,10,False,False,True,15,4.534,2026-04-02,3750.0
LIM-07242,Surco (Santiago de Surco),-12.13267925418766,-76.98389173881048,121.0,4,3,3,True,False,False,17,3.449,2026-03-03,6150.0
LIM-07243,Pueblo Libre,-12.071690661321366,-77.0767387979005,103.5,3,2,5,False,True,True,30,4.902,2026-04-28,4650.0
LIM-07244,Surquillo,-12.116276729266916,-77.01303570910557,95.5,1,1,8,False,False,False,14,0.179,2026-07-13,3300.0
LIM-07245,Magdalena del Mar,-12.096369698513607,-77.06637111517868,87.8,3,3,2,True,True,False,3,5.888,2026-04-18,4150.0
LIM-07246,Comas,-11.953256454031674,-77.0680156225426,87.3,3,1,4,True,False,True,9,2.168,2026-03-21,2200.0
LIM-07247,Los Olivos,-11.96554351109938,-77.07349453020215,87.9,3,2,4,True,False,False,24,1.364,2026-03-23,2600.0
LIM-07248,Miraflores,-12.118759400237659,-77.01741147862991,50.4,2,1,19,False,True,False,12,0.41,2026-07-04,3500.0
LIM-07249,Surquillo,-12.119980141191471,-77.02719832544801,52.2,1,1,2,False,False,False,30,1.479,2026-07-05,2050.0
LIM-07250,Jesús María,-12.065610708807718,-77.05991653926041,78.6,2,1,11,True,False,False,19,2.968,2026-06-28,4450.0
LIM-07251,San Borja,-12.095966020938812,-77.0014126946545,82.6,2,1,6,True,False,False,32,0.915,2026-05-31,4650.0
LIM-07252,San Borja,-12.100171484448294,-76.98326504805507,92.7,1,1,3,False,False,False,5,2.757,2026-06-18,4500.0
LIM-07253,Chorrillos,-12.18720931984073,-76.99877122686476,52.8,1,1,3,False,False,True,13,2.279,2026-07-30,2000.0
LIM-07254,Jesús María,-12.072404250797657,-77.0501853962453,55.3,2,2,10,False,True,True,10,2.695,2026-04-10,2850.0
LIM-07255,San Borja,-12.11923717875436,-77.00714545953653,115.4,3,2,11,True,False,True,31,0.743,2026-04-20,5100.0
LIM-07256,San Isidro,-12.096041343044403,-77.02393062460897,65.1,2,1,13,False,False,False,10,1.439,2026-06-17,6350.0
LIM-07257,Magdalena del Mar,-12.106390440364239,-77.09573154697992,62.8,2,2,4,True,False,False,12,8.828,2026-07-07,2650.0
LIM-07258,San Martín de Porres,-11.983574039951744,-77.07762866975023,92.8,2,2,11,True,True,False,8,2.048,2026-07-18,3750.0
LIM-07259,Pueblo Libre,-12.064200022371763,-77.06362696311407,55.7,1,1,6,False,False,True,14,3.258,2026-05-18,2400.0
LIM-07260,San Isidro,-12.083364128335893,-77.0211740658777,121.1,4,3,9,True,True,True,9,1.023,2026-07-01,16000.0
LIM-07261,Los Olivos,-11.956279334917653,-77.05475977752434,58.9,1,1,4,False,False,False,11,1.969,2026-03-18,2000.0
LIM-07262,Surquillo,-12.117947196538884,-77.02881034269537,65.0,3,2,3,False,False,True,6,1.632,2026-08-06,3300.0
LIM-07263,San Borja,-12.113407316922329,-76.99658786357429,70.8,2,2,3,True,True,False,18,1.578,2026-05-22,4550.0
LIM-07264,San Isidro,-12.0762993140556,-77.04354725210689,89.4,3,2,9,True,True,True,11,2.775,2026-08-03,9200.0
LIM-07265,Jesús María,-12.07558143580207,-77.05251992861889,68.2,2,1,2,False,True,False,18,3.129,2026-02-13,2950.0
LIM-07266,San Isidro,-12.113454967709664,-77.0292913467053,84.4,2,1,15,False,True,True,3,1.749,2026-02-14,6450.0
LIM-07267,Surco (Santiago de Surco),-12.12291039919601,-76.9990187294651,140.4,5,3,14,True,True,False,7,1.708,2026-02-20,7850.0
LIM-07268,Jesús María,-12.071874691980836,-77.04667289452168,64.2,2,2,20,False,True,False,4,2.447,2026-06-09,
LIM-07269,San Martín de Porres,-11.980828670512253,-77.06911273401664,72.0,1,1,2,False,False,True,11,1.183,2026-05-10,1900.0
LIM-07270,Surco (Santiago de Surco),-12.13208436386423,-76.97681805931445,85.9,2,1,10,False,True,False,34,4.19,2026-04-04,3050.0
LIM-07271,Chorrillos,-12.17494001784816,-77.0146358382623,131.4,4,3,8,False,False,False,18,0.461,2026-08-10,5300.0
LIM-07272,San Martín de Porres,-11.980586550294705,-77.07918681511552,87.5,1,1,4,False,False,False,17,2.007,2026-03-29,1500.0
LIM-07273,San Isidro,-12.115661596140445,-77.04998748191377,126.2,3,2,13,True,True,False,25,3.941,2026-08-04,9750.0
LIM-07274,Barranco,-12.156424347655236,-77.00237041855067,66.1,1,1,15,False,False,False,21,1.642,2026-05-14,3800.0
LIM-07275,Pueblo Libre,-12.084248355662263,-77.05715158718607,109.7,2,2,5,False,True,False,4,4.211,2026-07-08,5100.0
LIM-07276,San Miguel,-12.10374095734288,-77.09116529850616,88.9,2,2,8,True,True,True,12,8.265,2026-03-08,3600.0
LIM-07277,La Molina,-12.076321882863802,-76.94417940933364,131.4,3,2,9,False,False,False,7,6.857,2026-05-03,8500.0
LIM-07278,Lince,-12.091789020967797,-77.02897215831733,43.0,1,1,7,False,True,False,29,2.036,2026-04-21,1650.0
LIM-07279,Jesús María,-12.062735583500242,-77.03973851412144,48.2,1,1,4,False,False,True,9,1.212,2026-04-27,2250.0
LIM-07280,San Miguel,-12.072730962105185,-77.08205339363843,109.9,4,3,3,False,True,True,9,5.475,2026-03-01,
LIM-07281,Pueblo Libre,-12.066314290400468,-77.04377037725033,105.2,3,3,5,False,False,False,11,1.753,2026-06-01,4500.0
LIM-07282,San Isidro,-12.102664793770089,-77.03378773789784,184.5,5,4,15,False,True,False,19,2.624,2026-04-25,12350.0
LIM-07283,Miraflores,-12.13027097772782,-77.0083495853688,46.6,1,1,10,False,True,False,8,0.866,2026-06-18,3550.0
LIM-07284,Miraflores,-12.120022869497364,-77.0167073206462,87.6,2,2,12,False,True,True,19,0.408,2026-07-30,5850.0
LIM-07285,Callao,-12.045569981800302,-77.11882157657404,61.3,2,1,5,True,False,False,13,8.403,2026-06-30,1550.0
LIM-07286,SAN MARTÍN DE PORRES,-11.999504584065805,-77.10060848474133,71.0,2,1,15,True,True,False,2,4.509,2026-07-09,1950.0
LIM-07287,Surquillo,-12.123123235871587,-77.01647325282843,55.3,1,1,8,False,False,False,12,0.339,2026-08-08,1950.0
LIM-07288,Miraflores,-12.13548821709678,-77.01069826634131,84.8,2,1,6,False,False,True,21,0.572,2026-06-02,5900.0
LIM-07289,Jesús María,-12.071150043816115,-77.0583031575616,64.7,2,1,6,True,True,False,15,3.182,2026-04-21,2850.0
LIM-07290,Miraflores,-12.127748810419142,-77.02841044823045,75.8,2,2,14,True,True,True,9,1.497,2026-03-01,7050.0
LIM-07291,Surco (Santiago de Surco),-12.135860887048677,-76.99301737308814,124.0,5,3,2,True,False,False,40,2.475,2026-08-04,6900.0
LIM-07292,Surco (Santiago de Surco),-12.137865345386984,-76.98369448089802,136.3,4,2,7,False,False,True,13,3.507,2026-03-02,9200.0
LIM-07293,Surquillo,-12.120033171696214,-77.0221537385734,81.1,2,2,4,False,False,False,5,0.945,2026-06-28,3800.0
LIM-07294,Miraflores,-12.117574357270886,-77.03983260498146,86.7,2,1,6,True,False,False,26,2.83,2026-06-01,6950.0
LIM-07295,Lince,-12.078445950990272,-77.02645997418531,65.0,1,1,3,False,False,False,5,1.4,2026-05-04,3250.0
LIM-07296,Comas,-11.91941665266419,-77.07092064422845,79.2,2,2,6,False,False,False,17,5.923,2026-07-01,1700.0
LIM-07297,Pueblo Libre,-12.064504387423787,-77.0851260642257,89.1,3,2,9,True,True,False,7,5.488,2026-07-02,4100.0
LIM-07298,San Isidro,-12.078075812046311,-77.01461553690686,60.7,2,1,9,True,False,False,4,0.112,2026-06-13,7400.0
LIM-07299,San Martín de Porres,-12.008723204456821,-77.06947563205435,93.5,3,2,3,True,False,True,14,1.675,2026-08-02,2900.0
LIM-07300,Lince,-12.104311337248724,-77.010699346575,48.2,1,1,6,False,False,True,8,0.599,2026-05-10,2100.0
LIM-07301,Magdalena del Mar,-12.095673163068641,-77.0652118469638,77.0,1,1,2,True,False,False,18,5.754,2026-06-09,3700.0
LIM-07302,Lince,-12.074803673070212,-77.0251356209397,48.5,2,1,15,True,False,False,24,1.301,2026-06-15,2600.0
LIM-07303,Los Olivos,-11.960486059382086,-77.06706557239896,77.4,2,1,6,False,True,True,23,1.369,2026-03-10,2650.0
LIM-07304,Magdalena del Mar,-12.08096342113208,-77.07793233937875,62.8,2,2,11,False,True,True,14,5.539,2026-07-29,3300.0
LIM-07305,San Borja,-12.138738544307822,-76.99245472101714,69.7,2,2,6,True,False,False,13,2.553,2026-02-13,5050.0
LIM-07306,Magdalena del Mar,-12.080464277261388,-77.08233878981248,75.8,2,1,9,True,False,False,14,5.908,2026-02-27,3100.0
LIM-07307,San Isidro,-12.093174448482845,-77.04953075006975,39.1,1,1,6,True,False,True,34,4.232,2026-05-15,3300.0
LIM-07308,Surquillo,-12.133228160141499,-77.02148670980306,36.5,1,1,8,False,True,False,7,0.633,2026-04-14,1450.0
LIM-07309,Miraflores,-12.112417653839255,-77.01390209250378,97.0,3,2,9,True,True,False,35,0.469,2026-05-17,6700.0
LIM-07310,La Molina,-12.084766209078005,-76.9599888802431,115.3,3,3,4,True,True,False,31,5.014,2026-03-13,5500.0
LIM-07311,La Molina,-12.082225248417064,-76.9597981998096,87.3,3,2,15,False,True,False,15,5.069,2026-07-23,4650.0
LIM-07312,Surco (Santiago de Surco),-12.123010690196216,-76.98790429004745,129.7,3,2,10,False,True,False,33,2.877,2026-07-17,5950.0
LIM-07313,La Molina,-12.081636695578831,-76.95018094445324,89.7,2,2,20,False,True,False,7,6.113,2026-04-19,5400.0
LIM-07314,Jesús María,-12.091273901181637,-77.0431740594581,66.5,2,1,4,True,False,True,19,3.543,2026-04-20,2900.0
LIM-07315,Surco (Santiago de Surco),-12.136716315237395,-76.98312171081746,73.9,2,1,6,True,False,True,22,3.555,2026-02-22,5900.0
LIM-07316,Miraflores,-12.140511742050212,-77.0238616101889,138.0,3,2,13,True,True,False,37,0.903,2026-05-20,10450.0
LIM-07317,Chorrillos,-12.166911257433293,-77.02568694694415,88.4,3,2,1,False,False,True,37,1.091,2026-05-02,3150.0
LIM-07318,Ate,-12.029624357100992,-76.90060479429765,97.9,3,3,5,True,False,False,12,11.127,2026-03-27,3050.0
LIM-07319,Magdalena del Mar,-12.110397423550628,-77.06679452780875,90.6,2,1,9,True,False,False,9,5.818,2026-05-29,3600.0
LIM-07320,Surco (Santiago de Surco),-12.143057565126389,-76.99467806574972,52.5,1,1,4,False,False,True,11,2.288,2026-03-08,3700.0
LIM-07321,San Isidro,-12.107788431853466,-77.03695899376677,70.3,2,1,10,False,False,True,26,2.748,2026-07-06,4900.0
LIM-07322,San Isidro,-12.10264686326326,-77.03221208952627,98.3,2,2,7,False,False,True,16,2.46,2026-07-19,9600.0
LIM-07323,La Molina,-12.081850922101614,-76.9489438044031,109.9,2,1,9,False,True,False,41,6.244,2026-06-12,5350.0
LIM-07324,San Martín de Porres,-12.004216829465214,-77.10017445633665,182.3,5,4,6,False,False,False,36,4.519,2026-04-18,4300.0
LIM-07325,Pueblo Libre,-12.065769637927612,-77.05409810704487,63.2,2,1,6,False,True,False,18,2.449,2026-05-27,2750.0
LIM-07326,Surco (Santiago de Surco),-12.122215442759089,-76.98671108376155,128.5,3,3,10,True,False,False,27,2.947,2026-05-20,6450.0
LIM-07327,Ate,-12.033178888864049,-76.94361279158836,119.1,4,2,2,False,False,False,10,7.077,2026-08-03,3050.0
LIM-07328,La Molina,-12.100218173144436,-76.93907188628812,115.1,3,2,11,False,True,False,23,7.372,2026-05-18,6300.0
LIM-07329,Surco (Santiago de Surco),-12.118368852666327,-76.97392219753333,105.4,2,1,16,False,True,False,19,4.102,2026-02-16,4850.0
LIM-07330,La Molina,-12.069207132581486,-76.95873166023809,100.2,3,3,4,True,False,True,22,5.581,2026-05-30,6400.0
LIM-07331,Barranco,-12.130767840825154,-77.0222794954907,37.2,2,2,5,False,False,False,5,0.796,2026-07-01,2300.0
LIM-07332,Los Olivos,-11.970793777836612,-77.07368378776961,98.4,3,2,10,False,True,False,29,1.182,2026-08-04,2400.0
LIM-07333,Surco (Santiago de Surco),-12.144022109679723,-76.97507505678756,109.0,3,2,8,False,True,True,21,4.422,2026-02-16,6800.0
LIM-07334,Lince,-12.096910894297762,-77.01984863547011,82.0,2,2,9,True,False,False,10,1.002,2026-06-17,3650.0
LIM-07335,La Molina,-12.100021358638898,-76.95574099375816,112.2,3,2,5,False,False,False,6,5.59,2026-07-09,7350.0
LIM-07336,Los Olivos,-11.96875971512002,-77.0673945777197,120.0,3,2,3,False,False,True,12,0.614,2026-03-09,3600.0
LIM-07337,Lince,-12.074925777722116,-77.00566793441267,51.5,2,2,11,False,False,False,30,0.924,2026-08-07,2050.0
LIM-07338,Magdalena del Mar,-12.07982129870815,-77.08319649478969,124.8,3,2,5,False,True,False,12,5.951,2026-04-12,6500.0
LIM-07339,Miraflores,-12.126926685396349,-77.0295338454039,54.7,1,1,7,False,False,False,11,1.608,2026-06-16,4400.0
LIM-07340,Los Olivos,-11.969364259204964,-77.06533791235815,85.0,3,2,1,True,False,False,5,0.404,2026-03-18,3000.0
LIM-07341,San Borja,-12.109550250640817,-77.00592065459662,111.9,3,2,6,True,True,False,19,0.509,2026-06-05,9800.0
LIM-07342,Surco (Santiago de Surco),-12.142623362998382,-76.9738415629801,80.6,3,2,4,False,False,False,5,4.551,2026-05-26,3250.0
LIM-07343,Los Olivos,-11.960071005642872,-77.07717201960341,111.8,3,2,2,True,False,False,13,2.049,2026-06-16,2500.0
LIM-07344,San Isidro,-12.092845821040521,-77.0533684215495,76.2,3,2,7,False,False,False,1,4.632,2026-03-05,5100.0
LIM-07345,Surco (Santiago de Surco),-12.133298121898564,-77.001299784467,98.7,3,3,11,True,True,False,15,1.567,2026-03-03,4650.0
LIM-07346,San Borja,-12.10400033472965,-76.99076375896576,84.9,3,2,3,True,False,True,16,2.248,2026-04-14,4750.0
LIM-07347,Surco (Santiago de Surco),-12.12761458502451,-77.00457808950905,79.0,2,1,7,True,False,False,5,1.131,2026-03-21,4050.0
LIM-07348,Magdalena del Mar,-12.088234755770435,-77.07207360733359,160.3,5,4,5,False,True,True,4,5.576,2026-03-04,9250.0
LIM-07349,Barranco,-12.159461879473461,-77.0146493947183,53.5,2,1,10,False,False,True,21,0.381,2026-07-18,3450.0
LIM-07350,Miraflores,-12.110344057415086,-77.04390720850495,36.1,1,1,11,False,True,False,8,3.374,2026-05-18,2200.0
LIM-07351,San Isidro,-12.094135606587834,-77.04346442661112,65.7,2,1,7,True,True,False,16,3.567,2026-04-29,5350.0
LIM-07352,Miraflores,-12.126315394339763,-77.02521234968553,78.2,1,1,14,True,False,False,35,1.134,2026-04-10,5750.0
LIM-07353,Callao,-12.053789243702646,-77.10967105407995,75.3,2,1,12,False,False,False,3,7.991,2026-03-22,1900.0
LIM-07354,Jesús María,-12.0694662702793,-77.05546540823723,110.8,3,2,3,True,False,False,8,2.827,2026-07-07,5300.0
LIM-07355,Magdalena del Mar,-12.08251859599403,-77.07387873227702,106.8,3,2,9,True,True,False,5,5.292,2026-08-06,6750.0
LIM-07356,La Molina,-12.099353867541822,-76.94860723499694,99.3,3,2,7,True,False,False,14,6.335,2026-06-06,6150.0
LIM-07357,Pueblo Libre,-12.05770018775615,-77.0543657979504,43.8,2,1,6,True,False,False,35,2.061,2026-05-16,1550.0
LIM-07358,Miraflores,-12.120822003724282,-77.02316703705,49.7,1,1,15,False,False,False,10,1.059,2026-07-14,4050.0
LIM-07359,Surco (Santiago de Surco),-12.141073839008984,-76.99948179618235,94.0,4,3,10,False,False,True,7,1.766,2026-03-10,5550.0
LIM-07360,Lince,-12.091541097198286,-77.02755867378565,41.2,1,1,5,False,False,False,31,1.893,2026-07-05,1650.0
LIM-07361,Magdalena del Mar,-12.107516413100111,-77.08065118046152,69.3,3,2,12,True,True,False,9,7.356,2026-07-18,3150.0
LIM-07362,San Miguel,-12.098290978605082,-77.08731165654773,122.9,4,3,5,True,False,False,5,7.545,2026-05-29,5100.0
LIM-07363,Los Olivos,-11.960771201435689,-77.06584446545587,98.2,3,2,3,False,False,False,26,1.3,2026-07-02,2150.0
LIM-07364,Surquillo,-12.090929363194936,-76.98904744165718,66.0,3,3,6,True,False,False,8,1.845,2026-05-30,2950.0
LIM-07365,Miraflores,-12.14051138418603,-77.03343514690525,53.8,1,1,16,True,True,False,9,1.935,2026-05-21,3850.0
LIM-07366,Miraflores,-12.132505134991165,-77.03109522184356,79.5,3,2,4,True,False,False,14,1.681,2026-03-10,5350.0
LIM-07367,Miraflores,-12.112081001730257,-77.0371667792047,69.0,2,1,12,True,False,False,45,2.616,2026-07-19,4600.0
LIM-07368,San Miguel,-12.077947642904057,-77.10519388437346,84.2,2,2,2,True,False,True,19,8.022,2026-05-17,4250.0
LIM-07369,San Martín de Porres,-11.988886969092698,-77.08607752592312,113.6,3,1,6,False,False,False,13,3.076,2026-07-28,2700.0
LIM-07370,San Martín de Porres,-12.000120646277788,-77.07261879165735,120.0,4,4,5,False,False,False,19,1.488,2026-07-16,3350.0
LIM-07371,Surco (Santiago de Surco),-12.141967529991197,-76.98615046162381,99.0,3,2,14,False,True,False,19,3.212,2026-07-19,4800.0
LIM-07372,Chorrillos,-12.177410105328077,-77.01455184186375,96.6,3,2,2,True,False,False,9,0.327,2026-02-19,3350.0
LIM-07373,San Borja,-12.136885073067072,-77.00214917856636,76.4,2,2,9,False,True,False,14,1.51,2026-07-31,4250.0
LIM-07374,Surquillo,-12.128421812147781,-77.02342049983116,93.4,3,2,3,True,False,False,29,0.985,2026-06-18,4250.0
LIM-07375,San Borja,-12.096920647509375,-77.00960196612554,67.8,2,2,6,True,True,False,7,0.173,2026-06-18,4700.0
LIM-07376,Miraflores,-12.106797201869854,-77.03608265121156,70.2,2,2,20,False,True,False,3,2.709,2026-07-02,6800.0
LIM-07377,San Isidro,-12.080326007338893,-77.05224153670959,126.3,3,2,12,True,True,False,7,3.562,2026-02-19,10650.0
LIM-07378,Callao,-12.051309567842623,-77.10180570025749,72.9,1,1,6,False,True,True,13,7.135,2026-02-12,1950.0
LIM-07379,La Molina,-12.113872826491436,-76.92315418216414,71.6,2,2,6,True,False,False,18,9.412,2026-06-20,5150.0
LIM-07380,Surco (Santiago de Surco),-12.142620078350246,-77.018230353042,83.3,2,2,7,True,True,False,7,0.284,2026-04-29,6400.0
LIM-07381,Surco (Santiago de Surco),-12.119104131881416,-76.9915288363458,148.3,4,2,12,False,False,False,17,2.322,2026-08-02,6600.0
LIM-07382,La Molina,-12.067323349135798,-76.94192769653573,53.2,1,1,15,False,True,False,18,7.362,2026-07-07,2500.0
LIM-07383,Callao,-12.040248227083913,-77.11559429452491,87.8,2,1,4,False,False,False,8,7.76,2026-02-17,1650.0
LIM-07384,San Isidro,-12.100035029577239,-77.04381293185455,69.4,2,1,18,True,True,False,34,3.631,2026-05-30,5450.0
LIM-07385,Miraflores,-12.136778910398895,-77.01712983249493,71.1,2,2,9,False,True,True,4,0.356,2026-02-16,6200.0
LIM-07386,Surquillo,-12.115187579079501,-77.01257427238106,58.1,2,1,4,False,False,True,3,0.31,2026-06-24,2650.0
LIM-07387,San Borja,-12.108122315781237,-76.98619053895243,122.4,4,3,9,False,False,True,7,2.66,2026-03-13,7200.0
LIM-07388,Miraflores,-12.102313222158903,-77.03825014375295,76.3,2,2,6,True,True,True,5,3.082,2026-05-29,8400.0
LIM-07389,San Isidro,-12.094466504398534,-77.05329819365589,117.5,4,4,12,False,True,True,14,4.634,2026-07-18,10450.0
LIM-07390,Barranco,-12.149199825853431,-77.01618113364502,105.6,3,2,4,False,True,True,6,0.225,2026-05-11,9100.0
LIM-07391,Barranco,-12.148518058222278,-77.03295532470982,70.7,2,1,12,True,False,False,9,1.813,2026-04-27,4600.0
LIM-07392,San Isidro,-12.092401694042849,-77.02404480473,75.8,2,1,6,True,False,False,7,1.499,2026-04-24,
LIM-07393,Barranco,-12.141882718967262,-77.04691945577252,79.0,3,3,6,False,False,False,11,3.394,2026-06-11,5750.0
LIM-07394,San Miguel,-12.086094449208217,-77.09842247873883,93.6,3,2,4,True,True,False,11,7.734,2026-06-24,4150.0
LIM-07395,Chorrillos,-12.187391444735507,-77.02549106217184,56.7,1,1,3,False,False,False,3,1.358,2026-07-17,1900.0
LIM-07396,Los Olivos,-11.952453297743144,-77.07548851970199,94.9,3,2,4,False,False,False,7,2.578,2026-07-13,2400.0
LIM-07397,La Molina,-12.106492495533228,-76.94206681113644,101.4,3,2,2,False,True,False,12,7.208,2026-08-06,4150.0
LIM-07398,Surco (Santiago de Surco),-12.115347030489543,-76.99024517116798,83.0,3,2,6,False,False,False,7,2.3,2026-05-07,3500.0
LIM-07399,Comas,-11.965928144367044,-77.05432314877223,76.2,2,2,4,False,True,False,21,1.158,2026-05-15,1800.0
LIM-07400,San Miguel,-12.084414493593973,-77.08374016362852,63.8,2,1,3,False,False,False,18,6.277,2026-04-22,2500.0
LIM-07401,San Borja,-12.096637752352999,-77.00065830720806,134.5,3,2,9,False,False,False,45,1.023,2026-07-26,8200.0
LIM-07402,Barranco,-12.149395897331061,-76.99609554765952,62.3,2,1,15,False,True,False,17,2.227,2026-07-16,3650.0
LIM-07403,Surco (Santiago de Surco),-12.150797721645143,-76.97835491599253,137.0,4,2,5,True,False,False,2,4.147,2026-04-12,7850.0
LIM-07404,San Borja,-12.103182862150488,-77.00234385858793,93.9,2,1,8,True,True,False,27,1.154,2026-05-10,5000.0
LIM-07405,San Borja,-12.107495947898395,-77.0002424843057,62.6,2,1,4,False,False,False,4,1.152,2026-02-23,3400.0
LIM-07406,San Isidro,-12.099792579461305,-77.0406965735124,90.4,3,2,12,False,True,False,10,3.291,2026-02-20,8100.0
LIM-07407,Callao,-12.064087067489394,-77.11374041663368,58.1,2,1,6,False,False,True,35,8.531,2026-02-24,1350.0
LIM-07408,Jesús María,-12.074015271994368,-77.06066325396172,97.2,3,1,3,True,False,True,1,3.585,2026-06-15,5550.0
LIM-07409,Jesús María,-12.080583059343429,-77.05847444953109,74.9,2,1,9,False,True,False,1,3.961,2026-05-08,3700.0
LIM-07410,Barranco,-12.12018560797381,-77.04740839494497,92.0,3,2,20,True,True,False,29,3.598,2026-07-16,5400.0
LIM-07411,San Miguel,-12.080280205821802,-77.09758392154528,123.4,4,3,5,False,True,False,4,7.36,2026-02-19,5400.0
LIM-07412,San Miguel,-12.08188508344583,-77.0800228897923,44.8,1,1,4,False,False,True,10,5.784,2026-05-19,2200.0
LIM-07413,Miraflores,-12.127599633745854,-77.0312252122418,64.7,2,2,15,True,True,True,4,1.798,2026-02-15,6600.0
LIM-07414,Jesús María,-12.052276589885942,-77.05015394329776,54.3,1,1,5,False,True,False,12,1.517,2026-05-22,2600.0
LIM-07415,Lince,-12.104768802534748,-77.02996209027373,135.7,4,3,3,False,True,False,3,2.175,2026-02-27,7350.0
LIM-07416,Chorrillos,-12.170386810937206,-77.03012684919355,71.2,2,2,5,True,False,False,15,1.613,2026-05-13,2450.0
LIM-07417,Barranco,-12.152271479662517,-77.02109656544827,46.0,2,2,12,False,False,True,8,0.514,2026-07-06,4100.0
LIM-07418,Los Olivos,-11.985980801255703,-77.06081604605401,180.2,5,3,4,True,False,True,14,1.293,2026-06-25,7800.0
LIM-07419,Magdalena del Mar,-12.105328915934356,-77.07202124200066,61.8,2,1,5,False,False,True,33,6.478,2026-07-27,2500.0
LIM-07420,Miraflores,-12.11729655207313,-77.01766202322486,44.6,1,1,12,True,False,False,18,0.422,2026-04-08,3400.0
LIM-07421,Miraflores,-12.131472718635873,-77.01423041712476,51.8,1,1,6,False,False,True,45,0.314,2026-04-02,3650.0
LIM-07422,Miraflores,-12.11798523286136,-77.02144892286034,78.5,2,2,10,False,True,True,11,0.832,2026-07-06,7550.0
LIM-07423,Surco (Santiago de Surco),-12.114250161255763,-77.00356040429017,96.4,4,3,2,False,False,False,12,0.917,2026-07-31,5300.0
LIM-07424,San Borja,-12.106252791873391,-77.00272962436344,68.9,1,1,10,False,False,False,6,0.938,2026-03-18,3500.0
LIM-07425,San Miguel,-12.094842149742295,-77.0696221337644,66.8,2,2,10,False,False,False,0,5.956,2026-07-11,2800.0
LIM-07426,Miraflores,-12.131261555142164,-77.02562997784005,76.3,2,1,18,False,True,True,35,1.119,2026-07-24,6400.0
LIM-07427,Comas,-11.946424868864943,-77.05982852092274,145.1,5,3,6,False,False,False,30,2.874,2026-06-08,2900.0
LIM-07428,Miraflores,-12.125326821427937,-77.03971951208449,83.4,3,2,12,False,True,False,7,2.709,2026-02-12,7200.0
LIM-07429,Jesús María,-12.07177583385861,-77.05009753386739,66.8,2,2,6,True,False,False,17,2.632,2026-03-25,4000.0
LIM-07430,San Martín de Porres,-11.995150684695064,-77.07200351696618,83.7,3,3,6,True,True,False,15,1.417,2026-07-09,2550.0
LIM-07431,Surquillo,-12.093933664538573,-77.01732185147404,83.2,2,1,6,False,True,False,10,0.749,2026-06-01,4000.0
LIM-07432,Lince,-12.085144635981056,-77.03953253881821,116.4,3,2,3,False,False,False,7,2.933,2026-02-22,4350.0
LIM-07433,Pueblo Libre,-12.087426333362512,-77.06654863395538,52.7,1,1,11,False,True,False,2,5.105,2026-02-26,2350.0
LIM-07434,Miraflores,-12.107254326437017,-77.0150980961838,107.1,3,3,4,True,False,True,10,0.56,2026-06-01,10950.0
LIM-07435,San Isidro,-12.082043705078629,-77.02868663024803,76.9,2,2,8,True,True,False,7,1.704,2026-04-10,6600.0
LIM-07436,Magdalena del Mar,-12.092710682871928,-77.06929151727765,46.4,1,1,4,False,False,False,9,5.748,2026-05-30,1950.0
LIM-07437,Miraflores,-12.124056732742508,-77.02410941433261,41.9,1,1,10,False,True,False,17,1.028,2026-06-28,3150.0
LIM-07438,Surco (Santiago de Surco),-12.127529443169411,-77.00919635951082,145.6,5,3,10,False,False,False,10,0.642,2026-03-07,8350.0
LIM-07439,Barranco,-12.151932957764155,-77.018131810959,111.4,4,3,11,False,False,True,21,0.195,2026-06-19,9150.0
LIM-07440,San Martín de Porres,-12.023568507145331,-77.06778391027325,75.0,2,1,1,False,False,False,8,3.045,2026-08-06,2700.0
LIM-07441,Los Olivos,-11.962138308604331,-77.07463105849465,82.2,3,2,2,False,True,False,15,1.69,2026-04-18,2300.0
LIM-07442,Surquillo,-12.103992982276305,-77.00577086325167,36.7,1,1,8,False,True,False,2,0.824,2026-06-26,1300.0
LIM-07443,Pueblo Libre,-12.056306953235449,-77.05655727937776,95.7,2,2,18,False,True,False,9,2.256,2026-05-26,3650.0
LIM-07444,Miraflores,-12.129869101315432,-77.01946792588932,74.3,2,2,7,True,False,False,15,0.607,2026-07-27,5850.0
LIM-07445,San Isidro,-12.094486016209666,-77.03608876216131,51.7,2,1,6,False,False,True,11,2.764,2026-03-26,3550.0
LIM-07446,Lince,-12.082126405305765,-77.02266097326539,72.6,2,1,5,True,False,False,14,1.092,2026-02-17,3400.0
LIM-07447,Lince,-12.084075409283555,-77.05087617936104,43.6,2,2,3,True,False,False,3,3.867,2026-06-21,2600.0
LIM-07448,Surco (Santiago de Surco),-12.133621727540564,-76.99460225135792,113.6,3,3,6,False,True,True,6,2.294,2026-04-20,9050.0
LIM-07449,Magdalena del Mar,-12.095054367815475,-77.06714382166707,55.2,1,1,7,False,False,False,10,5.815,2026-06-14,2450.0
LIM-07450,Magdalena del Mar,-12.092959007181006,-77.07214440568505,86.9,2,1,11,False,True,False,9,5.968,2026-05-16,4400.0
LIM-07451,Barranco,-12.140511827592055,-77.00825251612795,56.8,1,1,11,False,True,True,18,0.826,2026-05-22,4550.0
LIM-07452,Surco (Santiago de Surco),-12.120356549704988,-76.99688518590236,44.6,1,1,10,False,True,True,2,1.863,2026-06-01,3950.0
LIM-07453,La Molina,-12.095875989048324,-76.95176946327607,151.3,4,3,6,False,False,False,42,5.935,2026-07-11,7250.0
LIM-07454,Jesús María,-12.075667616257459,-77.06866889998996,112.0,3,2,15,True,True,False,8,4.377,2026-03-07,
LIM-07455,Callao,-12.061671297438652,-77.12137559800448,71.9,3,2,2,True,False,True,29,9.319,2026-05-13,1950.0
LIM-07456,San Borja,-12.1150880682864,-76.99239750063816,98.3,3,2,7,True,True,False,4,2.068,2026-08-06,6000.0
LIM-07457,Pueblo Libre,-12.092992376983673,-77.05396789783502,86.3,2,2,5,False,True,False,14,4.699,2026-02-20,3800.0
LIM-07458,Surquillo,-12.114409330529764,-77.03429022697988,75.6,2,1,4,False,False,True,31,2.258,2026-05-27,3000.0
LIM-07459,Miraflores,-12.115348155565457,-77.01529609848407,130.3,4,3,16,False,True,False,16,0.308,2026-07-13,10500.0
LIM-07460,Lince,-12.086961197022788,-77.04499304985356,77.7,2,2,1,False,False,False,11,3.559,2026-05-24,2900.0
LIM-07461,Magdalena del Mar,-12.095607494756765,-77.07715377769553,69.6,3,2,4,True,False,False,8,6.551,2026-05-07,3250.0
LIM-07462,Jesús María,-12.068578756865092,-77.0558257965799,91.7,3,2,7,False,False,False,1,2.791,2026-07-27,5100.0
LIM-07463,San Isidro,-12.080266563658038,-77.031693001394,74.1,3,2,9,True,True,False,21,1.985,2026-06-18,5750.0
LIM-07464,San Martín de Porres,-12.003937174354277,-77.07947110338951,64.0,1,1,4,False,False,False,7,2.318,2026-05-08,2300.0
LIM-07465,Callao,-12.070659345372006,-77.10996437733556,125.6,3,3,2,False,False,False,17,8.274,2026-05-07,2900.0
LIM-07466,San Isidro,-12.098285281763925,-77.0145743446257,100.8,4,3,8,True,False,False,25,0.504,2026-04-07,7600.0
LIM-07467,Barranco,-12.12679726483956,-77.01662577032391,38.6,1,1,13,False,True,True,14,0.233,2026-07-19,2550.0
LIM-07468,Miraflores,-12.13503080670114,-77.0363201556636,60.3,1,1,12,True,True,False,12,2.245,2026-04-12,5450.0
LIM-07469,San Miguel,-12.069598371653038,-77.08726717166932,99.4,3,2,5,False,False,True,19,5.873,2026-04-09,4000.0
LIM-07470,Jesús María,-12.059705041248579,-77.02565832903916,48.5,2,2,9,False,True,True,25,0.168,2026-03-19,2500.0
LIM-07471,Miraflores,-12.149486410632731,-77.02152391683404,58.9,1,1,14,True,True,True,5,0.578,2026-07-12,7200.0
LIM-07472,Surquillo,-12.109777329716698,-77.00615167669127,152.3,4,3,15,False,True,False,11,0.484,2026-06-10,4700.0
LIM-07473,Surco (Santiago de Surco),-12.127759072355122,-77.01412291739878,85.4,2,2,10,False,False,False,15,0.241,2026-06-30,4800.0
LIM-07474,Magdalena del Mar,-12.098708022416558,-77.07105745681251,110.3,3,2,10,False,True,False,15,6.394,2026-02-25,
LIM-07475,La Molina,-12.094557262733076,-76.9484162129991,177.8,5,3,5,True,False,False,12,6.281,2026-03-06,14650.0
LIM-07476,San Borja,-12.115387948230287,-77.00676149834487,67.3,2,1,9,False,True,False,17,0.758,2026-02-14,3600.0
LIM-07477,Magdalena del Mar,-12.099442821950507,-77.0759678079271,84.9,2,1,6,False,False,False,34,6.787,2026-04-07,2950.0
LIM-07478,Surco (Santiago de Surco),-12.138625152380254,-76.99369639222444,183.6,5,3,11,True,True,False,14,2.421,2026-06-21,11800.0
LIM-07479,La Molina,-12.092689324513081,-76.95269270282391,127.4,3,3,11,False,True,False,3,5.8,2026-06-02,7950.0
LIM-07480,San Martín de Porres,-12.003033703032191,-77.0783384348775,191.9,5,3,7,False,False,True,2,2.171,2026-03-03,6800.0
LIM-07481,San Borja,-12.09401049811384,-77.00068184517359,73.4,2,1,14,False,False,True,6,0.795,2026-02-17,4600.0
LIM-07482,San Martín de Porres,-12.013473145346982,-77.07217073350581,160.0,5,4,5,True,False,False,12,2.268,2026-05-03,4500.0
LIM-07483,San Borja,-12.12928870107926,-76.99586910191015,90.5,3,2,5,True,False,False,23,2.096,2026-04-02,4550.0
LIM-07484,San Miguel,-12.06291857871319,-77.08828891969381,70.2,2,2,8,True,False,True,9,5.784,2026-04-16,3600.0
LIM-07485,Surco (Santiago de Surco),-12.137304213112087,-76.98324734437577,116.6,3,2,11,True,True,False,22,3.548,2026-06-14,6300.0
LIM-07486,Surquillo,-12.119358787509789,-77.01084052968193,62.7,2,1,9,False,True,True,20,0.371,2026-02-13,2900.0
LIM-07487,Barranco,-12.150734605484791,-77.02147301271131,68.1,3,2,7,True,False,True,5,0.543,2026-07-25,8150.0
LIM-07488,San Isidro,-12.094688679590652,-77.06174309940019,99.3,2,1,4,False,False,True,5,5.461,2026-07-03,10550.0
LIM-07489,Miraflores,-12.12738861472542,-77.02323526407446,42.1,1,1,17,False,False,True,1,0.936,2026-03-06,3450.0
LIM-07490,San Isidro,-12.091128826468234,-77.04764307962708,65.8,1,1,8,False,False,True,23,3.983,2026-03-05,4800.0
LIM-07491,Callao,-12.068147150885705,-77.1191348538964,107.1,3,2,4,True,True,True,7,9.187,2026-04-21,4450.0
LIM-07492,Comas,-11.94662191413419,-77.05754743617688,130.5,4,3,3,False,True,False,8,2.892,2026-04-26,3600.0
LIM-07493,San Miguel,-12.103976355063418,-77.0768036517145,87.4,3,3,6,False,True,False,14,7.018,2026-04-17,3850.0
LIM-07494,Miraflores,-12.107033154381634,-77.0072921263826,81.9,2,1,8,True,False,True,2,0.466,2026-03-12,8500.0
LIM-07495,Los Olivos,-11.971013052358716,-77.08255461944246,100.1,3,2,5,False,False,False,8,2.141,2026-03-24,2600.0
LIM-07496,San Miguel,-12.069358750899156,-77.10859035451635,106.0,3,2,3,False,False,False,7,8.094,2026-03-10,4700.0
LIM-07497,Surco (Santiago de Surco),-12.129281104988804,-76.99109139396977,60.2,1,1,13,False,False,False,2,2.608,2026-05-28,2800.0
LIM-07498,San Borja,-12.101702234635544,-76.99569086695155,76.5,3,1,10,False,True,True,13,1.759,2026-07-25,4800.0
LIM-07499,Lince,-12.085193306342893,-77.04772251053508,66.4,2,2,6,False,False,False,27,3.798,2026-05-27,2850.0
LIM-07500,San Isidro,-12.09254127128713,-77.03689923602316,90.5,2,1,3,True,False,True,7,2.872,2026-05-28,9450.0
LIM-07501,San Borja,-12.119835412951343,-76.99142950865104,45.8,1,1,5,True,False,False,20,2.369,2026-04-09,1900.0
LIM-07502,Pueblo Libre,-12.087654142674758,-77.07786182066616,50.2,1,1,9,True,True,False,7,5.991,2026-04-24,2900.0
LIM-07503,Miraflores,-12.122313271202064,-77.04133502470556,74.6,2,1,6,True,True,False,8,2.909,2026-03-08,6600.0
LIM-07504,Magdalena del Mar,-12.103657316564748,-77.08342991922434,107.9,3,2,8,True,False,False,25,7.672,2026-08-04,4450.0
LIM-07505,San Borja,-12.091194429921007,-77.00114712298804,78.7,2,1,7,True,True,False,5,0.571,2026-02-13,5100.0
LIM-07506,San Miguel,-12.072898266848316,-77.08447234193069,63.0,2,1,6,False,False,False,9,5.723,2026-07-16,2450.0
LIM-07507,Ate,-12.054997776681446,-76.9199177680829,109.0,3,2,3,False,False,False,31,10.085,2026-07-21,2200.0
LIM-07508,Chorrillos,-12.177958485262067,-77.01743619808771,73.8,2,1,4,False,False,False,6,0.008,2026-05-14,2300.0
LIM-07509,Jesús María,-12.072003921016144,-77.02204586603713,106.1,3,1,9,False,True,True,20,1.076,2026-07-21,4700.0
LIM-07510,Jesús María,-12.074416035473789,-77.06047572339214,74.5,1,1,9,False,True,False,21,3.6,2026-05-19,3500.0
LIM-07511,jesús maría,-12.07033904760479,-77.05683592076763,56.0,1,1,7,False,True,True,17,3.002,2026-06-04,2400.0
LIM-07512,San Borja,-12.107476145466451,-76.99046293350851,141.8,4,3,11,False,True,False,15,2.203,2026-04-10,8650.0
LIM-07513,San Isidro,-12.113887880981641,-77.0248434817064,126.3,3,2,6,False,True,False,21,1.273,2026-06-28,10450.0
LIM-07514,Pueblo Libre,-12.099410854810047,-77.05812238951626,55.2,1,2,6,False,False,False,2,5.172,2026-04-14,2500.0
LIM-07515,Pueblo Libre,-12.078083308538705,-77.04139238917482,85.1,3,2,5,True,False,True,28,2.832,2026-03-17,3650.0
LIM-07516,San Borja,-12.10157408753882,-76.99479052878154,81.1,3,1,6,True,False,True,13,1.845,2026-03-02,4950.0
LIM-07517,Chorrillos,-12.179048428414763,-77.04181324420212,100.0,2,2,4,True,True,True,13,2.645,2026-06-20,3650.0
LIM-07518,Lince,-12.070261230639138,-77.03213605175063,51.4,2,1,11,True,False,False,11,1.53,2026-03-27,2500.0
LIM-07519,Surco (Santiago de Surco),-12.135562640391587,-77.00185180348917,125.6,4,3,4,False,False,True,3,1.517,2026-07-18,6900.0
LIM-07520,San Isidro,-12.080913647228977,-77.02009425901373,124.6,3,2,8,True,True,False,32,0.782,2026-06-13,13600.0
LIM-07521,San Isidro,-12.08337715872883,-77.02512451122942,62.8,1,1,11,False,False,False,2,1.393,2026-04-09,4900.0
LIM-07522,Surco (Santiago de Surco),-12.122384557617906,-77.01407628931753,97.1,4,2,5,False,True,False,7,0.377,2026-07-24,5750.0
LIM-07523,Magdalena del Mar,-12.109942139610483,-77.05949618323694,115.1,3,3,5,False,True,False,28,5.042,2026-05-30,4700.0
LIM-07524,Miraflores,-12.120894311984323,-77.01812758677441,54.4,1,1,8,True,False,False,21,0.59,2026-05-26,4350.0
LIM-07525,Miraflores,-12.106426718150212,-77.0332935455492,60.5,3,2,12,False,False,True,6,2.462,2026-06-11,3850.0
LIM-07526,Barranco,-12.146131863302903,-77.02234130273239,86.5,2,1,14,True,True,False,3,0.849,2026-07-29,6750.0
LIM-07527,San Miguel,-12.070747681140013,-77.07609387550636,74.1,3,2,8,False,False,False,10,4.794,2026-05-28,2850.0
LIM-07528,San Miguel,-12.094054647661387,-77.1164581429893,47.1,1,1,15,True,True,False,3,9.88,2026-03-06,3050.0
LIM-07529,La Molina,-12.063774520832704,-76.93985522393952,99.3,3,3,15,False,True,False,2,7.71,2026-05-16,5850.0
LIM-07530,Miraflores,-12.130596492830785,-77.0162790843785,131.2,4,3,4,False,False,True,17,0.373,2026-04-06,10050.0
LIM-07531,Miraflores,-12.145033101701003,-77.03046455636854,145.1,4,3,15,True,True,False,45,1.64,2026-03-15,12250.0
LIM-07532,San Isidro,-12.101413508853902,-77.0289250822423,69.3,2,1,20,True,True,False,5,2.078,2026-03-08,5950.0
LIM-07533,La Molina,-12.116169806218252,-76.9439621455613,82.1,3,2,9,False,True,False,26,7.28,2026-03-24,3300.0
LIM-07534,San Isidro,-12.110221501737495,-77.04610847123654,73.4,2,2,9,True,False,True,16,3.61,2026-08-03,8650.0
LIM-07535,Surco (Santiago de Surco),-12.104297858002747,-77.00470836020898,169.1,5,4,4,True,False,False,14,0.878,2026-07-15,8500.0
LIM-07536,Ate,-12.05096048933004,-76.90745684879144,120.5,4,3,6,True,False,False,13,11.456,2026-08-03,3200.0
LIM-07537,San Borja,-12.125433446015757,-77.00622848070645,143.8,4,3,4,False,False,False,1,0.932,2026-06-06,9800.0
LIM-07538,Surquillo,-12.114396425361205,-77.03579497126074,89.5,2,1,6,True,True,True,14,2.419,2026-05-26,4200.0
LIM-07539,Miraflores,-12.131873644940384,-77.02793121569934,49.2,2,1,20,False,True,False,8,1.349,2026-03-12,3850.0
LIM-07540,Surco (Santiago de Surco),-12.124625769603913,-77.00115697705162,70.1,2,2,3,True,False,False,6,1.488,2026-04-05,3250.0
LIM-07541,Callao,-12.067274537352633,-77.13248929750287,68.0,2,1,5,False,False,False,33,10.6,2026-06-05,1500.0
LIM-07542,La Molina,-12.083551195478378,-76.94433903080319,93.1,3,2,11,True,True,False,17,6.721,2026-05-02,4700.0
LIM-07543,Lince,-12.09886470844247,-77.02409267911895,54.7,1,1,7,False,False,False,5,1.495,2026-08-04,2650.0
LIM-07544,Ate,-12.015211662262514,-76.9157581992297,76.9,2,1,6,False,True,False,15,9.106,2026-08-01,2100.0
LIM-07545,San Borja,-12.102256515359672,-77.01139489027278,110.5,3,2,4,False,True,True,9,0.722,2026-07-09,7450.0
LIM-07546,Surco (Santiago de Surco),-12.136746069569789,-76.98921835725116,99.2,2,2,17,False,True,False,6,2.896,2026-05-25,5100.0
LIM-07547,San Borja,-12.111815499007575,-76.98617812341507,133.0,3,2,9,False,False,False,7,2.666,2026-08-03,7300.0
LIM-07548,San Isidro,-12.103843199798993,-77.01014359004043,92.1,3,1,6,True,False,False,16,0.653,2026-05-17,6550.0
LIM-07549,Miraflores,-12.13023096175769,-77.01209787163681,60.4,2,1,14,False,False,False,27,0.566,2026-04-10,4200.0
LIM-07550,San Isidro,-12.106660760714176,-77.04876430068238,90.3,2,1,20,True,True,False,10,3.995,2026-03-16,6300.0
LIM-07551,Los Olivos,-11.948760053794457,-77.06120300714286,54.3,1,1,4,False,False,True,18,2.602,2026-08-07,1600.0
LIM-07552,Lince,-12.091731367492656,-77.03022171295211,32.5,2,1,6,False,False,False,12,2.17,2026-04-18,1450.0
LIM-07553,Surco (Santiago de Surco),-12.160553026879661,-77.00882518993043,116.7,4,3,12,True,True,False,7,0.903,2026-02-24,6000.0
LIM-07554,Barranco,-12.163391612650559,-77.01799445745813,97.0,3,2,12,False,False,False,4,0.189,2026-05-07,7150.0
LIM-07555,Lince,-12.07396730456001,-77.01027587962511,69.6,2,2,4,False,True,False,8,0.567,2026-03-23,2900.0
LIM-07556,San Martín de Porres,-12.001927888679097,-77.06624962947137,79.4,2,1,1,False,False,False,8,0.911,2026-04-08,2100.0
LIM-07557,Surco (Santiago de Surco),-12.136608979201636,-77.00716139767485,61.8,3,2,17,True,False,True,2,0.976,2026-04-10,4100.0
LIM-07558,Surco (Santiago de Surco),-12.120962226582972,-76.99483539339738,138.0,4,3,6,False,True,True,26,2.093,2026-04-28,6950.0
LIM-07559,Chorrillos,-12.184025999070068,-77.01219990683632,96.0,2,2,3,False,False,True,26,0.884,2026-07-29,
LIM-07560,Los Olivos,-11.961310987334429,-77.09225884321967,96.6,2,2,3,False,False,True,13,3.412,2026-05-09,3300.0
LIM-07561,San Martín de Porres,-12.006914597797453,-77.10094525316428,89.9,2,1,9,True,True,True,30,4.66,2026-03-23,2100.0
LIM-07562,Surco (Santiago de Surco),-12.128089480358971,-76.9931444658707,81.7,2,1,1,True,True,False,5,2.369,2026-02-12,4450.0
LIM-07563,Miraflores,-12.125793623009237,-77.0273878994008,52.5,1,1,15,True,False,False,3,1.369,2026-06-08,3700.0
LIM-07564,Magdalena del Mar,-12.098398590098268,-77.09776582720156,84.6,2,2,9,False,False,False,17,8.425,2026-07-26,4200.0
LIM-07565,Surco (Santiago de Surco),-12.125158396109864,-76.99034431769151,80.0,3,2,6,False,True,False,6,2.659,2026-02-18,3100.0
LIM-07566,Los Olivos,-11.95992370230781,-77.05845644755802,76.8,3,2,5,False,False,False,36,1.438,2026-03-08,2100.0
LIM-07567,San Isidro,-12.099185135824856,-77.03931962002625,147.3,4,3,14,True,True,True,11,3.134,2026-06-06,12750.0
LIM-07568,Jesús María,-12.079259484039937,-77.0482822585657,78.8,2,2,5,False,False,False,23,3.263,2026-05-20,3100.0
LIM-07569,San Martín de Porres,-11.979710228986221,-77.07374305939979,41.1,1,1,3,False,False,False,6,1.452,2026-08-05,1250.0
LIM-07570,Ate,-12.039328030262025,-76.91073164868448,77.5,2,2,6,False,False,False,6,10.521,2026-05-05,1600.0
LIM-07571,Lince,-12.089793701703895,-77.05332347002597,49.4,1,1,7,False,False,True,19,4.517,2026-03-15,2250.0
LIM-07572,Callao,-12.064437012359477,-77.12896145430537,81.3,3,2,10,False,False,False,8,10.175,2026-04-05,
LIM-07573,San Isidro,-12.084901229916696,-77.04145024123426,53.9,2,1,18,False,True,True,9,3.127,2026-03-08,5550.0
LIM-07574,Surco (Santiago de Surco),-12.133615198967362,-77.00532992460944,109.1,3,2,6,True,False,False,5,1.128,2026-05-18,6650.0
LIM-07575,San Isidro,-12.099162635941514,-77.01909637802427,77.3,2,1,10,True,True,False,20,0.987,2026-07-31,9250.0
LIM-07576,Comas ,-11.941620297893248,-77.05438628874079,81.6,1,1,8,False,False,True,18,3.513,2026-05-24,1950.0
LIM-07577,San Martín de Porres,-11.994846437504357,-77.09391670486956,94.4,4,3,7,False,True,False,6,3.788,2026-03-19,3100.0
LIM-07578,San Isidro,-12.09788026976917,-77.03927202909352,82.9,1,1,13,False,True,False,8,3.115,2026-03-18,6400.0
LIM-07579,San Isidro,-12.082755757597885,-77.0231352943554,81.4,3,2,17,False,False,True,8,1.169,2026-06-13,9550.0
LIM-07580,Surco (Santiago de Surco),-12.119887938285457,-77.00275487269667,88.4,3,3,3,False,False,False,7,1.225,2026-05-05,4800.0
LIM-07581,Barranco,-12.143017342569578,-77.01118099374787,69.5,2,1,11,True,True,True,17,0.504,2026-02-19,6600.0
LIM-07582,Chorrillos,-12.158203372114052,-77.00150184371327,91.5,3,2,3,False,False,True,14,1.737,2026-02-15,2700.0
LIM-07583,Miraflores,-12.120998038782341,-77.01480630842424,80.4,2,2,14,True,True,False,6,0.383,2026-05-05,7250.0
LIM-07584,SURQUILLO,-12.106416027939943,-77.01533515026499,93.2,3,2,7,False,True,False,36,0.631,2026-02-28,3250.0
LIM-07585,San Borja,-12.096246524173537,-76.98358770003222,75.6,2,1,13,False,True,False,15,2.556,2026-04-26,4650.0
LIM-07586,La Molina,-12.0745715406398,-76.95146685619902,118.7,4,2,14,True,True,False,8,6.132,2026-05-02,8400.0
LIM-07587,Miraflores,-12.11010801022714,-76.99956942394465,164.1,4,3,5,False,False,True,7,1.2,2026-07-11,18700.0
LIM-07588,Comas,-11.93542572967102,-77.05910980550279,93.8,2,1,5,False,False,True,7,4.099,2026-03-12,2000.0
LIM-07589,Jesús María,-12.050114462612344,-77.0352384700547,79.9,2,1,5,False,True,True,2,0.246,2026-02-15,5550.0
LIM-07590,Magdalena del Mar,-12.101976349423186,-77.08004410630818,52.1,1,1,10,False,True,False,3,7.288,2026-04-20,2450.0
LIM-07591,Surco (Santiago de Surco),-12.136862649450721,-76.98900702560098,75.6,2,1,5,False,False,False,10,2.92,2026-03-03,4300.0
LIM-07592,San Martín de Porres,-12.001474125719803,-77.07407843823206,87.0,2,2,3,False,True,False,12,1.678,2026-05-24,2350.0
LIM-07593,Surquillo,-12.119116805737164,-77.02864600409117,77.1,3,2,6,False,True,False,12,1.622,2026-03-09,3850.0
LIM-07594,Surquillo,-12.13856526452098,-77.02900132043894,80.0,3,3,3,False,False,True,6,1.496,2026-06-25,3400.0
LIM-07595,Jesús María,-12.057101622331501,-77.05145403067708,88.8,3,2,4,True,True,False,6,1.739,2026-02-16,5400.0
LIM-07596,Los Olivos,-11.981212485508555,-77.05823600947384,113.8,4,3,6,False,True,False,23,1.133,2026-03-03,2900.0
LIM-07597,Surco (Santiago de Surco),-12.132962221095047,-77.01697713172615,69.0,3,3,15,False,True,False,8,0.174,2026-02-17,3500.0
LIM-07598,Pueblo Libre,-12.0906623341321,-77.06745419063631,87.7,2,1,2,True,False,False,14,5.445,2026-05-23,3050.0
LIM-07599,La Molina,-12.079351411231363,-76.9294815285256,110.5,4,2,5,False,False,True,14,8.378,2026-04-18,6150.0
LIM-07600,Jesús María,-12.083024752431283,-77.06378555272126,83.3,3,2,8,False,False,False,5,4.538,2026-05-13,3850.0
LIM-07601,Comas,-11.956631543089308,-77.04695319204093,84.6,3,2,1,False,False,False,30,2.443,2026-02-21,1750.0
LIM-07602,Comas,-11.940667878426218,-77.0755335157188,70.0,3,2,3,False,False,True,45,3.756,2026-07-15,1600.0
LIM-07603,San Borja,-12.116708814965792,-77.009598499369,61.0,3,2,9,True,False,False,21,0.47,2026-03-13,3750.0
LIM-07604,Jesús María,-12.080489909153037,-77.05076666133452,88.6,2,1,7,False,True,True,16,3.502,2026-08-08,4600.0
LIM-07605,Los Olivos,-11.966838524617604,-77.04901849117942,103.2,3,2,3,False,False,False,22,1.619,2026-07-28,2650.0
LIM-07606,Comas,-11.933400126556387,-77.06968008635694,91.1,3,2,2,False,False,False,23,4.366,2026-06-11,2000.0
LIM-07607,San Miguel,-12.08722080585446,-77.11359555346034,77.6,2,2,18,True,True,False,14,9.264,2026-04-21,2900.0
LIM-07608,San Isidro,-12.1090943096879,-77.05352323256975,67.5,3,2,8,False,True,False,18,4.423,2026-06-15,5600.0
LIM-07609,Surco (Santiago de Surco),-12.134718195999813,-76.98381662171674,111.6,4,3,11,False,True,False,13,3.467,2026-08-02,4800.0
LIM-07610,Los Olivos,-11.962428969036903,-77.08775688342111,89.7,3,2,7,False,True,False,14,2.91,2026-04-30,3300.0
LIM-07611,San Miguel,-12.059846937697673,-77.07854442509422,69.4,1,1,5,True,False,True,31,4.679,2026-02-13,2400.0
LIM-07612,San Miguel,-12.090255955179526,-77.09196251014679,102.9,3,2,5,False,False,False,17,7.381,2026-04-14,3300.0
LIM-07613,Lince,-12.088915605215245,-77.03368725471938,83.6,2,1,3,True,False,False,19,2.504,2026-05-02,4300.0
LIM-07614,La Molina,-12.072690567699096,-76.94163234904849,67.3,2,2,12,False,True,True,15,7.219,2026-07-23,3700.0
LIM-07615,La Molina,-12.063122865566335,-76.95481104403076,111.7,2,1,12,True,True,False,15,6.256,2026-07-27,7350.0
LIM-07616,Surquillo,-12.126617091991704,-77.01584553694205,47.8,2,1,5,True,False,False,45,0.153,2026-04-15,1850.0
LIM-07617,Surco (Santiago de Surco),-12.14386574303768,-77.00931687596085,99.3,3,2,5,False,True,False,21,0.724,2026-02-13,4000.0
LIM-07618,Lince,-12.080526798864682,-77.01711330884415,25.0,1,1,4,False,False,False,24,0.481,2026-05-16,950.0
LIM-07619,Pueblo Libre,-12.080532917706318,-77.07542754275893,79.9,2,1,6,False,False,False,15,5.29,2026-03-05,2200.0
LIM-07620,Chorrillos,-12.183810781054119,-77.01283343238092,103.0,3,2,3,False,False,True,18,0.821,2026-07-01,4150.0
LIM-07621,Surco (Santiago de Surco),-12.132066352723573,-77.00741700362713,91.7,3,2,8,False,False,False,27,0.923,2026-04-30,4850.0
LIM-07622,San Miguel,-12.058806960555124,-77.0991984550379,53.7,2,2,7,False,False,True,25,6.888,2026-04-03,2350.0
LIM-07623,Miraflores,-12.136813787541193,-77.0338859844099,140.3,4,3,11,True,True,False,7,2.003,2026-03-04,11000.0
LIM-07624,Miraflores,-12.103119990706647,-76.99362382422893,108.6,4,3,6,True,False,True,9,1.985,2026-02-22,10350.0
LIM-07625,La Molina,-12.093697230622995,-76.94537335304082,92.8,3,1,5,False,False,False,3,6.602,2026-03-31,3950.0
LIM-07626,San Isidro,-12.093050496944903,-77.04655835756448,78.2,2,2,10,True,True,True,8,3.911,2026-05-19,8600.0
LIM-07627,Callao,-12.037509791346777,-77.12343466734129,45.1,1,1,8,False,True,True,3,8.282,2026-04-02,1550.0
LIM-07628,Los Olivos,-11.964996116892374,-77.08955607062146,102.4,3,2,5,True,True,True,5,3.005,2026-03-27,3600.0
LIM-07629,San Isidro,-12.100769892578391,-77.03865343105745,54.8,1,1,7,True,False,True,16,3.089,2026-08-02,4350.0
LIM-07630,Chorrillos,-12.166081892527663,-76.9958869600271,101.5,4,3,6,False,False,True,8,2.339,2026-02-12,3650.0
LIM-07631,San Borja,-12.110377994427989,-76.99456752562824,125.0,4,2,1,False,False,False,15,1.745,2026-03-19,8350.0
LIM-07632,Pueblo Libre,-12.067343787404866,-77.05225918860329,73.3,2,1,9,True,False,True,8,2.411,2026-02-18,3300.0
LIM-07633,Los Olivos,-11.971356171980533,-77.08241932367766,62.6,2,1,9,True,False,False,25,2.125,2026-02-23,2050.0
LIM-07634,Jesús María,-12.063266165236133,-77.05144010603091,119.3,4,2,5,False,True,True,3,2.051,2026-05-25,6550.0
LIM-07635,Miraflores,-12.137830780310603,-77.02695316837692,75.1,1,1,10,False,True,True,11,1.299,2026-04-20,5000.0
LIM-07636,San Isidro,-12.109362259489124,-77.04540368196511,87.6,2,1,7,True,False,False,8,3.559,2026-08-09,6550.0
LIM-07637,San Borja,-12.125207141098414,-76.99379991915923,66.8,1,1,4,False,True,False,3,2.284,2026-06-06,3800.0
LIM-07638,Callao,-12.057277153150356,-77.11071485901773,90.4,2,1,7,False,False,False,3,8.121,2026-05-31,2250.0
LIM-07639,Jesús María,-12.091954458625718,-77.04248582338997,75.0,2,1,4,False,False,False,13,3.482,2026-04-12,3500.0
LIM-07640,La Molina,-12.095101978900802,-76.94701299932807,71.9,3,2,7,True,False,False,12,6.439,2026-04-30,3750.0
LIM-07641,San Isidro,-12.110490103254827,-77.02360906439216,130.5,4,3,13,False,True,True,4,1.334,2026-03-08,13500.0
LIM-07642,San Martín de Porres,-11.981143885245535,-77.08369140926223,158.0,4,3,5,False,True,False,1,2.475,2026-03-02,4500.0
LIM-07643,Surco (Santiago de Surco),-12.14688816422611,-76.99918584945333,131.6,4,3,3,True,True,False,18,1.876,2026-06-14,7000.0
LIM-07644,Pueblo Libre,-12.08903854843508,-77.0458015319148,99.0,3,2,6,False,True,False,11,3.714,2026-03-11,3900.0
LIM-07645,Pueblo Libre,-12.070619937594811,-77.07638359559641,131.9,4,3,9,False,False,False,24,4.816,2026-05-04,5000.0
LIM-07646,Barranco,-12.12915814614526,-77.04183562704942,50.1,2,1,8,True,False,True,8,2.89,2026-03-12,4500.0
LIM-07647,San Isidro,-12.098592804950949,-77.04711379579486,60.6,2,1,10,False,True,False,28,3.971,2026-02-27,4100.0
LIM-07648,La Molina,-12.087264631677725,-76.94055309687987,96.3,3,2,11,False,True,False,6,7.108,2026-07-22,5750.0
LIM-07649,Surco (Santiago de Surco),-12.119510910467058,-76.97959690782642,104.5,4,3,9,True,True,True,4,3.543,2026-05-28,8000.0
LIM-07650,Pueblo Libre,-12.063061247941404,-77.07102622209818,68.3,1,1,5,False,False,False,18,3.968,2026-04-05,2200.0
LIM-07651,Surquillo,-12.109595020184656,-76.99572194975651,46.9,1,1,12,False,False,True,3,1.618,2026-03-15,1750.0
LIM-07652,Barranco,-12.156388088740803,-77.02107363174868,70.1,3,3,6,True,False,True,25,0.762,2026-04-09,4350.0
LIM-07653,San Borja,-12.10282850512456,-76.99998635456637,87.3,2,1,6,False,True,False,11,1.384,2026-05-22,4450.0
LIM-07654,San Isidro,-12.113529409144233,-77.04689925768983,111.3,3,2,11,True,False,True,26,3.628,2026-04-04,10550.0
LIM-07655,Barranco,-12.156884106592711,-76.99798373797637,71.0,3,2,11,True,True,False,30,2.11,2026-03-13,3450.0
LIM-07656,San Miguel,-12.060222448188538,-77.09460346653623,42.4,2,1,11,True,False,False,11,6.41,2026-06-27,1850.0
LIM-07657,Surquillo,-12.099076087783105,-77.0334838563143,73.5,2,1,4,True,False,False,13,2.504,2026-03-10,2500.0
LIM-07658,San Miguel,-12.072150183607976,-77.06330797597403,129.4,3,2,6,False,True,True,16,3.676,2026-03-15,6200.0
LIM-07659,Miraflores,-12.14425224465652,-77.02467595887377,75.7,1,1,17,True,True,False,38,1.007,2026-02-14,4700.0
LIM-07660,San Borja,-12.122798658335798,-76.98901403459274,123.4,4,2,12,True,False,False,9,2.754,2026-06-21,8350.0
LIM-07661,La Molina,-12.094953669143369,-76.92502127734991,93.6,3,1,9,True,False,False,8,8.819,2026-06-25,5600.0
LIM-07662,Comas,-11.945060388376064,-77.05462644901054,113.9,3,2,4,False,False,False,23,3.138,2026-07-09,2100.0
LIM-07663,Lince,-12.100104933806072,-77.02160132771546,53.6,1,1,3,False,False,False,5,1.278,2026-03-31,2200.0
LIM-07664,Callao,-12.059555764682987,-77.11744809913206,78.6,2,2,6,False,True,False,2,8.871,2026-02-15,2100.0
LIM-07665,Miraflores,-12.099892457142136,-77.02059521255077,69.5,2,1,8,True,True,False,30,1.168,2026-06-06,4650.0
LIM-07666,Magdalena del Mar,-12.090689969477696,-77.07610989377467,90.9,3,2,11,False,True,False,6,6.079,2026-03-11,4450.0
LIM-07667,San Miguel,-12.07477408045247,-77.09304252103009,59.9,3,1,6,False,False,False,36,6.663,2026-05-07,2100.0
LIM-07668,Surco (Santiago de Surco),-12.147210665028222,-76.9935633989216,59.4,2,1,4,False,True,False,16,2.475,2026-05-21,3850.0
LIM-07669,Jesús María,-12.093267817440552,-77.05376178175256,93.0,3,2,4,False,True,True,3,4.689,2026-06-07,6150.0
LIM-07670,San Borja,-12.123038357106516,-76.99254746597596,103.4,3,2,19,True,True,False,6,2.386,2026-05-19,5450.0
LIM-07671,Comas,-11.963152669776491,-77.05597785789742,98.5,3,2,5,False,True,False,7,1.248,2026-06-27,2100.0
LIM-07672,Miraflores,-12.120199576853102,-77.01957300080126,101.1,3,2,8,True,False,True,11,0.686,2026-07-19,9950.0
LIM-07673,Callao,-12.05199337034711,-77.11042472181957,79.7,3,1,5,False,False,False,24,8.072,2026-04-16,1650.0
LIM-07674,La Molina,-12.098383479433833,-76.9211994833806,120.4,3,2,7,False,False,False,10,9.268,2026-03-10,5700.0
LIM-07675,Magdalena del Mar,-12.093724967921089,-77.06306844312437,69.7,2,1,11,True,True,False,7,5.445,2026-03-18,3050.0
LIM-07676,San Borja,-12.090672074205212,-77.00108702268497,82.9,3,2,11,False,True,False,24,0.555,2026-05-02,4700.0
LIM-07677,Surco (Santiago de Surco),-12.111507631891833,-76.9895631419541,105.9,2,1,20,False,True,True,5,2.296,2026-05-06,4850.0
LIM-07678,Ate,-12.03715507579101,-76.89904762263008,190.0,5,3,5,False,False,False,22,11.58,2026-05-20,5300.0
LIM-07679,San Martín de Porres,-12.0009980860475,-77.0919996782682,114.1,4,3,2,False,False,False,22,3.589,2026-05-31,3100.0
LIM-07680,Ate,-12.037542749073484,-76.8918290984826,109.7,4,3,1,True,False,True,17,12.325,2026-05-02,2600.0
LIM-07681,Comas,-11.926778280195864,-77.071295673205,121.7,4,2,7,False,False,False,1,5.122,2026-03-27,3200.0
LIM-07682,Lince,-12.109186737653488,-77.02249669528115,32.1,1,1,7,True,False,False,14,1.295,2026-06-18,1550.0
LIM-07683,Magdalena del Mar,-12.077715171546442,-77.07562079471731,86.4,2,1,6,False,False,False,7,5.128,2026-07-04,4150.0
LIM-07684,Chorrillos,-12.181235041847117,-77.01871118879897,109.7,3,2,3,False,False,False,9,0.383,2026-05-11,4100.0
LIM-07685,San Isidro,-12.10361955545925,-77.05233495448377,87.3,3,3,10,True,True,True,3,4.473,2026-06-11,9650.0
LIM-07686,Chorrillos,-12.17895913567103,-77.00720999886096,80.9,3,2,8,False,False,False,1,1.124,2026-07-01,3200.0
LIM-07687,San Borja,-12.10445899033469,-77.01406029822127,66.6,2,2,7,False,True,False,11,0.694,2026-04-16,3600.0
LIM-07688,Lince,-12.098435051044385,-77.05061324279434,59.2,2,1,11,False,False,True,14,4.349,2026-03-10,2550.0
LIM-07689,La Molina,-12.090217768416291,-76.93128356377912,84.2,2,1,16,False,True,True,13,8.114,2026-07-28,5800.0
LIM-07690,Surco (Santiago de Surco),-12.128696673522025,-76.97352473285049,130.8,3,2,8,True,False,False,8,4.5,2026-07-12,7250.0
LIM-07691,San Isidro,-12.094577145008714,-77.04470694919476,137.4,4,3,9,True,False,False,3,3.7,2026-05-20,13350.0
LIM-07692,La Molina,-12.082230225827663,-76.93316268931613,204.3,5,4,6,True,False,True,4,7.945,2026-04-20,18650.0
LIM-07693,La Molina,-12.090687624548575,-76.93564168375923,83.8,2,1,8,True,True,False,45,7.641,2026-05-03,4600.0
LIM-07694,Barranco,-12.141075480570448,-77.02249822434133,56.5,2,1,9,False,True,False,6,0.746,2026-04-21,5150.0
LIM-07695,Barranco,-12.136723006535966,-77.00537019742075,55.1,1,1,10,True,False,False,23,1.166,2026-03-12,3300.0
LIM-07696,Jesús María,-12.061642728254048,-77.05096346616332,57.7,1,1,3,False,True,False,1,1.906,2026-06-20,2600.0
LIM-07697,Surco (Santiago de Surco),-12.129868677205883,-76.98878959025618,68.9,3,3,8,False,False,False,12,2.865,2026-06-11,3500.0
LIM-07698,Surquillo,-12.103433288695316,-77.03254523860011,55.1,2,1,7,False,False,False,12,2.486,2026-02-18,2150.0
LIM-07699,Miraflores,-12.110647272990624,-77.04393235556181,99.2,3,1,13,False,True,True,10,3.369,2026-03-15,9000.0
LIM-07700,Jesús María,-12.041481905119792,-77.03497146042254,63.6,1,1,10,True,False,False,17,0.949,2026-04-12,3250.0
LIM-07701,Miraflores,-12.106483195159417,-77.02278553746112,105.1,3,2,16,True,False,True,1,1.372,2026-07-28,10900.0
LIM-07702,San Borja,-12.109364929639623,-77.00030948251126,139.4,4,3,9,True,False,True,12,1.119,2026-04-26,9300.0
LIM-07703,San Borja,-12.119240151448162,-76.97570585758842,98.6,3,2,12,False,True,False,8,3.939,2026-02-27,5850.0
LIM-07704,Lince,-12.08823368305711,-77.01053221193801,100.8,3,2,8,False,False,False,8,0.511,2026-03-29,5500.0
LIM-07705,La Molina,-12.0907814182672,-76.93992998400287,71.2,1,1,13,True,False,False,8,7.176,2026-06-17,3800.0
LIM-07706,San Borja,-12.102162929187289,-77.01606786141879,75.3,2,2,8,True,False,False,15,0.917,2026-03-24,3950.0
LIM-07707,Miraflores,-12.129503074942273,-77.030739187856,79.7,3,2,8,False,True,False,8,1.706,2026-04-29,7200.0
LIM-07708,Magdalena del Mar,-12.081193873941755,-77.08569098195994,83.8,2,1,7,False,False,False,9,6.262,2026-08-10,3300.0
LIM-07709,La Molina,-12.103474756070744,-76.94412583691025,173.8,5,4,14,False,True,False,7,6.907,2026-07-13,10250.0
LIM-07710,Lince,-12.104690301635797,-77.04453556599893,49.4,2,2,5,False,False,False,45,3.641,2026-05-09,
LIM-07711,Magdalena del Mar,-12.097121392095104,-77.09005471109312,65.7,2,1,13,False,True,False,1,7.682,2026-04-19,2500.0
LIM-07712,San Miguel,-12.087510708590347,-77.11995135892471,75.9,2,2,7,False,False,False,11,9.908,2026-03-16,2600.0
LIM-07713,La Molina,-12.101898806247812,-76.94319291223799,93.2,2,1,11,False,True,False,6,6.967,2026-08-07,4650.0
LIM-07714,Barranco,-12.157044839460058,-77.04898515740135,50.1,2,2,11,False,False,True,6,3.52,2026-07-27,4150.0
LIM-07715,Surco (Santiago de Surco),-12.144137829948948,-76.99884288790501,81.6,2,1,8,True,False,False,2,1.848,2026-08-10,4700.0
LIM-07716,San Isidro,-12.09707838802519,-77.02836723632082,78.6,1,1,5,False,False,True,3,1.926,2026-05-07,10000.0
LIM-07717,San Borja,-12.115745649459772,-77.00726514824645,143.0,4,2,6,False,False,True,18,0.743,2026-06-26,12100.0
LIM-07718,Surquillo,-12.121169612299,-77.030517942156,46.9,1,1,19,False,True,True,25,1.781,2026-03-11,1700.0
LIM-07719,San Miguel,-12.077458388618656,-77.0936141634907,101.2,2,1,3,True,False,False,3,6.837,2026-06-22,4350.0
LIM-07720,Magdalena del Mar,-12.083329101151174,-77.0856432663417,117.2,3,2,11,False,False,False,15,6.382,2026-03-30,4700.0
LIM-07721,Miraflores,-12.103451054414135,-77.02717210492409,63.7,2,2,4,False,False,False,15,1.931,2026-06-22,3900.0
LIM-07722,Chorrillos,-12.172926789250191,-77.03049395838615,89.1,3,2,12,True,True,True,13,1.521,2026-05-22,3500.0
LIM-07723,San Isidro,-12.094493482574755,-77.03795392711419,102.2,2,2,14,False,True,True,11,2.967,2026-03-20,7250.0
LIM-07724,La Molina,-12.08899824420755,-76.94935704866208,125.5,3,2,5,False,True,False,21,6.148,2026-06-29,5400.0
LIM-07725,Chorrillos,-12.16892501655929,-77.01823825938614,84.2,3,2,3,True,False,False,5,0.782,2026-06-01,4100.0
LIM-07726,La Molina,-12.082117367672991,-76.9255781808718,88.5,3,2,8,True,False,False,5,8.767,2026-07-30,5650.0
LIM-07727,Miraflores,-12.105189827802938,-77.02700226950098,92.7,3,3,4,False,False,False,14,1.852,2026-08-04,5050.0
LIM-07728,Surco (Santiago de Surco),-12.157664455549865,-76.9889466705329,84.3,3,2,12,False,True,False,18,3.08,2026-03-16,3900.0
LIM-07729,Jesús María,-12.076413972924547,-77.05649751700619,80.7,2,2,5,True,False,False,11,3.464,2026-07-03,4400.0
LIM-07730,Miraflores,-12.117029721570468,-77.02672092297327,79.3,1,1,5,False,False,False,12,1.407,2026-02-16,4850.0
LIM-07731,Lince,-12.085415407490506,-77.0365976412825,89.4,2,2,10,False,False,False,22,2.637,2026-04-25,3800.0
LIM-07732,Magdalena del Mar,-12.106770076385153,-77.0753441275115,144.6,4,3,2,False,False,False,26,6.801,2026-04-28,4400.0
LIM-07733,Surco (Santiago de Surco),-12.150592400150886,-76.98721265314961,75.0,1,1,7,True,False,False,43,3.184,2026-05-18,
LIM-07734,Barranco,-12.139724130887654,-77.02740280608296,71.2,2,2,5,False,False,True,4,1.297,2026-02-28,4850.0
LIM-07735,Surquillo,-12.123783110204757,-77.0222765452321,40.4,1,1,7,False,True,False,5,0.84,2026-05-26,1700.0
LIM-07736,La Molina,-12.107858805898067,-76.95103697603139,176.7,5,3,13,False,True,True,45,6.323,2026-05-14,10300.0
LIM-07737,San Miguel,-12.067121125679883,-77.09886863572088,79.1,2,2,2,False,True,False,12,7.008,2026-07-29,2400.0
LIM-07738,Magdalena del Mar,-12.089992205194648,-77.07362117723311,70.9,2,2,12,False,True,False,18,5.834,2026-07-03,3250.0
LIM-07739,Miraflores,-12.122490489169499,-77.03376778310387,76.3,2,1,9,False,False,True,7,2.093,2026-07-03,6850.0
LIM-07740,Magdalena del Mar,-12.106474619113131,-77.05772452363705,80.6,3,2,4,False,False,False,21,4.936,2026-08-03,2900.0
LIM-07741,San Borja,-12.109661297320446,-76.96645004746567,71.2,2,2,4,False,False,False,2,4.8,2026-04-29,4200.0
LIM-07742,Magdalena del Mar,-12.080912948793769,-77.08251530742224,114.1,4,2,6,False,False,True,3,5.951,2026-04-05,6400.0
LIM-07743,Surquillo,-12.134076391432345,-77.01397196570154,79.9,3,3,2,True,False,True,32,0.189,2026-05-12,4100.0
LIM-07744,San Martín de Porres,-12.017667731400875,-77.06814390908734,115.7,4,3,4,False,True,False,21,2.444,2026-05-13,3150.0
LIM-07745,Surquillo,-12.122233183874949,-77.02068898874428,52.3,1,1,5,False,False,True,7,0.747,2026-05-19,2300.0
LIM-07746,Jesús María,-12.073919724241518,-77.06093269367167,63.3,2,1,9,False,True,False,21,3.6,2026-03-04,2550.0
LIM-07747,San Borja,-12.114255502774606,-76.97774192026242,86.8,2,2,13,False,True,False,11,3.608,2026-08-07,5100.0
LIM-07748,Lince,-12.077386201097996,-77.02506611247433,87.8,2,1,9,False,False,False,3,1.248,2026-07-06,5050.0
LIM-07749,Surco (Santiago de Surco),-12.12193399266662,-76.99117571456433,111.5,3,1,14,True,True,False,14,2.504,2026-06-05,5000.0
LIM-07750,Surquillo,-12.11135477470471,-77.00009373119843,50.7,2,2,3,True,False,True,11,1.157,2026-03-05,2100.0
LIM-07751,Chorrillos,-12.167974811874926,-77.00885720191413,101.5,2,2,7,True,True,False,6,1.107,2026-05-23,4300.0
LIM-07752,Surco (Santiago de Surco),-12.131734805375716,-76.99557522043153,69.6,2,1,9,False,False,False,4,2.195,2026-03-21,2900.0
LIM-07753,San Martín de Porres,-11.998785902909017,-77.09231957038905,72.8,2,2,9,False,True,False,22,3.605,2026-05-04,1500.0
LIM-07754,Chorrillos,-12.190222704397776,-77.02401998093309,86.2,2,2,7,False,True,False,13,1.533,2026-02-21,4300.0
LIM-07755,La Molina,-12.099135900491232,-76.93074212153594,75.6,2,1,5,False,True,False,12,8.249,2026-02-26,3900.0
LIM-07756,San Martín de Porres,-12.015111021723664,-77.07241497214228,66.1,2,1,4,False,False,True,3,2.429,2026-03-15,2050.0
LIM-07757,Miraflores,-12.122882057539533,-77.03163999943253,123.2,4,3,12,True,False,False,8,1.857,2026-06-18,10050.0
LIM-07758,San Isidro,-12.094412663624949,-77.01550124166604,131.6,4,3,5,True,False,True,13,0.544,2026-05-30,15600.0
LIM-07759,Surco (Santiago de Surco),-12.152391148617376,-76.9968866554367,197.7,5,4,15,True,True,False,4,2.136,2026-04-24,13250.0
LIM-07760,Jesús María,-12.072728859434777,-77.03714978447124,92.4,3,2,7,False,False,True,24,2.08,2026-03-22,3800.0
LIM-07761,Surco (Santiago de Surco),-12.145502595939123,-76.99235953143257,116.8,3,2,18,False,True,False,35,2.567,2026-06-21,5450.0
LIM-07762,Callao,-12.069430392122442,-77.09490456355093,80.9,2,2,2,False,False,False,19,6.659,2026-04-17,1800.0
LIM-07763,Barranco,-12.156904192998729,-77.01236345415526,62.6,2,1,6,False,False,False,19,0.758,2026-02-13,3500.0
LIM-07764,Surco (Santiago de Surco),-12.14844571798014,-76.99444608622545,125.6,4,3,9,True,True,False,12,2.417,2026-02-25,6800.0
LIM-07765,Jesús María,-12.066320090584489,-77.0511456177452,123.7,3,1,5,False,False,True,23,2.244,2026-06-21,4450.0
LIM-07766,San Isidro,-12.099216053016589,-77.03688447001274,109.3,3,2,16,True,True,True,16,2.872,2026-03-24,11450.0
LIM-07767,Pueblo Libre,-12.06381743131615,-77.07180476725371,57.3,1,1,6,False,False,False,14,4.075,2026-05-01,1800.0
LIM-07768,La Molina,-12.092121956225276,-76.96160043765046,124.7,3,3,7,False,False,False,17,4.829,2026-05-20,6550.0
LIM-07769,Ate,-12.051268232742604,-76.91229517531869,71.9,1,1,4,False,True,False,9,11.009,2026-03-09,1250.0
LIM-07770,Pueblo Libre,-12.051119408310239,-77.06950222216038,67.6,2,1,3,False,False,True,42,3.624,2026-02-24,2950.0
LIM-07771,San Isidro,-12.116676725660165,-77.04313410261175,143.5,4,3,11,True,True,False,3,3.191,2026-03-01,14200.0
LIM-07772,Miraflores,-12.105686225078964,-77.03046608283856,51.1,1,1,6,True,True,True,18,2.206,2026-05-08,4050.0
LIM-07773,San Isidro,-12.07734571154825,-77.03607331873923,170.1,5,3,20,False,True,True,3,2.425,2026-06-02,16200.0
LIM-07774,Callao,-12.047410190044861,-77.11801148786098,101.3,2,1,1,False,False,False,10,8.468,2026-06-25,2600.0
LIM-07775,Lince,-12.089065645632452,-77.01244045577829,58.6,2,1,7,False,False,False,14,0.711,2026-03-12,2700.0
LIM-07776,La Molina,-12.069677175139123,-76.93725144638506,112.4,3,2,9,False,True,False,8,7.767,2026-08-05,6900.0
LIM-07777,Miraflores,-12.12496113631868,-77.00410621306003,60.2,2,1,12,False,True,True,13,1.165,2026-04-16,
LIM-07778,Los Olivos,-11.977369427028528,-77.07676788443837,73.9,2,1,7,True,False,True,1,1.618,2026-06-04,3550.0
LIM-07779,Miraflores,-12.1257592201303,-77.01999535228245,76.8,2,2,4,False,False,True,11,0.565,2026-06-10,6600.0
LIM-07780,Pueblo Libre,-12.080442324869423,-77.06770095048756,67.5,2,2,8,False,True,False,7,4.632,2026-02-23,2700.0
LIM-07781,San Miguel,-12.088759477499035,-77.0995335822951,57.9,2,1,6,True,True,True,14,7.986,2026-05-27,2750.0
LIM-07782,Surco (Santiago de Surco),-12.121679905990693,-76.96925348848313,88.5,3,3,6,False,False,False,9,4.688,2026-03-13,3400.0
LIM-07783,San Borja,-12.117581380231462,-77.00781777923274,59.1,1,1,12,False,True,False,3,0.651,2026-05-18,3100.0
LIM-07784,Barranco,-12.149755763867056,-77.04818080803867,46.6,1,1,15,False,True,False,10,3.448,2026-05-09,2950.0
LIM-07785,La Molina,-12.104125262672786,-76.95369539170999,73.0,3,2,4,True,False,False,5,5.92,2026-04-04,3900.0
LIM-07786,Ate,-12.04603027181901,-76.94009988394096,157.1,5,3,4,False,False,False,12,8.252,2026-07-31,4300.0
LIM-07787,Pueblo Libre,-12.087471112530674,-77.07451589401286,85.4,2,1,9,True,False,False,5,5.707,2026-03-24,3750.0
LIM-07788,Chorrillos,-12.188865829875102,-77.0284039898502,99.2,2,1,6,True,False,False,7,1.692,2026-04-17,3700.0
LIM-07789,San Borja,-12.109611454921152,-76.99817661882177,90.3,3,3,14,False,False,False,8,1.351,2026-06-01,5300.0
LIM-07790,Barranco,-12.136716332817828,-77.04599515952737,82.3,2,2,6,False,False,True,22,3.308,2026-03-07,5700.0
LIM-07791,Pueblo Libre,-12.068315035747123,-77.04874857328703,109.3,2,1,11,False,True,False,6,2.235,2026-04-05,4300.0
LIM-07792,San Borja,-12.102190555366407,-77.02110923116089,102.5,3,2,7,True,False,False,6,1.336,2026-07-08,5600.0
LIM-07793,Miraflores,-12.122659006159749,-77.03093300987184,126.8,3,2,6,False,False,False,5,1.786,2026-08-01,10800.0
LIM-07794,La Molina,-12.090827683181807,-76.94908985773185,108.7,3,2,8,True,False,False,8,6.18,2026-05-29,6750.0
LIM-07795,Jesús María,-12.06410631233807,-77.03909579568119,96.9,3,2,6,True,False,False,43,1.339,2026-08-03,4650.0
LIM-07796,San Miguel,-12.08415812594785,-77.0885814807012,97.7,2,2,2,False,False,False,17,6.702,2026-02-20,4600.0
LIM-07797,Barranco,-12.139386790146627,-77.00715752494487,51.9,2,2,9,True,True,True,37,0.973,2026-06-05,3250.0
LIM-07798,Los Olivos,-11.95406863673279,-77.07583743950374,89.2,3,2,8,False,False,True,9,2.45,2026-05-25,3400.0
LIM-07799,La Molina,-12.096896641395709,-76.95077696075602,61.0,1,1,14,False,False,False,10,6.057,2026-05-22,3100.0
LIM-07800,Surco (Santiago de Surco),-12.143333345947598,-76.99004650817936,91.1,2,1,10,True,False,False,12,2.793,2026-03-21,3750.0
LIM-07801,Miraflores,-12.127648346076976,-77.01704957744566,68.6,2,1,7,True,False,True,14,0.327,2026-04-22,6250.0
LIM-07802,Surquillo,-12.13230355150904,-77.00759917084702,58.3,2,1,7,True,True,False,16,0.898,2026-07-09,2650.0
LIM-07803,Surco (Santiago de Surco),-12.140632832779605,-76.99113822943839,83.4,3,2,3,False,False,False,3,2.674,2026-05-28,3700.0
LIM-07804,Magdalena del Mar,-12.079882603153365,-77.07290804997278,91.9,2,1,9,True,True,False,9,5.027,2026-05-11,4350.0
LIM-07805,Barranco,-12.161946906508025,-77.02183546948561,52.7,2,2,11,False,True,False,7,0.526,2026-08-02,3550.0
LIM-07806,Lince,-12.069197646696153,-77.02838083802621,123.3,3,2,4,True,False,False,22,1.241,2026-06-20,4800.0
LIM-07807,San Miguel,-12.082601333495438,-77.06838078666625,1290.0,4,3,5,False,True,True,15,4.85,2026-06-26,4900.0
LIM-07808,Surco (Santiago de Surco),-12.109631572354767,-76.99791088057869,73.5,1,1,8,True,True,False,8,1.38,2026-07-02,5150.0
LIM-07809,Callao,-12.064781756783784,-77.12247388193698,104.6,4,3,6,False,True,True,15,9.482,2026-03-10,3150.0
LIM-07810,San Isidro,-12.098927783397867,-77.04199267039144,116.9,3,2,16,True,True,False,17,3.42,2026-03-16,9500.0
LIM-07811,Miraflores,-12.132022196782309,-77.02472752690252,84.4,3,3,4,False,False,False,19,1.003,2026-03-17,6250.0
LIM-07812,Jesús María,-12.08185240928303,-77.07446094322917,58.0,2,1,3,False,False,False,5,5.295,2026-02-12,3000.0
LIM-07813,Pueblo Libre,-12.0575418499977,-77.06472074043762,153.5,4,2,2,False,True,False,13,3.154,2026-02-19,5100.0
LIM-07814,Barranco,-12.143705559778333,-77.010832237785,85.9,3,1,10,True,True,False,8,0.562,2026-05-09,6500.0
LIM-07815,San Borja,-12.09595418664987,-77.00491476952634,60.4,1,1,11,False,True,False,9,0.629,2026-02-25,3350.0
LIM-07816,Surco (Santiago de Surco),-12.15078707161188,-76.99275954444224,101.6,3,2,6,True,False,False,5,2.581,2026-06-04,5700.0
LIM-07817,San Borja,-12.100442058562106,-76.97328797444032,83.9,2,1,7,True,False,True,17,3.767,2026-05-21,5250.0
LIM-07818,Lince,-12.096757319800647,-77.02932080150025,68.1,2,2,4,False,False,False,19,2.027,2026-03-14,3100.0
LIM-07819,Ate,-12.062447822156395,-76.94287071945544,62.8,2,2,7,False,False,False,13,7.462,2026-03-03,1600.0
LIM-07820,Magdalena del Mar,-12.092634806333757,-77.09261861239868,79.4,2,1,7,True,False,False,19,7.593,2026-05-04,3400.0
LIM-07821,Lince,-12.082357539999064,-77.03631203901706,52.1,1,1,8,False,False,False,4,2.519,2026-05-01,2200.0
LIM-07822,Jesús María,-12.072959850564411,-77.05864591089855,71.5,2,1,6,False,True,False,26,3.344,2026-05-12,3100.0
LIM-07823,Surco (Santiago de Surco),-12.126389299048467,-76.9937594015304,107.5,4,3,6,True,False,False,6,2.289,2026-04-29,5500.0
LIM-07824,Barranco,-12.138917204188395,-77.02493491226738,60.1,2,1,8,True,True,True,18,1.061,2026-07-13,5050.0
LIM-07825,Comas,-11.925363247929676,-77.04800714160602,86.6,2,1,3,False,False,False,7,5.444,2026-06-28,1500.0
LIM-07826,Barranco,-12.16368411597967,-77.03449597736612,91.0,2,2,15,False,False,False,29,1.911,2026-05-22,6950.0
LIM-07827,Surquillo,-12.096675805054597,-77.01998999258612,48.9,1,1,3,False,False,False,13,1.015,2026-03-16,2200.0
LIM-07828,Miraflores,-12.098512262123654,-77.02679289815269,60.9,2,1,14,True,True,False,15,1.776,2026-03-15,4600.0
LIM-07829,Surquillo,-12.119094760197424,-77.01340638667797,43.5,2,1,4,False,True,False,10,0.161,2026-07-02,1950.0
LIM-07830,Miraflores,-12.141121900196879,-77.02763833689706,57.6,1,1,8,False,False,False,18,1.301,2026-05-28,3600.0
LIM-07831,Ate,-12.063001986956829,-76.94493528108029,95.9,3,2,5,False,False,True,21,7.232,2026-07-28,2450.0
LIM-07832,Lince,-12.090642216571204,-77.0323004950639,83.4,3,2,9,True,False,False,27,2.418,2026-07-10,3800.0
LIM-07833,Miraflores,-12.096930300916311,-77.0312090524745,57.9,1,1,9,True,True,True,3,2.233,2026-05-05,5150.0
LIM-07834,Pueblo Libre,-12.073395039997562,-77.05273068296505,91.2,2,2,3,False,False,False,1,2.946,2026-07-30,3700.0
LIM-07835,Jesús María,-12.081006209401023,-77.04032435629718,82.7,2,1,15,True,False,False,3,2.926,2026-07-20,4600.0
LIM-07836,Surco (Santiago de Surco),-12.143224827100287,-76.99210986586809,61.0,2,1,3,True,False,False,15,2.568,2026-03-27,2900.0
LIM-07837,Barranco,-12.16527266790007,-77.01764203045913,74.0,2,2,5,True,False,True,9,0.371,2026-05-24,6200.0
LIM-07838,Pueblo Libre,-12.063105087643835,-77.04687140280924,109.9,3,2,12,False,False,False,12,1.662,2026-04-23,4500.0
LIM-07839,San Miguel,-12.07850482493663,-77.07899644671485,42.6,1,1,10,False,False,False,5,5.485,2026-04-07,1650.0
LIM-07840,Surco (Santiago de Surco),-12.109802045882851,-76.99169601597288,180.5,5,3,14,False,True,False,9,2.055,2026-06-16,10000.0
LIM-07841,Los Olivos,-11.961361487242883,-77.0457549805485,72.4,2,1,3,False,False,True,22,2.215,2026-06-04,1750.0
LIM-07842,Surco (Santiago de Surco),-12.125040764207313,-77.00253835589469,56.0,2,1,4,False,False,True,8,1.335,2026-06-01,2250.0
LIM-07843,San Isidro,-12.100105257968913,-77.05092531729711,88.8,2,2,15,False,True,False,5,4.4,2026-02-26,6950.0
LIM-07844,Jesús María,-12.086692364058083,-77.04913005608266,104.4,3,2,3,True,False,False,29,3.985,2026-06-12,4950.0
LIM-07845,Miraflores,-12.131582971763951,-77.0338857183455,68.6,2,2,6,False,False,False,34,1.994,2026-05-08,4750.0
LIM-07846,Surco (Santiago de Surco),-12.15143096332667,-77.02458409571362,105.0,3,2,3,False,False,True,2,0.879,2026-06-18,6450.0
LIM-07847,San Borja,-12.097375263362183,-77.00642856971989,177.4,5,3,6,False,True,False,15,0.496,2026-07-06,9950.0
LIM-07848,Surco (Santiago de Surco),-12.139618982246951,-76.99087697815435,101.5,3,3,4,False,False,False,22,2.711,2026-08-04,3850.0
LIM-07849,Barranco,-12.137969993524894,-77.02209633294906,181.8,4,3,4,True,False,True,4,0.827,2026-05-29,16750.0
LIM-07850,Pueblo Libre,-12.07196902717231,-77.07241753694034,112.4,4,3,6,False,True,False,10,4.499,2026-05-22,6050.0
LIM-07851,San Borja,-12.111813820269246,-76.99809209376532,91.5,3,2,6,False,False,True,16,1.38,2026-07-31,5900.0
LIM-07852,Chorrillos,-12.188735234019623,-77.01662313024909,90.0,2,2,7,False,False,False,3,1.198,2026-03-09,4200.0
LIM-07853,Jesús María,-12.069980407204449,-77.04041910739367,72.2,2,2,3,False,False,False,7,2.008,2026-03-26,3700.0
LIM-07854,Magdalena del Mar,-12.098123596197361,-77.08339800774634,84.5,3,2,5,False,False,False,10,7.224,2026-02-15,3800.0
LIM-07855,Barranco,-12.138573792864534,-77.0109137185138,83.8,4,2,4,True,False,False,17,0.645,2026-04-12,4850.0
LIM-07856,Surquillo,-12.123284928110506,-77.03058771569111,57.1,3,3,4,True,False,False,4,1.737,2026-07-22,2400.0
LIM-07857,Miraflores,-12.113706706718036,-77.03544052303039,48.2,1,1,14,False,True,True,10,2.394,2026-04-14,2800.0
LIM-07858,Barranco,-12.12970981900533,-77.0010120815808,106.8,3,2,12,False,True,True,11,1.564,2026-07-10,
LIM-07859,Chorrillos,-12.171429329024082,-77.03038653321117,112.0,4,3,5,True,True,False,10,1.58,2026-07-26,4800.0
LIM-07860,San Miguel,-12.067976502567099,-77.10070520775156,49.6,1,1,16,True,True,False,45,7.225,2026-05-26,2050.0
LIM-07861,Jesús María,-12.06673731704587,-77.06403733272714,84.5,3,2,3,True,False,False,7,3.421,2026-04-04,4100.0
LIM-07862,San Isidro,-12.074422902185791,-77.04662719659974,118.1,3,2,16,False,True,True,12,2.699,2026-07-17,9700.0
LIM-07863,Miraflores,-12.116641274939674,-77.02773964210365,100.8,4,3,6,False,False,True,23,1.52,2026-04-25,7950.0
LIM-07864,san borja,-12.099900493779174,-76.99012149248588,72.1,3,2,8,False,True,False,18,2.101,2026-04-21,3900.0
LIM-07865,San Miguel,-12.077835312342192,-77.09302365760222,106.8,3,2,8,True,False,False,10,6.795,2026-03-28,5150.0
LIM-07866,Magdalena del Mar,-12.104792662428192,-77.07959627819065,78.4,3,3,4,False,False,False,15,7.296,2026-04-07,4400.0
LIM-07867,San Isidro,-12.111698108228175,-77.05161328663344,96.3,3,2,8,False,False,False,14,4.165,2026-05-02,6750.0
LIM-07868,Miraflores,-12.10589691121236,-77.03812556546218,55.9,1,1,15,False,True,True,20,2.952,2026-04-07,5050.0
LIM-07869,Jesús María,-12.085700312456112,-77.06755242958465,25.0,1,1,7,False,True,False,4,5.033,2026-04-23,1400.0
LIM-07870,Pueblo Libre,-12.0646496260026,-77.0542612845014,58.5,2,2,3,False,False,False,16,2.39,2026-02-24,2200.0
LIM-07871,San Isidro,-12.092207800435396,-77.02702712161623,100.9,2,1,9,True,False,False,5,1.82,2026-08-09,8850.0
LIM-07872,San Isidro,-12.086186575861252,-77.03718537119198,79.6,2,2,8,False,True,False,26,2.725,2026-07-13,5500.0
LIM-07873,Barranco,-12.155576544270998,-77.01610258819339,86.2,2,1,4,True,False,False,6,0.489,2026-03-03,5850.0
LIM-07874,San Isidro,-12.1066887589738,-77.02618520911983,121.1,3,2,5,False,True,False,8,1.727,2026-03-22,8800.0
LIM-07875,San Borja,-12.103759537942803,-76.9973854933478,81.0,2,1,9,False,True,False,5,1.581,2026-06-17,4200.0
LIM-07876,Miraflores,-12.12460810007849,-77.0126766717921,65.4,2,1,6,True,False,True,4,0.261,2026-04-21,6350.0
LIM-07877,Lince,-12.099872340039276,-77.0455855123549,33.8,1,1,18,False,True,False,12,3.82,2026-06-27,1250.0
LIM-07878,San Miguel,-12.054137693491917,-77.0969840427366,47.5,2,1,7,True,True,False,5,6.613,2026-03-29,1850.0
LIM-07879,Ate,-12.05589689799155,-76.92161290601656,59.9,1,1,7,False,False,False,9,9.877,2026-05-19,1650.0
LIM-07880,Callao,-12.06852359254382,-77.11033314287164,101.6,2,2,1,False,False,False,18,8.258,2026-06-22,2850.0
LIM-07881,Surco (Santiago de Surco),-12.137905629218153,-77.01220969595192,85.7,2,1,8,True,True,True,13,0.585,2026-03-21,5600.0
LIM-07882,San Isidro,-12.082165697170106,-77.01932430471462,71.6,3,2,11,False,True,False,5,0.783,2026-07-08,6000.0
LIM-07883,Surco (Santiago de Surco),-12.161000820517483,-76.98825870743407,77.2,2,2,9,False,False,False,13,3.126,2026-04-04,4600.0
LIM-07884,Pueblo Libre,-12.059561396625096,-77.04209646632859,58.5,1,1,2,False,False,True,6,1.022,2026-04-18,2300.0
LIM-07885,San Isidro,-12.108137682017476,-77.03718685456062,114.2,4,3,20,True,True,True,2,2.756,2026-04-05,12300.0
LIM-07886,Surco (Santiago de Surco),-12.131825697118702,-77.00160383158781,97.9,2,1,7,False,True,False,6,1.55,2026-06-21,4100.0
LIM-07887,Surco (Santiago de Surco),-12.143112083540686,-76.98711472692287,130.5,3,3,7,False,True,True,3,3.11,2026-04-14,7600.0
LIM-07888,Barranco,-12.125496997751975,-77.00903321906503,34.7,1,1,9,False,True,True,4,0.627,2026-03-08,2450.0
LIM-07889,Pueblo Libre,-12.072104558960293,-77.07167305008566,88.9,3,4,4,False,False,False,17,4.436,2026-06-06,4150.0
LIM-07890,Lince,-12.093597098604095,-77.057271158091,58.2,1,1,14,False,True,False,10,5.059,2026-02-12,2300.0
LIM-07891,San Borja,-12.111913095862052,-77.02051518470273,82.2,2,2,3,False,False,False,14,0.973,2026-07-17,4450.0
LIM-07892,San Martín de Porres,-11.99782435510118,-77.07746338088984,138.8,4,3,3,False,False,False,6,1.987,2026-03-11,3600.0
LIM-07893,Miraflores,-12.118967880706855,-77.01091772734553,66.2,2,1,8,False,True,False,13,0.344,2026-02-21,4850.0
LIM-07894,Miraflores,-12.115834850197745,-77.04501006399269,87.8,2,2,6,False,False,True,4,3.399,2026-04-01,7400.0
LIM-07895,La Molina,-12.086816855292188,-76.94846839611871,79.4,1,1,6,False,False,False,10,6.249,2026-05-09,3800.0
LIM-07896,Lince,-12.101625948999304,-77.03748139462678,68.8,2,2,5,True,False,False,7,2.983,2026-03-01,3600.0
LIM-07897,Jesús María,-12.07768321205082,-77.0259536151933,48.1,1,1,4,False,False,False,17,1.343,2026-05-08,2550.0
LIM-07898,San Isidro,-12.08992009950191,-77.00959565096295,83.5,2,1,10,False,False,True,32,0.415,2026-03-05,7950.0
LIM-07899,Callao,-12.064638593676548,-77.11300656774061,96.2,3,3,5,True,True,False,6,8.462,2026-02-16,4150.0
LIM-07900,Surco (Santiago de Surco),-12.12692662464362,-76.98422399559695,135.4,4,3,20,True,True,False,7,3.327,2026-03-28,7300.0
LIM-07901,Surco (Santiago de Surco),-12.134619382404505,-76.9845576120682,73.1,2,1,4,False,False,False,9,3.386,2026-05-31,3750.0
LIM-07902,Jesús María,-12.0762128818812,-77.06436385883563,67.5,1,1,8,False,False,False,5,4.048,2026-05-02,3100.0
LIM-07903,Callao,-12.042270273289525,-77.10971772381477,69.2,2,1,5,False,True,False,8,7.414,2026-02-15,2450.0
LIM-07904,Lince,-12.105957577332612,-77.0455352776556,62.7,2,2,10,False,True,True,13,3.689,2026-02-25,3450.0
LIM-07905,Callao,-12.064703850779175,-77.12015842994772,62.4,2,1,6,False,False,False,36,9.232,2026-06-13,1500.0
LIM-07906,Miraflores,-12.106310855483855,-77.015723155459,37.6,2,1,4,False,False,True,9,0.673,2026-06-23,3150.0
LIM-07907,Jesús María,-12.051639410042158,-77.04802880009032,57.3,3,2,6,True,False,False,3,1.289,2026-04-13,2950.0
LIM-07908,Surquillo,-12.087268090183938,-77.00427004270728,64.0,2,2,3,False,False,False,4,0.262,2026-05-13,3800.0
LIM-07909,San Borja,-12.107695733635941,-76.98300883869614,85.8,2,1,5,False,False,False,8,3.008,2026-02-25,4000.0
LIM-07910,Surco (Santiago de Surco),-12.129505231444613,-77.01608320434396,113.4,4,3,3,False,True,True,13,0.446,2026-06-26,7100.0
LIM-07911,Comas,-11.933190866073172,-77.08813237075456,124.4,3,2,3,False,False,True,9,5.124,2026-07-23,3600.0
LIM-07912,Miraflores,-12.105799096734101,-77.01545489054202,65.0,1,1,11,False,False,False,24,0.683,2026-05-30,3850.0
LIM-07913,La Molina,-12.083042896783903,-76.9307711115604,66.2,1,1,14,False,True,False,12,8.196,2026-05-14,3250.0
LIM-07914,Los Olivos,-11.957786212918647,-77.06842086460436,100.1,2,2,5,False,True,False,17,1.701,2026-03-27,3350.0
LIM-07915,Los Olivos,-11.963382714394665,-77.06679340779675,87.7,2,2,3,False,False,False,15,1.058,2026-02-28,2450.0
LIM-07916,Ate,-12.0401333126971,-76.905283427623,84.7,2,1,4,False,True,True,26,11.093,2026-05-25,1800.0
LIM-07917,Los Olivos,-11.979920430842801,-77.06100709306378,130.0,3,2,6,False,True,False,12,0.894,2026-05-20,5200.0
LIM-07918,San Isidro,-12.101150564632515,-77.0403502077911,98.2,2,1,17,True,False,False,7,3.278,2026-07-25,7950.0
LIM-07919,San Martín de Porres,-12.005173230376935,-77.06912979717593,93.6,2,1,2,False,False,False,33,1.376,2026-03-07,1900.0
LIM-07920,La Molina,-12.101066745442942,-76.94935767777704,115.9,3,2,3,True,False,False,6,6.292,2026-07-18,7850.0
LIM-07921,Lince,-12.104919262690531,-77.03037738679002,89.2,2,1,7,False,False,False,10,2.215,2026-04-13,3300.0
LIM-07922,La Molina,-12.091883529983106,-76.94279973053382,88.2,3,2,7,False,True,True,27,6.868,2026-07-09,3950.0
LIM-07923,Surquillo,-12.117866587917234,-77.02781326918348,49.0,1,1,4,False,False,False,21,1.524,2026-03-21,1650.0
LIM-07924,Jesús María,-12.072339555087666,-77.05791584743451,74.2,3,2,6,False,True,True,8,3.239,2026-06-12,4150.0
LIM-07925,Chorrillos,-12.168031145909918,-76.99129069347863,56.2,1,1,3,False,True,False,26,2.874,2026-05-28,1350.0
LIM-07926,Miraflores,-12.11884253307673,-77.04010262903329,73.9,3,2,4,False,True,True,13,2.855,2026-07-03,5550.0
LIM-07927,Miraflores,-12.124182934130367,-77.02496048880013,77.4,2,1,13,False,False,True,19,1.117,2026-05-02,5850.0
LIM-07928,Magdalena del Mar,-12.106481515789323,-77.0687424098824,76.3,2,1,9,False,False,False,8,6.102,2026-05-09,3250.0
LIM-07929,San Isidro,-12.086675170829986,-77.03735059549538,75.7,3,3,6,True,False,True,7,2.761,2026-06-14,6950.0
LIM-07930,Pueblo Libre,-12.074821866607474,-77.05504212077565,127.3,3,3,5,False,False,False,6,3.227,2026-06-22,4950.0
LIM-07931,Surco (Santiago de Surco),-12.140205477540082,-76.99105220080713,128.4,3,2,9,False,False,True,2,2.687,2026-04-12,7500.0
LIM-07932,San Borja,-12.110537451388959,-77.0090430185774,87.2,2,2,10,True,False,False,16,0.193,2026-05-28,6200.0
LIM-07933,San Isidro,-12.105992932168258,-77.03025819247033,87.6,2,2,7,False,False,True,21,2.177,2026-05-09,7050.0
LIM-07934,Miraflores,-12.127468087080933,-77.03593647707292,116.5,2,1,10,False,True,True,11,2.306,2026-05-03,7700.0
LIM-07935,Jesús María,-12.080349499759484,-77.0281119698,66.4,2,2,3,False,False,False,10,1.601,2026-04-26,2800.0
LIM-07936,Surco (Santiago de Surco),-12.138448049016006,-76.9898504966734,69.7,1,1,10,False,True,False,2,2.838,2026-02-24,4000.0
LIM-07937,Barranco,-12.141530940518184,-77.02980184231302,75.3,2,1,7,False,False,True,12,1.534,2026-07-22,5100.0
LIM-07938,Barranco,-12.144514655177513,-77.01729252535262,79.9,3,2,9,False,True,True,30,0.329,2026-05-05,4500.0
LIM-07939,Barranco,-12.13083915111263,-77.03249825326691,81.8,3,1,10,False,True,False,10,1.858,2026-04-30,
LIM-07940,Jesús María,-12.059059250894657,-77.04590665104008,104.3,3,3,6,False,False,False,8,1.289,2026-04-29,5750.0
LIM-07941,Miraflores,-12.097622938721186,-77.03210837347599,59.3,2,1,11,True,False,True,9,2.336,2026-07-13,5600.0
LIM-07942,Surco (Santiago de Surco),-12.12829009824395,-77.00492245402073,60.5,3,2,10,False,True,True,17,1.112,2026-05-07,3300.0
LIM-07943,Pueblo Libre,-12.067082737331518,-77.07317329673445,62.2,1,1,3,False,True,False,8,4.339,2026-08-01,2600.0
LIM-07944,San Borja,-12.114148989331646,-76.96938078890204,108.4,3,2,13,False,False,True,13,4.509,2026-03-26,6450.0
LIM-07945,Jesús María,-12.063687821230054,-77.04790329261958,59.6,2,1,5,False,True,False,22,1.787,2026-03-04,2700.0
LIM-07946,Barranco,-12.157273403160517,-77.02658086997555,37.7,1,1,10,True,True,False,11,1.167,2026-07-17,2800.0
LIM-07947,Callao,-12.074245466292579,-77.1253590231969,89.0,2,1,3,False,False,True,22,9.995,2026-05-25,1800.0
LIM-07948,La Molina,-12.068484119293027,-76.93954600676517,91.7,2,1,8,False,False,False,9,7.567,2026-02-27,5500.0
LIM-07949,Surco (Santiago de Surco),-12.149990179135592,-77.00266195241464,54.7,1,1,11,False,False,False,14,1.51,2026-06-08,2900.0
LIM-07950,San Martín de Porres,-11.993633778524854,-77.09373541560272,92.2,3,2,4,False,False,False,7,3.781,2026-07-23,2650.0
LIM-07951,Lince,-12.095663976474,-77.03368897276285,60.1,1,1,7,False,False,True,13,2.5,2026-03-21,2550.0
LIM-07952,Jesús María,-12.060079988526498,-77.04947962906982,136.8,3,2,12,True,True,False,24,1.678,2026-05-21,
LIM-07953,Los Olivos,-11.95374460017075,-77.07650441973871,90.5,3,1,3,False,False,False,19,2.521,2026-06-21,1800.0
LIM-07954,San Isidro,-12.090849866310922,-77.04739550735327,102.5,2,1,7,False,False,True,13,3.947,2026-04-08,9150.0
LIM-07955,Chorrillos,-12.159743623486285,-77.02279165920964,81.5,2,1,8,False,False,False,13,0.678,2026-04-23,2750.0
LIM-07956,Lince,-12.085011955090026,-77.03893564837178,56.2,2,1,5,False,False,False,21,2.866,2026-05-16,2350.0
LIM-07957,Surco (Santiago de Surco),-12.108189903830088,-77.0023003701088,81.3,2,1,6,False,False,False,12,0.918,2026-06-08,3300.0
LIM-07958,Barranco,-12.140446017198085,-77.01808199918113,98.9,3,2,14,True,False,False,17,0.311,2026-08-06,6350.0
LIM-07959,Miraflores,-12.131906618715485,-77.0026852642043,95.3,3,2,7,False,False,True,12,1.432,2026-08-04,7350.0
LIM-07960,Callao,-12.05576471949507,-77.10211881795595,52.8,2,1,5,True,True,False,20,7.178,2026-05-05,1450.0
LIM-07961,Miraflores,-12.12293002431458,-77.00609696636853,50.3,1,1,18,False,True,True,10,0.995,2026-04-05,4200.0
LIM-07962,Barranco,-12.152405088701252,-77.02821229570841,47.8,2,1,5,False,True,True,9,1.28,2026-05-09,4250.0
LIM-07963,Pueblo Libre,-12.093485670734792,-77.04300374115036,105.3,3,2,13,False,True,True,9,3.522,2026-07-02,4950.0
LIM-07964,Pueblo Libre,-12.068957625466679,-77.06037269020358,43.1,2,1,5,False,False,False,9,3.209,2026-05-12,1550.0
LIM-07965,Miraflores,-12.137729035747286,-77.01756363809936,96.5,2,1,8,False,False,True,11,0.472,2026-02-18,9500.0
LIM-07966,Surquillo,-12.145004887366268,-77.01200755250342,73.8,2,1,2,False,False,False,3,0.522,2026-07-28,2700.0
LIM-07967,San Borja,-12.11242816369348,-77.00271920659452,94.3,3,2,9,False,False,False,4,0.909,2026-02-23,6450.0
LIM-07968,Chorrillos,-12.183770723840707,-77.00946602857672,70.5,2,1,3,False,False,False,2,1.084,2026-05-29,2150.0
LIM-07969,San Isidro,-12.107538444151627,-77.03088083335658,124.3,4,3,12,False,True,False,2,2.174,2026-05-06,10150.0
LIM-07970,San Isidro,-12.134437151404388,-77.05791823799295,88.1,2,1,10,False,True,True,10,4.59,2026-08-08,9700.0
LIM-07971,Jesús María,-12.083810114511436,-77.05048949077336,50.4,1,1,7,False,True,False,1,3.823,2026-04-19,2750.0
LIM-07972,Miraflores,-12.123183702382073,-77.01893114976106,50.9,2,1,12,True,True,True,8,0.529,2026-07-08,5150.0
LIM-07973,San Borja,-12.115909847281152,-76.99527094064167,53.2,1,1,18,True,True,True,23,1.804,2026-04-20,3950.0
LIM-07974,San Isidro,-12.092551875884961,-77.03106634834802,124.8,4,2,10,False,False,False,6,2.244,2026-04-25,10500.0
LIM-07975,San Miguel,-12.060688072218294,-77.10181708592573,123.0,4,3,7,True,False,True,7,7.195,2026-03-03,6100.0
LIM-07976,Los Olivos,-11.962703590716938,-77.06842547272315,124.6,3,2,5,False,False,False,15,1.205,2026-06-25,3400.0
LIM-07977,Chorrillos,-12.162383268470776,-77.0192561113343,78.3,3,2,6,False,True,False,21,0.249,2026-03-24,3050.0
LIM-07978,Callao,-12.043290479724218,-77.12054143881524,53.9,2,1,2,True,False,False,12,8.392,2026-07-25,1400.0
LIM-07979,San Martín de Porres,-12.011126329204801,-77.08875107713641,64.2,1,1,2,False,False,False,14,3.553,2026-03-25,1450.0
LIM-07980,Magdalena del Mar,-12.090230623687765,-77.06472165174404,56.8,1,1,3,False,False,False,12,5.226,2026-05-09,3100.0
LIM-07981,La Molina,-12.074858111759614,-76.94105437700586,108.4,3,2,14,False,False,True,12,7.224,2026-08-07,6850.0
LIM-07982,Los Olivos,-11.974131525736581,-77.06856542670073,137.2,4,3,10,False,True,False,30,0.656,2026-06-24,3600.0
LIM-07983,San Martín de Porres,-12.008387519800364,-77.05599058405011,140.1,3,1,6,False,False,False,14,1.26,2026-08-10,4300.0
LIM-07984,Ate,-12.040035122489403,-76.91031440996579,78.7,2,1,7,False,False,False,10,10.596,2026-06-12,1700.0
LIM-07985,San Miguel,-12.095179546461454,-77.07839403974828,38.1,1,1,3,False,False,False,11,6.609,2026-08-07,1350.0
LIM-07986,Miraflores,-12.134156054996796,-77.02612480606926,51.6,1,1,12,False,True,False,45,1.134,2026-07-30,3300.0
LIM-07987,Callao,-12.064601076171,-77.12233796425613,124.3,3,3,3,False,False,True,23,9.465,2026-03-18,4000.0
LIM-07988,Callao,-12.05119382944243,-77.13080964785973,91.5,3,2,2,False,False,False,8,9.813,2026-05-15,2750.0
LIM-07989,Lince,-12.082473049741333,-77.03040331846402,60.7,1,1,10,False,True,True,2,1.897,2026-03-06,2700.0
LIM-07990,Chorrillos,-12.162311549445374,-77.05006187445548,71.6,2,1,7,False,True,False,26,3.594,2026-04-11,2400.0
LIM-07991,Jesús María,-12.084662440652362,-77.04573039508931,62.9,1,1,3,True,False,False,14,3.574,2026-03-09,2600.0
LIM-07992,Callao,-12.06830567565521,-77.11431521928407,57.8,2,1,9,False,True,False,45,8.676,2026-06-14,1400.0
LIM-07993,Miraflores,-12.114813056375004,-77.03201081095816,145.6,3,2,9,True,True,False,44,2.006,2026-07-06,8750.0
LIM-07994,Chorrillos,-12.184284002849283,-77.01920839633111,142.1,5,4,7,False,True,False,10,0.723,2026-05-20,6550.0
LIM-07995,San Isidro,-12.104442046985934,-77.0517140342167,65.3,3,2,8,False,True,True,6,4.378,2026-05-08,5500.0
LIM-07996,Surco (Santiago de Surco),-12.15728117807102,-76.97837275655915,54.2,1,1,8,True,True,False,10,4.199,2026-06-28,3200.0
LIM-07997,Miraflores,-12.117609847983037,-77.03344701147331,79.2,2,1,13,True,True,False,9,2.136,2026-07-03,6100.0
LIM-07998,Magdalena del Mar,-12.077004514338206,-77.08736511295683,74.4,3,2,4,True,False,False,11,6.2,2026-05-06,4200.0
LIM-07999,Barranco,-12.161751466995604,-77.0148640672172,85.6,3,3,17,False,True,False,27,0.234,2026-06-24,5700.0
LIM-08000,Callao,-12.044339556659358,-77.11677092670651,111.7,4,3,6,False,True,True,8,8.144,2026-06-17,3900.0
LIM-02215,San Martín de Porres,-12.001830839580455,-77.06465917205138,98.0,2,2,9,True,False,True,14,0.765,2026-07-17,3950.0
LIM-03715,Chorrillos,-12.174820310223842,-77.02140622898753,76.5,3,2,3,False,False,False,26,0.553,2026-06-30,3000.0
LIM-06705,Magdalena del Mar,-12.096243973712427,-77.04560900044568,128.3,4,3,10,True,False,True,35,3.796,2026-02-15,5950.0
LIM-06837,San Isidro,-12.111930588211587,-77.0401468927749,62.4,1,1,13,False,True,True,7,2.935,2026-06-26,6150.0
LIM-07361,Magdalena del Mar,-12.107516413100111,-77.08065118046152,69.3,3,2,12,True,True,False,9,7.356,2026-07-18,3150.0
LIM-07252,San Borja,-12.100171484448294,-76.98326504805507,92.7,1,1,3,False,False,False,5,2.757,2026-06-18,4500.0
LIM-05392,La Molina,-12.095953320027398,-76.93979069873134,90.1,3,2,2,False,False,False,3,7.229,2026-07-08,5400.0
LIM-05117,Jesús María,-12.085741623644944,-77.0698597441263,58.0,3,2,6,False,True,False,5,5.21,2026-05-22,2950.0
LIM-02219,Callao,-12.04161721063091,-77.15261488484988,67.2,1,2,5,True,False,False,21,11.282,2026-02-17,2350.0
LIM-03783,Callao,-12.039927858550339,-77.1102727345892,104.7,4,2,5,False,True,False,9,7.288,2026-05-24,2750.0
LIM-06692,San Isidro,-12.108776646782898,-77.03840152268504,112.2,3,2,8,True,True,True,11,2.853,2026-07-23,9300.0
LIM-03745,Miraflores,-12.103596597832436,-77.03445326464548,165.4,5,4,8,True,False,False,2,2.681,2026-02-28,9600.0
LIM-05947,san isidro,-12.080646693924216,-77.02418255459376,71.1,2,2,8,True,False,True,7,1.191,2026-03-20,9250.0
LIM-06045,San Borja,-12.121854277109183,-76.98703228097013,91.0,3,2,19,False,True,False,19,2.897,2026-07-26,4900.0
LIM-06289,Surco (Santiago de Surco),-12.129443304474929,-76.99042159642516,86.2,3,2,6,False,True,False,9,2.683,2026-03-07,4700.0
